Movie Name,Genre,Ratings,Voting Counts,Duration
100,Action,,,68.0
100 Days Love Story,Action,6.6,2200.0,119.0
2DIE4,Action,6.9,199.0,61.0
36 Ko Aakada,Action,,,
7 Dogs,Action,5.6,4900.0,125.0
A Day Without Mike Sea,Action,,,61.0
A Film by Cool Jake,Action,,,80.0
A Knife of the Weapon Gleams with Blood,Action,,,95.0
A Land Apart,Action,,,
A Malevolent World,Action,,,70.0
A Mike Forever,Action,,,65.0
A Mike Joshua Plays,Action,,,60.0
A Storm of Syndicates,Action,,,
A Woman of Steel,Action,,,
ATHOS Au coeur de la Patrouille de France,Action,7.3,45.0,86.0
Aadu 3,Action,6.2,2000.0,168.0
Above and Below,Action,4.7,368.0,96.0
Ace Female Bodyguard,Action,,,77.0
Achilles Returns,Action,5.2,1600.0,50.0
Addicted to Change,Action,5.2,52.0,86.0
Aftermath,Action,2.6,6.0,80.0
Against All Odds,Action,,,
Against all odds,Action,,,
Agito Chônôryoku Sensô,Action,6.4,33.0,97.0
Agni Jaya,Action,,,120.0
Agnibaan,Action,5.4,21.0,170.0
Ah Beng vs Liang Po Po,Action,6.0,83.0,125.0
Ain't One of Them,Action,,,
Alien Disclosure Day,Action,4.6,43.0,84.0
Alpha,Action,3.0,24000.0,141.0
Alpha: Men Love Vengeance,Action,7.5,384.0,144.0
Amityville Rex,Action,3.0,61.0,69.0
Anakapalli,Action,,,154.0
Ananthan Kaadu,Action,7.3,80.0,157.0
Anecdote of Mountains,Action,6.7,62.0,73.0
Angels of War,Action,5.1,125.0,110.0
Annihilator Unleashed,Action,3.9,2200.0,119.0
Anomie,Action,6.8,1500.0,135.0
Anschlag aus dem Schwitzerreich,Action,8.5,6.0,118.0
Apex,Action,6.1,107000.0,95.0
Arhat Rock of War,Action,,,98.0
Asad,Action,7.4,1100.0,120.0
Asesinos,Action,,,90.0
Athiradi,Action,6.8,3100.0,157.0
Atlas King,Action,3.8,183.0,90.0
Attack of the Kraken,Action,4.5,16.0,
Authentic Games: No Império Desconectado,Action,5.0,140.0,70.0
Avatar Aang: The Last Airbender,Action,7.8,24000.0,99.0
Awarapan 2,Action,6.6,12000.0,140.0
B.M.Ts Plan B 2,Action,,,67.0
Baaaz in State,Action,,,169.0
Baba,Action,,,
Baby Do Die Do,Action,6.4,953.0,125.0
Back in the Game,Action,,,81.0
Bad Boy Karthik,Action,3.3,1400.0,142.0
Bad Day at the Office,Action,6.2,16.0,106.0
Bad Market,Action,,,
Bad Shuffle,Action,,,
Bai Fa Mo Nv zhuan: Xue Feng Huang,Action,7.2,52.0,72.0
Balandrau: Where the Fierce Wind Blew,Action,6.6,567.0,119.0
Balaramana Dinagalu,Action,7.3,17.0,151.0
Balls Up,Action,4.7,15000.0,104.0
Baltimore Siege,Action,,,138.0
Batman: Knightfall - Part 1: Knightfall,Action,8.0,2500.0,78.0
Batwara 1947,Action,4.3,1800.0,160.0
Bear Country,Action,5.6,2700.0,111.0
Beast,Action,5.8,3900.0,114.0
Beast Race,Action,4.7,1200.0,124.0
Bhogi,Action,,,
Bhuchal-Bhandar,Action,,,
Bhutacha Doraemon 2,Action,,,
Bichos Raros 2,Action,,,50.0
Big Dog,Action,,,122.0
Bihu attack,Action,6.7,49.0,116.0
Biker,Action,6.3,1100.0,160.0
Black Holes Suck,Action,4.6,75.0,91.0
Blackout,Action,4.0,632.0,82.0
Blade Warrior of Blade Action,Action,6.7,58.0,91.0
Blades of the Guardians,Action,6.8,3900.0,126.0
Blast,Action,7.3,17000.0,142.0
Blessed or Cursed,Action,,,
Blind Tiez,Action,,,
Blood & Ice,Action,7.9,8.0,
Blood Mandate,Action,,,62.0
Blood Roses,Action,8.4,1200.0,149.0
Bloody Hu Long Tou,Action,,,84.0
Bloody Kevin,Action,9.1,635.0,109.0
Bloody Sands,Action,,,94.0
Bo Gia Tro Lai: Khong Khoan Nhuong,Action,,,95.0
Boatlift 9/11,Action,,,
Bodyman,Action,,,
Border 2,Action,5.8,21000.0,200.0
Borderline,Action,3.5,328.0,95.0
Boyz N the Woodz,Action,,,
Brave Skies,Action,,,90.0
Brave Without Boundaries,Action,,,102.0
Brawl,Action,5.6,198.0,98.0
Bride for the Quarterback,Action,8.2,320.0,
Bring the Law,Action,3.9,245.0,95.0
Brookhaven RP: Battle Beyond,Action,,,
Brookhaven RP: New Heroes,Action,,,
Brothers Under Fire,Action,4.8,1800.0,101.0
Bullah,Action,7.0,96.0,150.0
Bullet Proof Soul AI Movie,Action,,,90.0
Burû Rokku,Action,7.7,75.0,128.0
Busted Water Pipes,Action,5.3,193.0,103.0
Cage Rage,Action,,,
Caja Rapida,Action,8.7,60.0,
Caleb 'The Grizzly Bear' Rogers Documentary,Action,,,
Carnival Tales,Action,4.1,13.0,99.0
Chandrappann,Action,,,146.0
Charlie Med,Action,,,
Chase,Action,,,92.0
Chatha Pacha,Action,6.3,4900.0,134.0
Chelot,Action,5.9,9.0,125.0
Chien Nam: Ve Sau Thoat Xac,Action,,,90.0
Chill Macha,Action,,,103.0
Cinematic Carnage: The Movie,Action,,,486.0
Citizen Vigilante,Action,5.8,37000.0,89.0
Clash of the Thundermans,Action,8.9,55.0,
Class reunion,Action,8.4,13.0,
ClayFighter,Action,,,98.0
Cleopatra Queen of Egypt,Action,,,90.0
Cold Feet,Action,,,
Cold War 1994,Action,6.4,701.0,117.0
Colony,Action,6.5,12000.0,122.0
Confined,Action,,,
Conspiracy,Action,5.1,20.0,123.0
Continental: The Man from Nowhere,Action,,,
Crime Detectives: The Feature Film,Action,,,
Crossing,Action,4.5,83.0,122.0
Crypto,Action,,,90.0
Crystal City: The Last Cut,Action,,,45.0
Crystal Prison,Action,,,60.0
D*cks,Action,3.0,47.0,
D.I.S.C.O.,Action,6.5,4400.0,102.0
DC,Action,8.3,5000.0,141.0
DMX Grandad: The Reckoning,Action,8.9,12.0,246.0
Dabesh,Action,8.1,10.0,
Dacoit: A Love Story,Action,7.4,10000.0,149.0
Daiva,Action,9.4,15.0,
Dan the Man,Action,,,52.0
Dance of the Damned,Action,7.0,96.0,101.0
Dandelions,Action,,,
Dark Highway,Action,7.4,10.0,91.0
Davi Fortão - O herói,Action,,,
Day Off 2,Action,4.3,10.0,82.0
Days of future: Minecraft,Action,,,92.0
Deadly Killer,Action,2.4,335.0,148.0
Deadman's Land,Action,8.6,15.0,90.0
Death Border,Action,,,80.0
Death Merchant: City of Insurrection,Action,7.2,8.0,102.0
Deep Water,Action,5.4,11000.0,106.0
Delhi Gate,Action,6.4,6.0,137.0
Demon Dancer: Sua/Nara,Action,6.3,100.0,82.0
Depths of Fear,Action,8.6,85.0,75.0
Derby,Action,3.5,1500.0,135.0
Destiny's Race,Action,,,85.0
Detective Chen 2,Action,5.7,36.0,90.0
Detective Conan: Fallen Angel of the Highway,Action,6.2,454.0,109.0
Detective Dee: Buddha's Wrath,Action,,,71.0
Detective Teekshana,Action,9.2,505.0,121.0
Devagudi,Action,1.8,2100.0,152.0
Dhamaal 4,Action,8.1,36000.0,143.0
Dhurandhar No1,Action,4.8,11.0,
Dhurandhar: The Revenge,Action,8.2,71000.0,235.0
Di Renjie: Bloodstained Coffin,Action,,,83.0
Dial 1975,Action,5.2,67.0,
Diamond Dacoit,Action,8.9,1500.0,
Diamond Made Man,Action,6.5,38.0,152.0
Dire Duplicity,Action,7.0,37.0,93.0
Disclosure Day,Action,6.4,146000.0,145.0
Disgusting Man,Action,7.0,11.0,96.0
Don't Forget Me,Action,4.7,512.0,70.0
Double Kill,Action,8.4,304.0,85.0
Downbeat,Action,8.5,20.0,91.0
Drug Dealer,Action,,,33.0
Drug Hunt Mission,Action,,,97.0
Drutharastrudu,Action,,,109.0
Echo Point,Action,,,62.0
Eiga Chô Uchû Keiji Gyaban Infiniti Taiyô ga Naita Hi,Action,,,30.0
Eiga Kamen Raidâ Zettsu Sayonara no Misshon,Action,9.4,5.0,
El Centinela Oscuro,Action,,,61.0
El Cobro de Piso El Comandante Asesino,Action,,,64.0
El Dia De Los Muertos Angeles Caidos,Action,,,80.0
El Indio y El Hacendado,Action,,,74.0
El Negro Valencia,Action,,,61.0
El Perron De Jalisco El Narco de Narcos,Action,,,69.0
El Ultimo Encargo de Julián Rojas,Action,,,
El interrogante,Action,,,91.0
Eliminate Criminals,Action,,,90.0
En nasjon i sjakk,Action,,,
Enola Holmes 3,Action,5.7,30000.0,105.0
Escalofrío,Action,,,106.0
Evel,Action,4.9,19.0,
FURY: Revenge Isn't a Choice It's a Legacy,Action,,,
Faad,Action,,,
Facing El Chapo,Action,6.7,3600.0,91.0
Father: The Judgement Is inconclusive,Action,8.2,173.0,116.0
Felai FX - Trader Gelap: Apa Mau Takut,Action,,,88.0
"Ferria 2, Una paz poco duradera",Action,,,160.0
Fight Against Evil 3,Action,6.8,294.0,100.0
Fire Tornado,Action,7.1,32.0,83.0
Fist of Fury: The Winds of Jingwu,Action,,,80.0
Fist to Fist,Action,5.7,64.0,90.0
Forgotten Island,Action,6.8,166.0,109.0
Friday & Friday,Action,6.9,20.0,120.0
Friendly Viacom and Friends: The Movie,Action,,,86.0
Frostbite,Action,,,82.0
Furious Attack,Action,6.2,71.0,77.0
Fury in the Shadows,Action,6.0,64.0,85.0
G.O.A.T,Action,5.5,18.0,152.0
G.O.D.Tech,Action,,,105.0
GOAT,Action,6.6,30000.0,100.0
Gangster's Daughter 5,Action,,,70.0
Gayong 2,Action,7.0,81.0,82.0
Geostorm,Action,8.2,8.0,88.0
Get Set Go,Action,8.1,315.0,148.0
Ghermeze Yavash,Action,1.8,37.0,91.0
Ghost in Plain sight,Action,,,
Ghost in the Cell,Action,6.9,2100.0,106.0
Gintama: Yoshiwara in Flames,Action,8.7,378.0,124.0
Girl Judge,Action,,,90.0
Give Me Back My Bicycle!,Action,,,82.0
Glass Dragon,Action,,,
Gli imprevisti 2,Action,,,
God Skin,Action,7.2,19.0,
Golden Blood,Action,,,
Golden Kamuy: The Abashiri Prison Raid,Action,6.2,411.0,122.0
Gong fu nv zu,Action,5.7,815.0,106.0
Graamaayana,Action,7.4,45.0,126.0
Green Man 5,Action,,,
Greenland 2: Migration,Action,5.2,47000.0,98.0
Grey Wolf,Action,,,59.0
Grief 97% 75%+ X27 Stream 364,Action,7.8,10.0,
Gringa Bitch,Action,,,71.0
Guantanamera,Action,4.1,68.0,112.0
Guardian,Action,3.6,26.0,
Hands,Action,4.4,538.0,89.0
Hanging by a Wire,Action,7.4,56.0,98.0
Happy Patel: Khatarnak Jasoos,Action,4.6,2600.0,119.0
Hard Piecez,Action,,,
Hard Redemption,Action,7.2,12.0,89.0
Harrd Disk,Action,5.4,6.0,85.0
Harry Potter and the Sorcerer's Stone in Shared Reality,Action,,,
Harudu,Action,8.4,1300.0,130.0
He Bled Neon,Action,5.9,23.0,85.0
Heavens'Bell,Action,,,106.0
Hell Grind,Action,4.0,73.0,95.0
Hellfire,Action,4.7,2100.0,95.0
Her Sey Yolunda,Action,4.0,99.0,96.0
Hero in the Hidden City,Action,,,92.0
High Voltage Rakshak,Action,,,109.0
Him or me,Action,,,
History: The Life of David Trujillo,Action,,,
Ho Linh Trang Si: Bi an Mo Vua Dinh,Action,5.3,7.0,155.0
Hood Romantic,Action,,,80.0
Hoop Realities 2.0,Action,,,110.0
Hope,Action,6.9,1200.0,160.0
Hora y veinte,Action,,,80.0
Hot Spot,Action,4.7,234.0,101.0
Hot Water,Action,7.2,72.0,97.0
Human Cocaine,Action,5.7,30.0,107.0
Humint,Action,6.4,4000.0,119.0
Hunt A Film by Sova Black,Action,,,61.0
Hunting Party,Action,6.8,73.0,92.0
Husbands in Action,Action,6.2,2300.0,107.0
Hyped UP Bunnies,Action,,,61.0
I Swallowed My Ex's Mafia Daddy Whole,Action,4.9,10.0,86.0
I Want More,Action,5.3,101.0,114.0
I'm Not Gangster,Action,5.7,41.0,96.0
"I, Nobody",Action,6.0,700.0,168.0
Ice Twister,Action,5.7,29.0,79.0
Ice-Pocalypse,Action,2.5,196.0,85.0
Ichata Love Ammabadunu Konabadunu,Action,8.8,1000.0,149.0
Ikkis,Action,6.1,27000.0,144.0
Immortal Combat,Action,2.2,403.0,88.0
In the Grey,Action,6.3,38000.0,98.0
In the Name of the Father,Action,,,85.0
Indo: The First Piece,Action,7.5,9.0,169.0
Infernal,Action,,,134.0
Infiltrate,Action,3.9,398.0,93.0
Ip Man: Kung Fu Legend,Action,4.8,1400.0,94.0
Irumudi,Action,7.5,1400.0,160.0
JC the University,Action,6.7,34.0,162.0
JONDI Le Film (Part One),Action,,,119.0
Jaanleva Ishq,Action,,,120.0
Jackie the Stripper,Action,5.6,43.0,
Jagannath,Action,,,140.0
Jailbroken,Action,7.9,33.0,87.0
Jake Muller Adventures: Engineered,Action,,,117.0
Jana Nayagan,Action,5.3,5800.0,183.0
Jangan Seperti Bapak,Action,7.2,13.0,100.0
Jeevan Hai Daldal,Action,,,120.0
Jetlee,Action,5.4,495.0,135.0
Jockey,Action,7.8,15000.0,147.0
Jolly,Action,9.4,105.0,119.0
Joshua Day Long,Action,,,62.0
Joshua Forever Time,Action,,,62.0
Joshua Hell Well,Action,,,62.0
Joshua Mike Forever,Action,,,62.0
Joshua Mike Well,Action,,,60.0
Joshua Ride School Bus PT1,Action,,,
Joshua to Arizona,Action,,,
Juan el Ajeno,Action,,,
Judge Michael: Rise of the Law,Action,8.1,119.0,65.0
Jurassic Rampage,Action,,,
Jurassic Shark 4: Metal Machine Mako,Action,7.3,18.0,71.0
Juvenile Inspector,Action,,,
KD: The Devil,Action,6.1,4000.0,140.0
KILLHOUSE,Action,6.4,1100.0,120.0
KJQ,Action,9.2,1000.0,155.0
Kaiju Tengoku,Action,,,
Kamen Rider Super King's Knight Legend Movie Third,Action,,,
Kara,Action,6.8,6100.0,159.0
Karadu the Truth Is Unmasking,Action,,,
Karanlik Sokaklar,Action,7.4,9.0,
Karate Curtis 3: The New Millennium,Action,,,
Karathey Babu,Action,,,
Karavali,Action,7.9,309.0,126.0
Kartavya,Action,5.4,4000.0,108.0
Karuppu,Action,6.1,11000.0,150.0
Kattalan,Action,7.0,2600.0,120.0
Kemet: Year One,Action,6.2,11.0,100.0
Kendada Seragu,Action,7.1,133.0,118.0
Khakee(Khaki),Action,9.1,419.0,177.0
Khali Balak Min Nafsak,Action,5.7,143.0,105.0
Khalifa,Action,6.8,7800.0,159.0
Khan Tumhara,Action,,,135.0
Khancha,Action,8.4,173.0,116.0
Kill Code,Action,4.0,3500.0,87.0
Kill Will,Action,3.9,102.0,93.0
Killeidoscope,Action,,,126.0
Killer Curve,Action,6.3,36.0,
Killer Whale,Action,3.7,5700.0,89.0
King Kosoko: The Battle for Lagos,Action,,,131.0
King of Dope,Action,4.9,267.0,117.0
Kingdom 5,Action,7.6,70.0,
Korat Fight: The Dream,Action,,,
Korpur,Action,6.0,2200.0,145.0
Kraken,Action,5.0,5900.0,100.0
Kraken:The Black Book of Hours,Action,5.8,185.0,111.0
Krasnyy prizrak 1812,Action,,,99.0
Kumbh,Action,,,
Kung Fu,Action,5.7,188.0,127.0
La Cabrona,Action,,,56.0
La Lengua Suelta,Action,,,44.0
Lady Champagne,Action,7.5,25.0,99.0
Land of Wolves,Action,3.4,197.0,
Landlord,Action,4.4,6000.0,156.0
Last Call,Action,7.3,711.0,
Last Hit,Action,6.0,1100.0,79.0
Last Night in Sorrento,Action,,,
Last Save Point,Action,3.6,61.0,81.0
Lazarus: The Awakening,Action,3.7,218.0,87.0
Leader,Action,7.6,7200.0,136.0
Legend of the White Dragon,Action,,,97.0
Legends of the Realm - Dawn of Ash and Ruin,Action,,,
Lenin,Action,6.2,1600.0,159.0
Les Contes De Floresia,Action,,,
Let Them Come,Action,8.9,73.0,
LilDogg Adventures,Action,,,60.0
Lo Que Puede Ser Mañana: La Invasión,Action,,,82.0
Lobo-Versus,Action,,,
Lone Star Bull,Action,5.4,20.0,90.0
Look Behind,Action,8.1,19.0,107.0
Love Love: Fractures,Action,8.7,8.0,
Love Sick Rebourne,Action,,,65.0
Lucky Hunter,Action,,,47.0
Lucky Strike,Action,5.3,2100.0,103.0
Luntik. Obratinaya Storona Luni,Action,,,80.0
Luv Di Saun,Action,2.3,44.0,144.0
Maa Inti Bangaram,Action,7.4,7300.0,154.0
Maddane,Action,8.1,1000.0,142.0
Made Man,Action,,,54.0
Magudam,Action,5.3,647.0,183.0
Malaikat Malam,Action,4.8,157.0,111.0
Malik,Action,5.7,56.0,129.0
Malysh-karatist,Action,3.6,63.0,101.0
Man of War,Action,5.2,1300.0,111.0
Mana ShankaraVaraprasad Garu,Action,5.7,3100.0,156.0
Mango Pachcha,Action,8.5,39.0,95.0
Manithan Deivamagalam,Action,5.2,399.0,125.0
Marcus James: The Movie 2,Action,7.9,20.0,
Mardaani 3,Action,6.0,11000.0,129.0
Margarita La De Tijuana,Action,,,99.0
Mark my Words,Action,,,
Married Alive,Action,,,87.0
Master of the Universe,Action,2.8,1500.0,81.0
Masters of the Universe,Action,6.4,114000.0,140.0
Matuna Mutton Sikina Chiken,Action,5.9,11.0,
Mavuta,Action,,,139.0
Mañana me caso,Action,,,
Me Robo Al Patron Y El Negocio Tambien,Action,9.1,19.0,86.0
Mega Tsunami: The California Collapse,Action,,,61.0
Mercy,Action,6.2,80000.0,99.0
Mexicali,Action,5.5,584.0,99.0
Micidiale,Action,,,71.0
Mikael: Pemburu Dua Alam,Action,5.2,132.0,120.0
Mike & Nick & Nick & Alice,Action,6.2,26000.0,107.0
Mischief Upon Mischief,Action,6.5,22.0,123.0
Mission C1000,Action,9.3,5800.0,128.0
Mitha zehar,Action,,,118.0
Moana,Action,5.8,14000.0,115.0
Mobile Suit Gundam Hathaway: The Sorcery of Nymph Circe,Action,7.0,427.0,108.0
Moh-Maya the Debt of Love,Action,,,104.0
Monkey King - Rebirth,Action,7.7,20.0,93.0
Mortal Kombat II,Action,6.3,86000.0,116.0
Mr. X,Action,6.0,1400.0,146.0
Mruthyudevate,Action,,,150.0
Mulan: Light a Fire,Action,4.3,45.0,88.0
Multiverso,Action,,,
Mutiny,Action,5.7,11000.0,95.0
My Dearest Assassin,Action,5.7,1500.0,127.0
Más Vale Tarde,Action,,,106.0
Nabchi 48-sigan,Action,,,90.0
Nagabandham - The Secret Treasure,Action,6.7,5700.0,185.0
Nangong Cheng,Action,7.2,10.0,197.0
Need for Speed: Day of Final Reckoning,Action,,,93.0
Nemuri Kyoshiro,Action,7.1,8.0,90.0
Neon Dream,Action,,,71.0
Never Stop Chasing,Action,7.7,60.0,102.0
New Worlds: Machine Uprising,Action,6.4,11.0,83.0
Nibba Nibbi,Action,8.1,1100.0,121.0
Nick Eh 30: The Movie 3,Action,,,169.0
Night Haul: Nocturnal Nemesis - Part 2,Action,,,82.0
Nilakanta,Action,2.5,3800.0,154.0
Ninja Wars: Blackfox Vs Shogun's Ninja,Action,8.1,13.0,
No Man's City,Action,,,95.0
No Such Thing As Loyalty 5,Action,,,
No way to Escape,Action,,,70.0
No.1 Sentai Gozyuger vs. Boonboomger,Action,7.7,23.0,64.0
O Block: The Movie (full movie),Action,7.4,138.0,83.0
O Inserido,Action,,,61.0
O Shaolin do Sertão 2,Action,7.0,10.0,
O' Romeo,Action,5.2,24000.0,178.0
OIC Gadafi,Action,4.5,26.0,120.0
Obsess,Action,6.8,654.0,138.0
"Oeil pour oeil, dent pour dent",Action,,,90.0
Officer,Action,,,
Oiii Police,Action,,,
Okay! Madam 2,Action,5.4,14.0,108.0
On Drive,Action,6.5,202.0,115.0
On the Hunt,Action,2.9,221.0,90.0
One Mile: Chapter One,Action,5.7,3800.0,89.0
One Mile: Chapter Two,Action,5.0,2600.0,83.0
Onsen Shark 2: Kyushu Daikessen,Action,,,88.0
Onyx: Nexus,Action,,,75.0
Operation Black-Ops,Action,,,108.0
Operation Demon Hunt,Action,,,99.0
Operation Padma,Action,8.3,1200.0,148.0
Operation Sindoor First Strike,Action,,,
Operation Taco Gary's,Action,5.4,887.0,88.0
Oracle of the Dragon,Action,,,87.0
Oscar Shaw,Action,4.6,756.0,93.0
Our Father,Action,8.7,7.0,100.0
Over Your Dead Body,Action,6.3,32000.0,105.0
Owl Hunt Storm,Action,4.0,17.0,87.0
PAW Patrol: The Dino Movie,Action,6.2,1700.0,88.0
Pada'ng Kulas,Action,,,90.0
Pahalgam Love Story,Action,7.8,530.0,
Pallichattambi,Action,5.9,4700.0,150.0
Panda Plan 2: The Magical Tribe,Action,4.4,609.0,100.0
Paradise,Action,6.5,13.0,
Paradox - India's First Time-Inversion Film,Action,,,66.0
Parasakthi,Action,6.5,8400.0,161.0
Pariwartan,Action,,,
Pasakalye,Action,4.3,12.0,93.0
Patriot,Action,6.2,2600.0,180.0
Pay to Die,Action,,,
Peddi,Action,5.2,9000.0,182.0
Peer Pressure,Action,,,
Penghu Hai Zhan,Action,,,
Per Aspera Ad Astra,Action,6.4,1300.0,111.0
Pergunte ao Huggy Wuggy 2,Action,,,
Phoenix Jones: The Rise and Fall of a Real Life Superhero,Action,7.8,14.0,105.0
Phuket Dangerous 2026,Action,7.5,6.0,105.0
Pinik,Action,6.9,8.0,141.0
Police Complaint,Action,6.2,1100.0,156.0
Policë për jetë,Action,7.2,25.0,85.0
Pommalaattam,Action,,,140.0
Poyla Baishakh,Action,,,159.0
Prank Night,Action,4.7,140.0,95.0
Pretty Lethal,Action,5.8,16000.0,88.0
Prey,Action,,,
Prey of Wrath,Action,4.4,58.0,79.0
Price of the Game,Action,8.5,13.0,67.0
Prince: Once Upon a Time in Dhaka,Action,3.4,662.0,149.0
Proteccion Letal,Action,,,
Psycho Daddy,Action,9.0,14.0,77.0
Puella Magi Madoka Magica the Movie -Walpurgisnacht Rising-,Action,,,120.0
Putin Strikes Back 2,Action,,,67.0
Queens of Dope City,Action,,,72.0
Radhe Kahani,Action,,,
Rage of Stars,Action,4.1,518.0,98.0
Ragu Ram,Action,,,109.0
Raja Shivaji,Action,6.7,24000.0,195.0
Rakkhosh,Action,4.6,664.0,142.0
Rakky,Action,9.3,413.0,122.0
Raktha Kashmira,Action,5.6,21.0,165.0
Ram,Action,,,
Ram Naam Satya,Action,8.9,9.0,155.0
Ransom the Twist of Deception,Action,,,46.0
Rayudu Gari Thaluka,Action,8.5,1600.0,151.0
Razor,Action,4.3,151.0,130.0
Reckless,Action,5.2,1300.0,91.0
Red Bird,Action,5.2,8.0,100.0
Red Cloud: New Day,Action,,,81.0
Red Days 2: Cecilia,Action,6.4,14.0,110.0
Red White and Black,Action,,,121.0
Redline Fury,Action,9.0,810.0,80.0
Reel Too Real,Action,,,97.0
Remanence,Action,,,
Resurrection: A Biohazard Story,Action,7.5,98.0,74.0
Retrospection,Action,,,84.0
Revenge,Action,5.5,2100.0,103.0
RiffTrax: Beyond the Ring,Action,,,68.0
Rio de Sangue,Action,6.1,254.0,106.0
Rise of the Conqueror,Action,5.8,1900.0,119.0
Rise of the Footsoldier: Retribution,Action,5.5,153.0,112.0
Roblox Britannic Movie,Action,,,62.0
Roblox Joshua Movie Part 1,Action,,,59.0
Roblox Lava Movie,Action,,,61.0
Roblox Sinking Ship Movie,Action,,,63.0
Roblox Thrill Island Theme Park Movie,Action,,,59.0
Rodeo Dreams,Action,,,90.0
Rogue,Action,8.7,33.0,86.0
Rogue Trooper,Action,8.2,53.0,125.0
Romin,Action,,,96.0
Ron,Action,,,130.0
Rubicon Crossed,Action,,,50.0
Run,Action,,,95.0
Révolutionnaire,Action,,,115.0
Sacrum Vindictae III,Action,,,
Sakamoto Days,Action,7.5,61.0,128.0
Salam Sainika,Action,,,120.0
Sandigdham,Action,8.5,1100.0,97.0
Saptadingar Guptodhon,Action,6.3,333.0,135.0
Saqr W Kanaria,Action,6.3,311.0,125.0
Savage,Action,,,
Sayap Garuda,Action,,,
Secret of the Forest,Action,4.9,16.0,
Sender,Action,,,70.0
Serious Crime Innocence,Action,,,97.0
Seven Snipers,Action,4.4,3000.0,87.0
Seylum,Action,,,125.0
Shackled,Action,5.8,74.0,84.0
Shamshon W Dalila,Action,3.1,72.0,95.0
Shank,Action,,,105.0
Shark Frenzy,Action,5.5,35.0,82.0
Shark Thrash,Action,5.6,228.0,84.0
Shell V-Power Games - Budapest,Action,9.0,30.0,240.0
Shelter,Action,6.1,46000.0,107.0
Shera,Action,6.4,138.0,145.0
Sherr,Action,9.2,2000.0,130.0
Shiboyugi: Playing Death Games to Put Food on the Table 44: Cloudy Beach,Action,7.4,98.0,89.0
Shocktopus,Action,3.7,98.0,71.0
Short Fuse,Action,8.9,63.0,100.0
Shuang Xiong Chu Ji,Action,,,88.0
Si wang du ju,Action,6.3,36.0,100.0
Simhapuriya Simha,Action,7.0,482.0,136.0
Six Days to Pay,Action,,,84.0
SkullFace: Afterlife,Action,,,32.0
Slash III,Action,8.0,10.0,113.0
Sniper: No Nation,Action,4.2,1200.0,95.0
"Sometime the Wolf, or, the Meanness of the Blue at Dawn",Action,,,
Sonic Dimensions/Sonic Rangers 3,Action,,,124.0
Sooriya Sulanga,Action,7.1,13.0,
"Soumsoum, la nuit des astres",Action,6.3,79.0,101.0
Space Mutation,Action,2.8,13.0,90.0
Spades,Action,5.1,80.0,115.0
Spasti bessmertnogo,Action,8.2,161.0,105.0
Special Op: Rent-a-Cop,Action,4.7,40.0,84.0
Speed Faster,Action,4.2,1300.0,86.0
Spider-Man: Brand New Day,Action,8.0,268000.0,145.0
Srinivasa Mangapuram,Action,3.8,141.0,150.0
Star,Action,4.4,112.0,92.0
Star Trek: Legacies,Action,,,164.0
Star Wars: The Mandalorian and Grogu,Action,6.8,93000.0,132.0
Starbright,Action,3.7,539.0,148.0
State of Fear,Action,4.9,765.0,103.0
Stealing Magic,Action,9.1,9.0,88.0
Stone Elegy,Action,,,15.0
Stop! That! Train!,Action,5.8,3200.0,90.0
Storm Rider: Legend of Hammerhead,Action,5.7,5200.0,105.0
Subedaar,Action,6.0,14000.0,145.0
Submarine of the Deep,Action,2.8,8.0,
Sud Shakarambh,Action,,,115.0
Sugriva,Action,8.9,1000.0,96.0
Super Mario Bros. Origins,Action,7.2,15.0,117.0
Super parrs 3,Action,,,98.0
Supergirl,Action,5.8,86000.0,108.0
Superman: Legacy,Action,6.3,15.0,
Suri Anna,Action,7.1,143.0,136.0
Suspect,Action,8.3,222.0,92.0
Sweet Rogue Killer 'SRK': The Killer's Game,Action,8.0,5.0,
Sword Art Online Unanswered//butterfly,Action,7.1,23.0,110.0
Swords of Legends: Soul and Blade,Action,6.2,74.0,89.0
Szivacs: Folytatás,Action,,,94.0
Tai,Action,5.8,44.0,101.0
Takeover,Action,6.9,23.0,89.0
Taking What's Mine,Action,,,65.0
Tapped,Action,6.9,18.0,
Tarung: Unforgiven,Action,7.1,126.0,100.0
Tempus,Action,,,96.0
Tera Yaar Hoon Main,Action,3.5,43.0,146.0
Terror,Action,8.5,1000.0,143.0
Thai Fighters,Action,,,
Thalaivar Thambi Thalaimayil,Action,6.9,3300.0,113.0
The 1PunchDanMovie,Action,,,80.0
The 51st Hunger Games,Action,,,57.0
The 6th Planet,Action,,,80.0
The Adventures of Gabriel and Marcy,Action,,,85.0
The Amazing Spider-Fuser,Action,,,
The Apocalypse,Action,,,
The Awakening,Action,6.3,11.0,96.0
The Battle of Hong Shi,Action,,,
The Birthday Party,Action,6.0,93.0,114.0
The Bluff,Action,5.8,19000.0,103.0
The Book Movie,Action,,,
The Border Baby,Action,,,96.0
The Butcher's Blade,Action,5.8,254.0,90.0
The Cerebral: Origens,Action,,,
The Come Up 2,Action,,,75.0
The Creek,Action,8.6,13.0,
The Cursed Warrior,Action,5.6,16.0,123.0
The Death of Robin Hood,Action,6.0,16000.0,122.0
The Debt Collector,Action,5.6,1300.0,132.0
The Dog Stars,Action,6.5,2000.0,118.0
The Dreamed Adventure,Action,6.3,154.0,167.0
The Dresden Sun,Action,2.9,484.0,129.0
The Dual Heroes Strike,Action,,,87.0
The End,Action,,,
The End of Oak Street,Action,6.6,31000.0,99.0
The End of The World: 2029,Action,,,
The Final Battle,Action,5.1,10.0,88.0
The Furious,Action,5.2,144.0,106.0
The Galactic Ghoul,Action,8.0,12.0,85.0
The Gentleman Thief,Action,3.5,550.0,97.0
The Ghost and the Gun,Action,,,110.0
The Good Assassin,Action,9.4,5.0,
The Goodman,Action,8.1,9.0,84.0
The Goofings Movie,Action,,,60.0
The Great Money Robbery,Action,,,97.0
The Great Patriot,Action,,,109.0
The Hostage's Hero,Action,6.0,9.0,89.0
The House on Haunted Grounds,Action,3.6,380.0,69.0
The Hunt Down 2,Action,,,124.0
The Hunting Club,Action,4.7,13.0,
The Internship,Action,4.1,1300.0,91.0
The Isolate Thief,Action,5.7,1000.0,95.0
The Jiddy Movie,Action,,,
The Keris,Action,3.7,18.0,132.0
The Kids,Action,4.9,34.0,49.0
The King of Cannabis,Action,,,130.0
The King of My Love,Action,4.4,184.0,111.0
The Last Admission,Action,,,78.0
The Last Apocalypse,Action,2.7,92.0,78.0
The Last Eyewitness,Action,,,80.0
The Last Guest: Reimagined,Action,9.4,6.0,
The Last Guest: Reimagined - The Origin,Action,8.5,53.0,87.0
The Last House,Action,5.5,50000.0,112.0
The Last Secret of the First Emperor,Action,,,151.0
The Last Temptation of Becky,Action,7.8,27.0,89.0
The Last Zawgyi,Action,,,45.0
The Legend of Lingjing,Action,,,81.0
The Legend of Udham Singh,Action,5.8,1000.0,
The Lock In,Action,,,
The Looker,Action,,,
The Man from Oghuz: Harvest,Action,,,55.0
The Man with a Hat,Action,7.7,13.0,125.0
The Match-Stick Flame 3: Red Mafia,Action,4.0,15.0,69.0
The Milkman: Director's Cut,Action,,,
The New Dawn,Action,,,69.0
The Object Movie,Action,,,94.0
The Odyssey,Action,8.5,453000.0,172.0
The Pale Snow and Kirin,Action,7.2,56.0,74.0
The Peril at Pincer Point,Action,7.8,42.0,83.0
The Pet II,Action,,,
The Photo That Changed Everything,Action,5.8,40.0,
The Plushie Drones Movie,Action,,,51.0
The President Must Die: Time Zero,Action,,,
The Raid,Action,4.5,16.0,74.0
The Raja Saab,Action,3.1,12000.0,190.0
The Red Bag,Action,8.6,629.0,
The Rendezvous: Vendetta,Action,,,
The Return of Arinzo,Action,,,135.0
The Return of the Army Man,Action,,,148.0
The Ribbon Hero,Action,6.0,500.0,109.0
The Rip,Action,6.8,144000.0,113.0
The Rise of Ashoka,Action,5.6,68.0,133.0
The Robertsons,Action,,,61.0
The Sanctum 3: Afterlife,Action,,,158.0
The Shepherd Code: Lapierre,Action,6.3,23.0,89.0
The Sheriff,Action,4.2,176.0,107.0
The Sin City,Action,5.3,33.0,108.0
The Sin Trade,Action,6.1,87.0,98.0
The Slide,Action,,,
The Snow Warrior,Action,,,
The Specials,Action,6.1,44.0,110.0
The SuperMarioJaws Show: The Last Act!,Action,,,50.0
The Taken: Chapter One - The Arrival,Action,,,62.0
The Termarator,Action,,,
The Third Rail,Action,,,
The Town That Takes,Action,5.6,27.0,93.0
The Trap,Action,,,5.0
The Twist,Action,6.8,7.0,
The Wanted Rebel,Action,,,125.0
The Weight,Action,7.3,226.0,115.0
The Wife They Built,Action,,,
The Wrecking Crew,Action,6.4,54000.0,124.0
The Yellow Knight,Action,,,72.0
The Young Tank Commander,Action,,,70.0
The fFnal Current,Action,,,
Therachaapa,Action,7.3,1100.0,151.0
They Fight,Action,4.6,221.0,98.0
They Will Kill You,Action,6.3,50000.0,94.0
Thin Line,Action,,,
Thudakkam,Action,6.1,312.0,140.0
Tiket Sehala,Action,6.4,18.0,103.0
Tom Clancy's Jack Ryan: Ghost War,Action,5.7,32000.0,105.0
Toro Encartado,Action,,,90.0
Tosnos,Action,3.6,5.0,151.0
Toxic,Action,3.7,10000.0,192.0
Trace Project,Action,1.0,236.0,65.0
Trans-Plast-Otany,Action,,,
Transfer Trimurthulu,Action,6.4,108.0,153.0
Tras los pasos de la rubia platino,Action,6.1,11.0,122.0
Traverse2: Next Level-,Action,,,80.0
Triesverse: Cataclysm,Action,,,
Trouble Shooter,Action,,,89.0
Tu Yaa Main,Action,6.1,7400.0,143.0
Ultimate Revenge,Action,6.1,150.0,112.0
Ultimate Spider-Man: Origins,Action,6.0,12.0,154.0
Ultimate Vampire Assassin,Action,7.6,26.0,100.0
Ultra and the Last Laugh - A FNaF Plush Beyond Movie,Action,,,48.0
Unbeatable: Road to Tokyo,Action,,,
Undir Ísnum,Action,5.5,53.0,
United Nations,Action,,,
Unstoppable,Action,6.6,45.0,80.0
Until the Very Last Page,Action,,,100.0
Untitled Varalaxmi Sarathkumar/Sanjeev Megoti Project,Action,,,
Ustaad Bhagat Singh,Action,4.1,2400.0,150.0
Vaa Vaathiyaar,Action,4.4,1300.0,129.0
Vadam,Action,4.7,1400.0,136.0
Vahem,Action,,,
Vajra,Action,,,
Vampires of the Velvet Lounge,Action,4.2,428.0,105.0
Vanaveera,Action,6.7,1600.0,127.0
Varavu,Action,5.4,1100.0,143.0
Varugai Pathivedu,Action,7.1,7.0,123.0
Vasudheva Sutham,Action,,,146.0
Velhos Bandidos,Action,5.9,834.0,93.0
Vengeance,Action,,,
Vigilante,Action,7.4,134.0,96.0
Vijaynagar'er Hirey,Action,6.5,117.0,110.0
Viper,Action,6.7,59.0,87.0
Visa,Action,5.6,12.0,90.0
Wa Make: De Film,Action,5.9,18.0,
Wahem,Action,,,
Wake Up Call,Action,8.6,23.0,
Wanted,Action,5.4,8.0,79.0
War Machine,Action,6.3,116000.0,106.0
War of the Masked Animals,Action,,,172.0
Wasteland Cop,Action,3.0,6.0,80.0
Water Park Shark,Action,3.5,436.0,91.0
Welcome to the Jungle,Action,4.1,22000.0,165.0
Whiskers on Strings,Action,,,
Who,Action,4.3,247.0,130.0
Wicked of Oz,Action,4.4,44.0,78.0
Wings of Dread,Action,5.8,238.0,86.0
Winter: Battleground,Action,2.4,186.0,83.0
Wo shi wo di,Action,5.5,19.0,93.0
Wolf Hunters 2,Action,,,87.0
World War Bigfoot,Action,6.3,8.0,72.0
Written in Blood,Action,7.4,25.0,94.0
Wrong One,Action,,,
Xuan ji wei zhi zhen guo shen ding,Action,,,72.0
Yagoat,Action,7.8,8.0,83.0
Yogi Da,Action,4.5,579.0,119.0
Young Washington,Action,6.9,12000.0,121.0
Yugantar - The End of Time,Action,,,160.0
ZOE - Il segreto degli onori,Action,,,
Zaverbovannyy,Action,2.9,104.0,86.0
Zero Wins,Action,,,63.0
Zeta,Action,5.8,3900.0,133.0
Zhi ming chao xi,Action,5.1,35.0,69.0
Zombeid,Action,6.5,256.0,107.0
Ìrètè: The Reckoning,Action,,,
öteki Yüz Kilis,Action,,,
6 Degrees,Adventure,,,88.0
7 bazhan,Adventure,6.6,43.0,
"80º Norte, donde el tiempo se congela",Adventure,,,75.0
8v40,Adventure,,,
A Weekly Comic Film: Gone Bunnynapping,Adventure,,,45.0
A night on Muzil,Adventure,,,
Aadu 3,Adventure,6.2,2000.0,168.0
Aftermath,Adventure,2.6,6.0,80.0
Afterwards,Adventure,,,
Ahmed Bey,Adventure,,,124.0
Airminded heads,Adventure,,,101.0
Alien Disclosure Day,Adventure,4.6,43.0,84.0
Aliens Uncovered: Invasion,Adventure,6.8,13.0,69.0
Aliens Uncovered: Invasion 2,Adventure,7.8,9.0,67.0
All Wishes Come True!,Adventure,7.9,944.0,144.0
Almaz. Serdtse Persii,Adventure,,,
Alpha,Adventure,3.0,24000.0,141.0
Ambaragudda,Adventure,6.8,204.0,
Andalusia: The first human flight,Adventure,,,50.0
Anunnaki the search for gold,Adventure,,,120.0
Aranya (The Last Breath of Jungle),Adventure,,,
Arey Apandra,Adventure,,,99.0
Armageddon Road,Adventure,8.1,12.0,85.0
Arnie & Barney,Adventure,8.0,76.0,75.0
Atlas of the Universe,Adventure,7.4,40.0,85.0
Aurora,Adventure,,,94.0
Authentic Games: No Império Desconectado,Adventure,5.0,140.0,70.0
Avatar Aang: The Last Airbender,Adventure,7.8,24000.0,99.0
Ayran Papers,Adventure,5.1,122.0,86.0
Back in Business,Adventure,,,76.0
Balandrau: Where the Fierce Wind Blew,Adventure,6.6,567.0,119.0
Barry & Me,Adventure,7.3,87.0,97.0
Batman: Knightfall - Part 1: Knightfall,Adventure,8.0,2500.0,78.0
Batman: The Crimson Cowl,Adventure,9.1,31.0,188.0
Beast Race,Adventure,4.7,1200.0,124.0
Better Life: The Movie,Adventure,,,
Beyish 2: Apama kat,Adventure,7.4,40.0,100.0
Beyond Borders Patagonia,Adventure,,,63.0
Bhuchal-Bhandar,Adventure,,,
Bigfoot I Love You,Adventure,7.8,29.0,
Bisharashki v Indii. V poiskakh mamy,Adventure,,,
Black Hole Sun,Adventure,,,
Black Holes Suck,Adventure,4.6,75.0,91.0
Blades of the Guardians,Adventure,6.8,3900.0,126.0
Blast,Adventure,7.3,19.0,144.0
Blood & Rust,Adventure,5.7,64.0,
Bogatyri,Adventure,3.0,54.0,91.0
Born in the Jungle,Adventure,8.2,18.0,70.0
Brave Cat,Adventure,8.3,6.0,87.0
Brave Skies,Adventure,,,90.0
Cardboard Island,Adventure,,,97.0
Cats in the Museum: Treasures of Egypt,Adventure,5.4,47.0,90.0
Chaali Din,Adventure,8.4,1100.0,150.0
Chain of People 2,Adventure,,,156.0
Chasing Dust,Adventure,,,88.0
Cheburashka 2,Adventure,5.2,369.0,103.0
Checker Tobi 3: Die heimliche Herrscherin der Erde,Adventure,6.8,210.0,97.0
Cherry on the Cake,Adventure,,,
Chili Finger,Adventure,7.8,84.0,100.0
Chimney Town: Frozen in Time,Adventure,5.9,26.0,98.0
Cinematic Carnage: The Movie,Adventure,,,486.0
Clown & Out,Adventure,6.7,13.0,
Coconut Valley,Adventure,,,80.0
Cold Feet,Adventure,,,
Colony,Adventure,6.5,12000.0,122.0
Colores Perdidos,Adventure,,,
Copán: La leyenda,Adventure,1.0,228.0,
Corpus,Adventure,,,73.0
Coyote vs. Acme,Adventure,7.7,2300.0,101.0
Ctrl A.I. Delete,Adventure,7.6,22.0,
Daga bailaora,Adventure,,,65.0
Daiva,Adventure,9.4,15.0,
Dan the Man,Adventure,,,52.0
Dark Highway,Adventure,7.4,10.0,91.0
Dave & Bambi: The Movie,Adventure,,,61.0
Days of future: Minecraft,Adventure,,,92.0
De Volta à Bahia,Adventure,,,98.0
Deadman's Land,Adventure,8.6,15.0,90.0
Delhi Gate,Adventure,6.4,6.0,137.0
Devagudi,Adventure,1.8,2100.0,152.0
Dhamaal 4,Adventure,8.1,36000.0,143.0
Dhurandhar No1,Adventure,4.8,11.0,
Di Lemon! Di Musical: The True Story of the Man Who Introduced Vanilla to Hollywood,Adventure,,,86.0
Diari Hitam: Lembaran Baru Liriell,Adventure,,,
Doctor Gaf,Adventure,4.9,47.0,99.0
Dogman Massacre: Attack in the Land Between the Lakes,Adventure,,,104.0
Domm: Until the Last Breath,Adventure,6.9,1200.0,128.0
Don't Be Prey,Adventure,7.4,11.0,91.0
Don't Push That!,Adventure,9.0,16.0,
Donkey Princess,Adventure,6.1,19.0,90.0
Dopolnitelnoe vremya,Adventure,4.4,31.0,102.0
Doraemon: Nobita and the New Castle of the Undersea Devil,Adventure,6.2,194.0,102.0
Dragon Fury 3,Adventure,4.7,32.0,95.0
Echo Point,Adventure,,,62.0
Eiga Chiikawa: Ningyo no Shima no Himitsu,Adventure,7.4,460.0,99.0
Eiga Kureyon Shin-chan Kikikaikai! Ora no Yôkai Bake-shon,Adventure,6.6,34.0,101.0
Emma the Cute Dog,Adventure,,,90.0
Enola Holmes 3,Adventure,5.7,30000.0,105.0
Fall 2: Deadpoint,Adventure,7.7,80.0,97.0
Fallout: Echos of the Wasteland,Adventure,8.8,241.0,57.0
Fara í Víkingu,Adventure,,,50.0
Finding A World That Shouldnt Exist,Adventure,,,45.0
Finding Goldfinger,Adventure,,,
Fing!,Adventure,7.1,60.0,96.0
Five Friends 2: Mount Klawih,Adventure,7.0,102.0,122.0
Flavia,Adventure,6.0,572.0,92.0
Folclórica,Adventure,,,87.0
Forgotten Island,Adventure,6.8,166.0,109.0
Fredonia: The Movie,Adventure,5.3,870.0,105.0
Frostbite,Adventure,,,82.0
Full House: Landing,Adventure,6.6,38.0,95.0
Furies,Adventure,,,
G.O.D.Tech,Adventure,,,105.0
GG Bond: Race Through Time,Adventure,8.1,19.0,86.0
Gohan,Adventure,7.7,699.0,145.0
Golden Kamuy: The Abashiri Prison Raid,Adventure,6.2,411.0,122.0
Graham Luis: The Mindrunner,Adventure,,,59.0
Greenland 2: Migration,Adventure,5.2,47000.0,98.0
Gruzovichki,Adventure,6.2,16.0,65.0
Guantanamera,Adventure,4.1,68.0,112.0
Guptodhoner Khonje,Adventure,8.2,5.0,
Halcyon,Adventure,8.2,9.0,110.0
Han ye deng zhu,Adventure,6.5,77.0,90.0
Hanging by a Wire,Adventure,7.4,56.0,98.0
Harry Potter and the Sorcerer's Stone in Shared Reality,Adventure,,,
Heaven of Hindustan,Adventure,4.8,8.0,
Heer Sara,Adventure,6.2,16.0,99.0
Hell Grind,Adventure,4.0,73.0,95.0
Higher Calling,Adventure,,,73.0
Hip Hip Hurray,Adventure,6.6,7.0,145.0
Holy Days,Adventure,5.9,581.0,101.0
Hoppers,Adventure,7.2,83000.0,104.0
Hot Water,Adventure,7.2,72.0,97.0
HowToNYC,Adventure,,2024.0,89.0
Humint,Adventure,6.4,4000.0,119.0
I Don't Know What I'm Doing Here,Adventure,,,86.0
I Love Boosters,Adventure,6.6,8300.0,113.0
Ice-Pocalypse,Adventure,2.5,196.0,85.0
Immortal Combat,Adventure,2.2,403.0,88.0
In Space with Davizoka,Adventure,,,99.0
Inline: Edinburgh to London,Adventure,,,59.0
Iyanu: The War of Twin Princes,Adventure,4.6,9.0,
Jim Queen,Adventure,7.6,951.0,85.0
Jockey,Adventure,7.8,15000.0,147.0
Julián,Adventure,7.1,21.0,85.0
Kaa: The Forest,Adventure,6.6,684.0,112.0
Kardes Takimi 3,Adventure,4.2,117.0,105.0
Kemet: Year One,Adventure,6.2,11.0,100.0
Kholop 3,Adventure,4.9,73.0,
Khreshchatyk 48/2,Adventure,6.6,17.0,86.0
Knights of the Old Republic: Escape from Taris,Adventure,8.1,72.0,125.0
Kong Tao,Adventure,5.1,47.0,97.0
Korol i Shut. Navsegda,Adventure,5.0,169.0,118.0
Kosmicheskaya sobaka Lida,Adventure,4.9,53.0,112.0
Krasavitsa,Adventure,6.0,127.0,103.0
Krasnyy prizrak 1812,Adventure,,,99.0
L'enfant du désert,Adventure,6.4,176.0,92.0
L'ultimo film del mondo,Adventure,,,77.0
La Fiera,Adventure,6.1,906.0,113.0
Lady Champagne,Adventure,7.5,25.0,99.0
Le Perroquet,Adventure,,,47.0
Legend of the White Dragon,Adventure,,,97.0
Legends of the Lost Ark,Adventure,7.7,14.0,105.0
Leo i Tig. Doroga na Baykal,Adventure,3.6,10.0,65.0
Les Contes De Floresia,Adventure,,,
Les Femmes Les Plus Hautes Du Monde,Adventure,,,
Les Yeux Verts,Adventure,5.9,16.0,
Letom vsyakoe byvaet. Pobeg iz Skolbora,Adventure,2.7,13.0,108.0
Levsha,Adventure,5.4,227.0,113.0
Lobo Estepario,Adventure,,,90.0
Los nuevos,Adventure,,,85.0
Lucy Lost,Adventure,8.0,45.0,85.0
Luntik. Obratinaya Storona Luni,Adventure,,,80.0
Lydia and the Mist Rider,Adventure,6.6,168.0,80.0
Made in Korea,Adventure,6.0,2600.0,113.0
Maju (Jejak Pahit Si Kembang Gula),Adventure,,,98.0
Makkala Sainya,Adventure,,,
Marcus James: The Movie 2,Adventure,7.9,20.0,
Margarita La De Tijuana,Adventure,,,99.0
Masters of the Universe,Adventure,6.4,114000.0,140.0
Matuna Mutton Sikina Chiken,Adventure,5.9,11.0,
Mavuta,Adventure,,,139.0
Mega Lightning 3,Adventure,,,84.0
Meteor Extinction,Adventure,,,
Minions & Monsters,Adventure,6.4,28000.0,90.0
Mischief Upon Mischief,Adventure,6.5,22.0,123.0
Moana,Adventure,5.8,14000.0,115.0
Monkey King - Rebirth,Adventure,7.7,20.0,93.0
Monster Mia,Adventure,8.0,23.0,81.0
Mortal Kombat II,Adventure,6.3,86000.0,116.0
Moy dikiy drug. Vozvrashchenie domoy,Adventure,3.8,25.0,96.0
Moy papa - medved 2,Adventure,,,
Mu-Ki-Ra,Adventure,,,
Mult v kino. Vypusk # 191,Adventure,,,45.0
Mult v kino. Vypusk # 193,Adventure,,,45.0
My Daughter,Adventure,7.0,77.0,78.0
My Space Dog,Adventure,5.6,54.0,105.0
Mystery of the Lost Engine,Adventure,,,118.0
Nagabandham - The Secret Treasure,Adventure,6.7,5700.0,185.0
Ne odna doma 3. Vypusknoy,Adventure,2.9,49.0,108.0
New Toy Story,Adventure,1.9,49.0,78.0
Niu Lai,Adventure,6.5,1000.0,86.0
Northeast Mysteries,Adventure,,,
Nyaminyami,Adventure,,,105.0
O Gênio do Crime,Adventure,7.0,58.0,98.0
"Oh, the Places We'll Go",Adventure,,,64.0
On Drive,Adventure,6.5,202.0,115.0
One Man,Adventure,,,100.0
One Mile: Chapter One,Adventure,5.7,3800.0,89.0
One Two Cha Cha Chaa,Adventure,5.1,2300.0,160.0
Otter,Adventure,,,
Out There,Adventure,7.5,12.0,80.0
Out in the Wilderness,Adventure,,,127.0
PAW Patrol: The Dino Movie,Adventure,6.2,1700.0,88.0
Pacific,Adventure,6.3,37.0,105.0
Panda Plan 2: The Magical Tribe,Adventure,4.4,609.0,100.0
Paranormal Adventures: The Black Eyed Children of Scotland,Adventure,,,60.0
Paris ni Saku Etoile,Adventure,8.2,31.0,119.0
Per Aspera Ad Astra,Adventure,6.4,1300.0,111.0
Petaka Gunung Welirang,Adventure,8.0,49.0,105.0
Phish Tales: Strange Axis,Adventure,,,52.0
Pinocchio,Adventure,4.7,371.0,102.0
Pirates of the 7 Seas,Adventure,,,
Playing Minecraft for the First Time (Completely Blind),Adventure,,,
Poovellaam Kettuppaar (PKP),Adventure,,,145.0
Posledniy bogatyr. Kolobok,Adventure,1.1,2400.0,109.0
Pramuka,Adventure,,,113.0
Priklyucheniya zhyoltogo chemodanchika,Adventure,5.1,163.0,94.0
Princezna stokrat jinak,Adventure,5.8,28.0,118.0
Project Hail Mary,Adventure,8.2,524000.0,156.0
Propeller: One-Way Night Coach,Adventure,5.8,2000.0,61.0
Psoty,Adventure,5.8,34.0,99.0
Puella Magi Madoka Magica the Movie -Walpurgisnacht Rising-,Adventure,,,120.0
Rahasyamoy Gari,Adventure,,,140.0
Railbound,Adventure,,,
Rainbow on Mars,Adventure,3.8,174.0,112.0
Raktha Kashmira,Adventure,5.6,21.0,165.0
Return of the Jungle,Adventure,8.4,2300.0,96.0
Rise of the Conqueror,Adventure,5.8,1900.0,119.0
Rodeo Dreams,Adventure,,,90.0
Rogue Trooper,Adventure,8.2,53.0,125.0
Romin,Adventure,,,96.0
Saptadingar Guptodhon,Adventure,6.3,333.0,135.0
Sasquatch in the Shadows: Bigfoot of the Sumter National Forest,Adventure,,,110.0
Saving Ava,Adventure,,,
"Scratchy, Cage and Tumbleweed",Adventure,,,90.0
Searching for Sasquatch: Claws and Jaws,Adventure,,,60.0
Searching for Sasquatch: Skunk Ape Tracker,Adventure,,,61.0
Searching for Sasquatch: The Lone Star Bigfoot,Adventure,,,73.0
Searching for Sasquatch: The Mothman,Adventure,,,90.0
Secret of the Bones,Adventure,,,100.0
Send Help,Adventure,6.7,151000.0,113.0
Shark Thrash,Adventure,5.6,228.0,84.0
Sharksquatch,Adventure,,,62.0
Shell V-Power Games - Budapest,Adventure,9.0,30.0,240.0
Shkola Baby-Yagi,Adventure,5.4,22.0,94.0
Sinking Road,Adventure,8.3,21.0,56.0
Skate to Hell,Adventure,3.2,395.0,100.0
Skywatch,Adventure,5.8,24.0,75.0
Skywatched,Adventure,9.1,8.0,69.0
Skywatcher,Adventure,6.1,19.0,
Skywatchers,Adventure,,,
Skywatches,Adventure,,,
Smeshariki. Skvoz vselennye,Adventure,5.5,62.0,85.0
Sonic Dimensions/Sonic Rangers 3,Adventure,,,124.0
"Soumsoum, la nuit des astres",Adventure,6.3,79.0,101.0
Sparks,Adventure,4.9,27.0,78.0
Spider-Man: Brand New Day,Adventure,8.0,268000.0,145.0
Sprunki: The Movie,Adventure,7.7,77.0,98.0
Star Trek: Legacies,Adventure,,,164.0
Star Wars: The Mandalorian and Grogu,Adventure,6.8,93000.0,132.0
Starbright,Adventure,3.7,539.0,148.0
Starlight,Adventure,,,85.0
Storm Rider: Legend of Hammerhead,Adventure,5.7,5200.0,105.0
Strange Detectives,Adventure,,,
Super Mario Bros. Origins,Adventure,7.2,15.0,117.0
Super Miss Saves the Jungle,Adventure,6.1,64.0,82.0
Super parrs 3,Adventure,,,98.0
Supergirl,Adventure,5.8,86000.0,108.0
Swapped,Adventure,7.3,24000.0,98.0
Sword Art Online Unanswered//butterfly,Adventure,7.1,23.0,110.0
Szivacs: Folytatás,Adventure,,,94.0
TVK - Theeyadhu Vella Keleer,Adventure,,,
Tad and the Magic Lamp,Adventure,7.0,37.0,94.0
Tanto il Finale lo Conosciamo,Adventure,,2026.0,48.0
Tapu Sena,Adventure,,,121.0
Tayna admirala Ushakova,Adventure,4.0,34.0,106.0
Teman Tegar Maira,Adventure,,,97.0
That Time I Got Reincarnated as a Slime the Movie: Tears of the Azure Sea,Adventure,6.2,1100.0,105.0
The 6th Planet,Adventure,,,80.0
The Abyss,Adventure,4.9,154.0,82.0
The Adventures of Gabriel and Marcy,Adventure,,,85.0
The Amazing Digital Circus: The Last Act,Adventure,7.5,6200.0,95.0
The Amazing Spider-Fuser,Adventure,,,
The Bigfoot Archives: Alaskan Sasquatch Revealed,Adventure,,,74.0
The Birdman,Adventure,,,
The Birthday Party,Adventure,6.0,93.0,114.0
The Bluff,Adventure,5.8,19000.0,103.0
The Book Movie,Adventure,,,
The Castastics 5: The Final Battle,Adventure,,,60.0
The Crystal Planet,Adventure,7.3,28.0,97.0
The Current,Adventure,,,83.0
The Death of Robin Hood,Adventure,6.0,16000.0,122.0
The Dog Stars,Adventure,6.5,2000.0,118.0
The Dreamed Adventure,Adventure,6.3,154.0,167.0
The End of Oak Street,Adventure,6.6,31000.0,99.0
The Ethansponge Investigation Part 3,Adventure,4.6,10.0,88.0
The Galactic Ghoul,Adventure,8.0,12.0,85.0
The Goofings Movie,Adventure,,,60.0
The Great Grand Superhero: Aliens Ka Aagman,Adventure,6.9,2900.0,112.0
The Helpers,Adventure,,,
The Hostage's Hero,Adventure,6.0,9.0,89.0
The Last Assassins,Adventure,5.7,47.0,
The Legend of Jim and Jonah,Adventure,7.4,9.0,
The Mafia Mouse,Adventure,8.5,6.0,70.0
The Magic Faraway Tree,Adventure,6.3,5300.0,110.0
The Man with a Hat,Adventure,7.7,13.0,125.0
The Mummy,Adventure,4.4,1200.0,95.0
The Mystery Package,Adventure,8.2,12.0,80.0
The Object Movie,Adventure,,,94.0
The Odyssey,Adventure,8.5,453000.0,172.0
The Oldham Man & The Sea,Adventure,8.3,12.0,
The One Time Story,Adventure,,,
The Outer Threat,Adventure,4.6,939.0,94.0
The Peril at Pincer Point,Adventure,7.8,42.0,83.0
The Pirate Queen: No Safe Waters,Adventure,,,42.0
The Pout-Pout Fish,Adventure,5.0,1100.0,92.0
The Ribbon Hero,Adventure,6.0,500.0,109.0
The Sanctum 3: Afterlife,Adventure,,,158.0
The Shape of Invisible Skies,Adventure,8.4,9.0,118.0
The Short Life of Jaxon Blume,Adventure,8.2,11.0,136.0
The Snow Warrior,Adventure,,,
The Super Mario Galaxy Movie,Adventure,6.3,73000.0,98.0
The Three Investigators: Isle of Death,Adventure,6.1,584.0,104.0
The Tropic Sun and His Eyes,Adventure,8.3,6.0,
The Twist,Adventure,6.8,7.0,
The Virus of Restlessness,Adventure,,,
The Weight,Adventure,7.3,226.0,115.0
The Yeti,Adventure,3.6,1500.0,93.0
The long way to the Adriatic Sea,Adventure,,,
The sugar creek Beast,Adventure,,,67.0
Toy Story 5,Adventure,7.4,74000.0,102.0
Trassa «More - more»,Adventure,3.1,37.0,85.0
Treasure of the Lost Reel,Adventure,,,89.0
Trum So,Adventure,6.1,7.0,105.0
Tsarevna-lyagushka 2,Adventure,4.1,74.0,95.0
"Tumur, le bandit des steppes",Adventure,,,90.0
Unbeatable: Road to Tokyo,Adventure,,,
Undir Ísnum,Adventure,5.5,53.0,
Unleashed V8 Revelations,Adventure,,,140.0
Unstoppable,Adventure,6.6,45.0,80.0
Urchins,Adventure,8.6,13.0,
Vijaynagar'er Hirey,Adventure,6.5,117.0,110.0
Vinski 2,Adventure,6.3,35.0,
Visa,Adventure,5.6,12.0,90.0
Welcome to the Jungle,Adventure,4.1,22000.0,165.0
When Will You Get Divorced?,Adventure,3.6,88.0,
With Love from the Ocean,Adventure,8.4,16.0,
Wolfgang,Adventure,,,98.0
Young Washington,Adventure,6.9,12000.0,121.0
Yugantar - The End of Time,Adventure,,,160.0
Yugly,Adventure,7.0,12.0,85.0
1881 Atatürk: Bir Liderin Dogusu,Animation,4.1,32.0,77.0
1930: Mouse Cartoon Compilation,Animation,,,
2026 Oscar Nominated Short Films: Animation,Animation,7.4,48.0,83.0
21 Gramma,Animation,,,50.0
571 Rahmet Peygamberi Hz. Muhammed,Animation,4.8,45.0,75.0
58th,Animation,8.1,17.0,
A New Dawn,Animation,6.2,260.0,76.0
A Super Progressive Movie,Animation,5.4,730.0,86.0
A Weekly Comic Film: Gone Bunnynapping,Animation,,,45.0
Aanikoobijigan,Animation,8.2,27.0,85.0
Agüizotes: El despertar de los Celestiales,Animation,,,
Ah My Goddess: Bad Goddess Rape Gang Inquiry Report,Animation,,,
Ah My Goddess: Bad Goddess the Tutelage of Seiji Noma,Animation,,,
Ah My Goddess: Hazbin Hotel Is Charlie Morningstar A Real Demon?,Animation,6.2,6.0,84.0
Ah My Goddess: Marller Gets a Spinoff the Return of Jeffrey Epstein Pollo.AI,Animation,,,172.0
Ainak Wala Jin - The Movie,Animation,3.2,11.0,
Alias,Animation,,,121.0
All Mechs Attack: The Movie,Animation,,,
All Wishes Come True!,Animation,7.9,944.0,144.0
Apocalypse Tape 1990,Animation,,,95.0
Aquarium,Animation,9.3,67.0,93.0
Arnie & Barney,Animation,8.0,76.0,75.0
Artifacts,Animation,,,90.0
Assassination Classroom the Movie: Our Time,Animation,6.5,153.0,86.0
Authentic Games: No Império Desconectado,Animation,5.0,140.0,70.0
Avatar Aang: The Last Airbender,Animation,7.8,24000.0,99.0
BFCB: The Movie,Animation,,,68.0
BLEACH: Thousand-Year Blood War - The Calamity,Animation,9.2,14000.0,80.0
Batal Al-Dalapheen,Animation,,,95.0
Batman: Knightfall - Part 1: Knightfall,Animation,8.0,2500.0,78.0
Be Forever Yamato - Rebel 3199 - Part 6: Blue Labyrinth,Animation,,,
Be Forever Yamato: Rebel 3199 - Part 5: White Heat Galactic War,Animation,,,
BellyFant: The Movie,Animation,,,
Best Movie Ever,Animation,,,
Bichos Raros 2,Animation,,,50.0
Big City Pizza,Animation,6.5,23.0,80.0
Blaise,Animation,7.2,25.0,82.0
Bliss: Beyond the Edge of Time,Animation,,,95.0
Blokadnye sudby,Animation,6.6,9.0,79.0
Bluey at the Cinema: Playdates with Friends,Animation,7.1,15.0,
Boonie Bears: The Hidden Protector,Animation,7.0,105.0,118.0
Born in the Jungle,Animation,8.2,18.0,70.0
Brave Cat,Animation,8.3,6.0,87.0
Calling All the Vampires 4,Animation,,,
Cameron: Into the Multiverse,Animation,,,76.0
"Carmen, l'oiseau rebelle",Animation,7.0,30.0,90.0
Casey's Life: THE MOVIE,Animation,,,84.0
Cats in the Museum: Treasures of Egypt,Animation,5.4,47.0,90.0
Ceremony,Animation,9.0,7.0,83.0
Cherry and Virgin,Animation,8.7,19.0,86.0
Children of Liberty,Animation,,,
Chimney Town: Frozen in Time,Animation,5.9,26.0,98.0
Chiranjeevi Hanuman: The Eternal,Animation,,,
Colores Perdidos,Animation,,,
Company Sports Day,Animation,,,113.0
Copán: La leyenda,Animation,1.0,228.0,
Cosmic Princess Kaguya!,Animation,7.1,3200.0,143.0
Cosmicrew: Ice Planet,Animation,,,88.0
Coyote vs. Acme,Animation,7.7,2300.0,101.0
CupToons: The Pitcher Feature,Animation,,,
Daga bailaora,Animation,,,65.0
Dan the Man,Animation,,,52.0
Dante & miljonerna,Animation,5.6,6.0,76.0
Dark Justice,Animation,,,
Dave & Bambi: The Movie,Animation,,,61.0
Days of future: Minecraft,Animation,,,92.0
Detective Conan: Fallen Angel of the Highway,Animation,6.2,454.0,109.0
Detective Jia an: Flame of Score,Animation,,,112.0
Dibu Martínez: El pibe que ataja el tiempo,Animation,6.3,335.0,77.0
Dominykas the Horse's Journey to the Stars,Animation,4.9,27.0,80.0
"Don't Call Us, We'll Kill You",Animation,,,96.0
Doraemon: Nobita and the New Castle of the Undersea Devil,Animation,6.2,194.0,102.0
Dreamship,Animation,,,
Drone Runners,Animation,,,78.0
Eeshan - The Protector,Animation,,,
Eiga Chiikawa: Ningyo no Shima no Himitsu,Animation,7.4,460.0,99.0
Eiga Kureyon Shin-chan Kikikaikai! Ora no Yôkai Bake-shon,Animation,6.6,34.0,101.0
El día que Ewan McGregor me presentó a sus padres,Animation,,,
"Ellie de Olifant, De grote reis",Animation,5.1,9.0,60.0
Escape the Internet (Part 1),Animation,,,90.0
Evolution,Animation,5.3,182.0,94.0
Forgotten Island,Animation,6.8,166.0,109.0
GG Bond: Race Through Time,Animation,8.1,19.0,86.0
GOAT,Animation,6.6,30000.0,100.0
Garuda: Dare to Dream,Animation,8.3,47.0,78.0
Gekijoban Mononoke Dai-San-Sho: Hebigami,Animation,7.1,27.0,
Gekijô-ban Mahôka Kôkô no Rettôsei Yotsuba Keishô-hen,Animation,8.3,21.0,103.0
Generic Project Title,Animation,,,
Ghost Band,Animation,,,82.0
Gintama: Yoshiwara in Flames,Animation,8.7,378.0,124.0
Girls und Panzer: Motto Love Love Sakusen Desu! Act 2,Animation,5.9,10.0,72.0
Girls und Panzer: Motto Love Love Sakusen Desu! Act 3,Animation,6.2,7.0,72.0
Girls und Panzer: Motto Love Love Sakusen Desu! Act 4,Animation,,,72.0
Gregor,Animation,,,79.0
Grotesqqque,Animation,,,
Gruzovichki,Animation,6.2,16.0,65.0
Han ye deng zhu,Animation,6.5,77.0,90.0
Hidden Secrets,Animation,,,67.0
Himitsu no Aipri the Movie Mankai Buzzrium Live!,Animation,,,
Hood Tunes 4,Animation,,,50.0
Hoppers,Animation,7.2,83000.0,104.0
Huanyíng lái dào duo lì zhi jia,Animation,,,85.0
I Want Her for Myself,Animation,,,73.0
"I, Object",Animation,7.2,24.0,92.0
In Waves,Animation,7.4,305.0,90.0
Iron Boy,Animation,7.6,73.0,90.0
Iyanu: The War of Twin Princes,Animation,4.6,9.0,
Jim Queen,Animation,7.6,951.0,85.0
Julián,Animation,7.1,21.0,85.0
Kalyug Ant ka Aarambh,Animation,9.1,36.0,51.0
Kamen Rider Super King's Knight Legend Movie Third,Animation,,,
Kdyby se holubi promenili ve zlato,Animation,7.9,61.0,110.0
Kimi to Hanabi to Yakusoku to,Animation,9.2,5.0,96.0
Kingdom,Animation,,,
Kiri and Lou Go Raaa!,Animation,6.2,10.0,60.0
Koshchey. Tayna zhivoy vody,Animation,3.8,34.0,80.0
Krølle Bølle,Animation,6.6,62.0,80.0
L attente,Animation,,,
L'Ourse et l'oiseau,Animation,,,41.0
La Familia del Barrio: La Maldición del Quinto Partido,Animation,6.9,70.0,85.0
La fille dans les nuages,Animation,7.5,31.0,88.0
La mia fiaba,Animation,,,60.0
Le dossier de l'aube,Animation,7.6,9.0,98.0
Le vertige,Animation,6.0,348.0,67.0
Leo i Tig. Doroga na Baykal,Animation,3.6,10.0,65.0
Les Contes De Floresia,Animation,,,
Little Tommy Trouble: The Helpful Hero,Animation,,,
Lone Pup,Animation,3.2,7.0,90.0
Love Live! Hasunosora Jogakuin School Idol Club Bloom Garden Party,Animation,7.6,14.0,
Love in the Time of Silicon,Animation,,,45.0
Lucy Lost,Animation,8.0,45.0,85.0
Luntik. Obratinaya Storona Luni,Animation,,,80.0
Lydia and the Mist Rider,Animation,6.6,168.0,80.0
Mack On,Animation,,,71.0
Magic Atlas,Animation,,,85.0
Mahaprabhu Jagannath,Animation,,,109.0
March Forth,Animation,,,95.0
Marcus James: The Movie 2,Animation,7.9,20.0,
Meine Freundin Conni: Abenteuer mit Kranich Klaus,Animation,6.7,36.0,76.0
Mher Junior,Animation,,,78.0
Mike & Molly vieren feest,Animation,6.5,7.0,60.0
Milky Subway: The Galactic Limited Express to the Theater,Animation,6.8,298.0,46.0
Minions & Monsters,Animation,6.4,28000.0,90.0
Mobile Suit Gundam Hathaway: The Sorcery of Nymph Circe,Animation,7.0,427.0,108.0
Monkey King - Rebirth,Animation,7.7,20.0,93.0
Monster Mia,Animation,8.0,23.0,81.0
Mu-Ki-Ra,Animation,,,
Mult v kino. Vypusk # 191,Animation,,,45.0
Mult v kino. Vypusk # 192,Animation,,,45.0
Mult v kino. Vypusk # 193,Animation,,,45.0
Mumbo Jumbo,Animation,6.6,91.0,83.0
"Muyi, la légende du village des femmes",Animation,7.4,8.0,90.0
My Little Pony: La Luz De La Esmirchispa,Animation,,,41.0
New Toy Story,Animation,1.9,49.0,78.0
Niguel Squad,Animation,,,
Niu Lai,Animation,6.5,1000.0,86.0
No Rock Unturned,Animation,,,79.0
Nora,Animation,,,70.0
O filho da puta,Animation,,,72.0
Otter,Animation,,,
PAW Patrol: The Dino Movie,Animation,6.2,1700.0,88.0
Paris ni Saku Etoile,Animation,8.2,31.0,119.0
Patlabor EZY: File 1,Animation,7.3,15.0,71.0
Patlabor EZY: File 2,Animation,,,70.0
Personas Normales: La Pelicula,Animation,5.7,7.0,81.0
Peta 3,Animation,,,
Peta 3D,Animation,,,
Peter and the Goblin Arrow,Animation,,,74.0
Petite Casbah,Animation,,,84.0
Pilgram's Progress Part 2 - Christiana,Animation,,,
Pilgrims,Animation,,,60.0
Pinecone,Animation,4.3,852.0,67.0
Pooch Café,Animation,,,
Pop Star Keepers,Animation,,,
Pour the Water as I Leave,Animation,,,75.0
Princess Mkatu,Animation,,,
Pucio kocha zwierzaki,Animation,,,45.0
Puella Magi Madoka Magica the Movie -Walpurgisnacht Rising-,Animation,,,120.0
Replica,Animation,,,
Rescue Mission 11.01,Animation,,,
Reste avec moi,Animation,,,
Return of the Jungle,Animation,8.4,2300.0,96.0
Revenge,Animation,,,80.0
Rod Vs Dora- O Filme,Animation,,,48.0
Rogue Trooper,Animation,8.2,53.0,125.0
Ron,Animation,,,130.0
Ryjówka przeznaczenia,Animation,,,
Sacrée frousse!,Animation,,,68.0
Saishuu Gakushou Hibike! Euphonium Zenpen,Animation,9.0,19.0,120.0
Seaper Powers the Rescue,Animation,,,75.0
Sehzade: Büyük Senlik,Animation,,,
Shadeface,Animation,,,
Shiboyugi: Playing Death Games to Put Food on the Table 44: Cloudy Beach,Animation,7.4,98.0,89.0
Shimakaze in the Backrooms 2,Animation,,,
Shin Gekijô-ban Keroro Gunsô Fukkatsu Shite Sokkô Chikyû Metsubô no Kiki de Arimasu!,Animation,6.2,16.0,109.0
Shrounding the Heavens Movie: Fighting Against Wang Teng with Copper Coffin,Animation,,,
Simulation à titre indicatif,Animation,,,
Sinking Road,Animation,8.3,21.0,56.0
Skibidi Toilet: Galactic Requiem Phase - 1,Animation,,,95.0
Smeshariki. Skvoz vselennye,Animation,5.5,62.0,85.0
Sonic X Shadow - O Filme,Animation,,,
Sovereign (an Animated Film),Animation,,,54.0
Space Bugs,Animation,,,70.0
Speed Gaming,Animation,,,
Sprunki: The Movie,Animation,7.7,77.0,98.0
Star Spangled Adventures: The Movie!,Animation,3.1,21.0,80.0
Starlight Kids Movie: The Wizard's Lost Hat,Animation,,,
Strings,Animation,6.4,7.0,
Super 1 Takim Varol Abi'nin Cizgi Film Makinesi,Animation,1.9,52.0,91.0
Super parrs 3,Animation,,,98.0
Svefnthorn: The Bolbýrs,Animation,,2025.0,
Sveva Caetani: Recapitulation - A Journey,Animation,,,84.0
Swallowed Star the Movie - Battle on Primal Star,Animation,8.7,10.0,
Swapped,Animation,7.3,24000.0,98.0
Tad and the Magic Lamp,Animation,7.0,37.0,94.0
Tangles,Animation,7.6,93.0,102.0
That Time I Got Reincarnated as a Slime the Movie: Tears of the Azure Sea,Animation,6.2,1100.0,105.0
The AI Doc: Or How I Became an Apocaloptimist,Animation,6.8,1800.0,104.0
The Adventures of Gabriel and Marcy,Animation,,,85.0
The Amazing Digital Circus: The Last Act,Animation,7.5,6200.0,95.0
The Birdman,Animation,,,
The Book Movie,Animation,,,
The Camphorwood Custodian,Animation,6.8,61.0,113.0
The Crystal Planet,Animation,7.3,28.0,97.0
The Dangers in My Heart,Animation,7.3,299.0,101.0
The East,Animation,,,56.0
The Firebird,Animation,,,68.0
The Flower Princess (part 2),Animation,,,121.0
The Goofings Movie,Animation,,,60.0
The Helpers,Animation,,,
The Karate War,Animation,,,84.0
The Land of Sometimes,Animation,4.7,199.0,93.0
The Last Enchantment 2,Animation,,,
The Last Guest: Reimagined - The Origin,Animation,8.5,53.0,87.0
The Mafia Mouse,Animation,8.5,6.0,70.0
The Man from Oghuz: Harvest,Animation,,,55.0
The Manifest Show,Animation,,,
The One Time Story,Animation,,,
The Orbit of Minor Satellites,Animation,,,118.0
The Pout-Pout Fish,Animation,5.0,1100.0,92.0
The Ribbon Hero,Animation,6.0,500.0,109.0
The Seven Tales of Poe,Animation,,,59.0
The Super Mario Galaxy Movie,Animation,6.3,73000.0,98.0
The Texas Chain Saw Massacre (Rotoscoped Animated Version),Animation,,,
The Toymaker's Key,Animation,,,76.0
The Trap,Animation,,,5.0
The Violinist,Animation,7.7,17.0,114.0
The Wanted Rebel,Animation,,,125.0
Three Kingdoms: The Beginning,Animation,7.4,121.0,137.0
Three Wishes for Cinderella,Animation,5.2,27.0,86.0
To Your Island,Animation,7.1,23.0,119.0
Token,Animation,,,85.0
Toy Story 5,Animation,7.4,74000.0,102.0
Twente Short: Beyond the Screen,Animation,,,90.0
Unstoppable,Animation,6.6,45.0,80.0
Vamps: Broadway,Animation,,,
We Are Aliens,Animation,7.4,28.0,117.0
Whiskers on Strings,Animation,,,
Wicked Wonderland 4,Animation,,,80.0
Wicked Wonderland 4: THE TICK OF TIME,Animation,,,
"Winnipeg, el barco de la esperanza",Animation,7.3,11.0,78.0
Xana y el secreto del tiempo,Animation,8.9,8.0,106.0
Xiao Na,Animation,,,
YaYa's Band,Animation,,,
Yagoat,Animation,7.8,8.0,83.0
Yugly,Animation,7.0,12.0,85.0
#indie,Comedy,8.7,8.0,100.0
(blank),Comedy,,,45.0
100 Dates in Dallas,Comedy,4.7,43.0,
1020,Comedy,,,
"125, rue des Malaises",Comedy,5.6,53.0,94.0
14 Business Days,Comedy,9.3,9.0,76.0
2 Man,Comedy,,,
2 cuori e 2 capanne,Comedy,6.0,318.0,108.0
2026: The Movie,Comedy,,,122.0
29,Comedy,7.7,6300.0,150.0
3 Good Guys,Comedy,4.8,13.0,107.0
3 Words,Comedy,,,94.0
3 zile în septembrie,Comedy,7.5,107.0,77.0
3.0 Kilograms of Happiness,Comedy,6.6,16.0,98.0
30 and Wild,Comedy,6.8,15.0,82.0
30-Year-Old Freshman,Comedy,8.6,12.0,
360 bitar,Comedy,,,59.0
40 Dates and 40 Nights,Comedy,6.2,1100.0,101.0
49 Miles More,Comedy,8.6,8.0,
4th & 44,Comedy,3.4,19.0,71.0
5 Bomoh,Comedy,5.3,35.0,97.0
5 Days Made My Journey,Comedy,,,61.0
53 Sundays,Comedy,6.0,2200.0,78.0
5683,Comedy,7.1,18.0,
6 gramu,Comedy,5.9,9.0,90.0
60 Dates in 6 Months,Comedy,5.7,37.0,
7 Dogs,Comedy,5.6,4900.0,125.0
7 bazhan,Comedy,6.6,43.0,
72 Hours,Comedy,5.4,20000.0,105.0
"72 Virgins - Laughs so pure, You'll think its your first time",Comedy,,,
9 lunas,Comedy,5.7,32.0,98.0
90 ML,Comedy,,,
A Beautiful Day,Comedy,5.6,567.0,93.0
A Bet's a Bet,Comedy,,,86.0
A Chef's Tale: The Real Story of Duet,Comedy,,,93.0
A Crime Story,Comedy,4.6,60.0,98.0
A Deadly Weekend,Comedy,2.9,128.0,82.0
A Fairy Fail,Comedy,,,
A Family of Bastards,Comedy,5.6,586.0,105.0
A Few Branches Off,Comedy,,,
A Film by Cool Jake,Comedy,,,80.0
A Film by Giri,Comedy,,,
A Friends Movie,Comedy,,,
A Gift from Heaven,Comedy,5.8,45.0,124.0
A Messy Tribute to Motherly Love,Comedy,5.5,26.0,85.0
A Million Reasons,Comedy,,,95.0
A Mosquito in the Ear,Comedy,7.3,65.0,90.0
A Room Called Home,Comedy,4.8,22.0,126.0
A Stage to a New Life,Comedy,,,118.0
A Super Progressive Movie,Comedy,5.4,730.0,86.0
A Thing That Happens,Comedy,,,85.0
A Toda Madre,Comedy,6.7,29.0,88.0
A Weekly Comic Film: Gone Bunnynapping,Comedy,,,45.0
A una isla de ti,Comedy,5.4,181.0,102.0
A-Men to That,Comedy,6.8,32.0,84.0
A.ni.mál,Comedy,,,120.0
Aadu 3,Comedy,6.2,2000.0,168.0
Aag Lagay Basti Mein,Comedy,7.7,483.0,140.0
Aali,Comedy,,,
Aashaan,Comedy,5.6,778.0,160.0
Abadameva Jayathe,Comedy,,,139.0
Abar Hawa Bodol,Comedy,6.4,47.0,139.0
Above and Beyond,Comedy,,,80.0
Abril,Comedy,7.0,27.0,105.0
Abuela Tremenda,Comedy,4.0,171.0,87.0
"Ach, diese Lücke, diese entsetzliche Lücke",Comedy,7.6,1500.0,137.0
Acting the Divil,Comedy,,,
Adam's Ghost,Comedy,,,81.0
Adorable Cupida,Comedy,,,
After Hours,Comedy,,,
After Love,Comedy,,,
After-School Exorcism Club: Girls' Night,Comedy,,,87.0
Against Community guidelines,Comedy,,,
Agata Christian: Crime on the Snow,Comedy,5.3,635.0,109.0
Agnes&Amir,Comedy,,,
Ah Beng vs Liang Po Po,Comedy,6.0,83.0,125.0
Ah Girl,Comedy,7.6,45.0,99.0
Ai Thuong Ai Men,Comedy,4.1,11.0,112.0
Aida: The Movie,Comedy,6.0,1200.0,90.0
Ain't Nobody Got No Money,Comedy,1.0,15.0,60.0
Airminded heads,Comedy,,,101.0
Airport Blvd,Comedy,,,
Airy in Busan,Comedy,5.2,10.0,100.0
Al Pitcher - Tid för skratt,Comedy,,,80.0
Alias,Comedy,,,121.0
Aliens Are Coming!! On Monday!!!,Comedy,9.3,20.0,67.0
All My Friends Are Back in Brisbane,Comedy,9.0,26.0,77.0
All Night Wrong,Comedy,4.9,332.0,91.0
All That Glitters,Comedy,8.8,23.0,100.0
All Wishes Come True!,Comedy,7.9,944.0,144.0
"Almost Funny, Season 3",Comedy,,,
Almost Kadhal,Comedy,,,103.0
Almost Us,Comedy,,,80.0
Altas capacidades,Comedy,6.0,447.0,101.0
Alter Ego,Comedy,6.5,715.0,99.0
American Deadbeats,Comedy,,,
American Henna,Comedy,4.5,11.0,90.0
Amityvillenado,Comedy,3.5,179.0,111.0
Amor es amor,Comedy,5.2,45.0,91.0
Amrutanjan,Comedy,2.0,558.0,153.0
An Atomic Relationship,Comedy,,,66.0
An LA Christmas Story,Comedy,,,100.0
Anaganaga Oka Raju,Comedy,6.2,1900.0,150.0
Anbe Diana,Comedy,6.2,113.0,150.0
And Grail Holy Monty Python,Comedy,,,132.0
And Grail Holy Monty Python The,Comedy,,,92.0
And Her Body Was Never Found,Comedy,8.0,40.0,75.0
Andakagasam,Comedy,,,120.0
Ang pinakamasarap na pares sa balat ng lupa,Comedy,,,
Ang rider kong hoodlum,Comedy,,,45.0
Angels Near Death,Comedy,,,72.0
Anima,Comedy,7.9,29.0,90.0
Animal Trap,Comedy,7.6,17.0,78.0
Animales,Comedy,6.5,88.0,85.0
Anna et les enfants,Comedy,4.6,15.0,
Anschlag aus dem Schwitzerreich,Comedy,8.5,6.0,118.0
Anumana Pakshi,Comedy,,,
Anywhere,Comedy,5.7,106.0,101.0
Apakay 2. Kudalar,Comedy,,,
Apocalypse Tape 1990,Comedy,,,95.0
Aria-Remix,Comedy,5.4,56.0,91.0
Armageddon Road,Comedy,8.1,12.0,85.0
Arnie & Barney,Comedy,8.0,76.0,75.0
Arthur's Empire,Comedy,9.0,31.0,
Aryabhatt Ka Zero,Comedy,8.9,1600.0,114.0
Ashakal Aayiram,Comedy,5.1,1600.0,132.0
Asking for a Friend,Comedy,9.1,12.0,117.0
Aspire Vol. II: The Red Carpet,Comedy,,,
Assassination Classroom the Movie: Our Time,Comedy,6.5,153.0,86.0
Asteroid Vixens,Comedy,4.7,9.0,89.0
Astro Cats: The Movie,Comedy,,,
Astrosol Und Die Rettung Der Blumenkinder,Comedy,,,
Athiradi,Comedy,6.8,3100.0,157.0
Attack of the Killer Tomatoes: Organic Intelligence,Comedy,8.4,33.0,96.0
Au revoir Pluton,Comedy,,,96.0
Auri,Comedy,8.2,6.0,96.0
Away with Words,Comedy,6.7,41.0,99.0
BFCB: The Movie,Comedy,,,68.0
BRB,Comedy,7.0,5.0,93.0
Baa Baa Black Sheep,Comedy,,,
Baby Do Die Do,Comedy,6.4,953.0,125.0
Back to the 90s,Comedy,4.0,416.0,92.0
Bad Boy Karthik,Comedy,3.3,1400.0,142.0
Bad Cherub,Comedy,,,
Bad Counselors,Comedy,7.8,106.0,100.0
Bad Neighbours,Comedy,6.2,492.0,112.0
Bad Slippers,Comedy,6.0,439.0,90.0
Badhu Alright Che,Comedy,7.6,2100.0,163.0
Bagworm,Comedy,6.7,35.0,96.0
Bai wan hong bao,Comedy,,,88.0
Bailando Solo,Comedy,,,90.0
Baingan,Comedy,6.2,9.0,92.0
Balas Budi,Comedy,5.2,32.0,88.0
Balls Up,Comedy,4.7,15000.0,104.0
Bampi's Soup,Comedy,,,
Banal na Doggie,Comedy,,,68.0
Bardogento,Comedy,,,
Bardotky,Comedy,,,88.0
Barely There,Comedy,,,
Basibozuklar,Comedy,3.3,28.0,93.0
Basic,Comedy,6.6,40.0,96.0
Baska,Comedy,4.5,28.0,93.0
Baska 2,Comedy,4.5,13.0,110.0
Basta Mamá,Comedy,6.4,21.0,77.0
Batang Paco,Comedy,8.6,8.0,95.0
Becaària,Comedy,8.0,7.0,100.0
Bed-Ridden,Comedy,6.6,11.0,
Before Granny Gets Us,Comedy,5.5,112.0,103.0
Before I Do,Comedy,8.5,20.0,85.0
Behind the screens,Comedy,6.4,18.0,96.0
Being Towards Death,Comedy,7.0,101.0,120.0
Ben Morrison: 45,Comedy,,,47.0
Benvenuti in campagna,Comedy,5.4,40.0,96.0
Bershama,Comedy,7.1,2300.0,105.0
Bethlehem Kudumba Unit,Comedy,8.4,4300.0,157.0
Beware the creepypasta curse,Comedy,,,
Bez oglyadki,Comedy,,,
Bhabiji Ghar Par Hain: Fun on the Run,Comedy,3.9,3500.0,135.0
Bhagubai,Comedy,6.8,18.0,120.0
Bhai Tera Star Hai,Comedy,3.0,303.0,108.0
Bhanupriya Bhooter Hotel,Comedy,5.9,862.0,129.0
Bhartha Mahasayulaku Wignyapthi,Comedy,6.3,2800.0,142.0
Bhaskarabharanam,Comedy,,,
Bhishmar,Comedy,3.8,1200.0,142.0
Bhootam Bhayyam,Comedy,5.0,6900.0,163.0
Bhooth Bangla,Comedy,5.0,24000.0,163.0
Bhutacha Doraemon 2,Comedy,,,
Bi-Coastal,Comedy,5.5,24.0,90.0
Bice novih leta,Comedy,4.8,62.0,95.0
Bicharo Bachelor,Comedy,7.4,346.0,128.0
Big Break,Comedy,8.1,15.0,
Big Break (I),Comedy,,,96.0
Big Foot Burgers,Comedy,3.6,52.0,64.0
Bigfoot I Love You,Comedy,7.8,29.0,
Bikini Office Girl,Comedy,,,
Bisharashki v Indii. V poiskakh mamy,Comedy,,,
Bitter Christmas,Comedy,6.3,3900.0,111.0
Black Burns Fast,Comedy,6.9,52.0,96.0
Black Holes Suck,Comedy,4.6,75.0,91.0
Blaise,Comedy,7.2,25.0,82.0
Blam,Comedy,,,
Blast,Comedy,7.3,19.0,144.0
Bledders,Comedy,5.2,91.0,
Blood Moon Rite 8,Comedy,7.6,61.0,130.0
Blood River,Comedy,,,11.0
Bloody Stuffing,Comedy,,,66.0
Blossoming Love,Comedy,,,91.0
Blowin' Smoke,Comedy,,,100.0
Bluey at the Cinema: Playdates with Friends,Comedy,7.1,15.0,
Bobby LaGrange: Professional Fisherman,Comedy,,,
Bodzyo: Moldovan Kung Fu,Comedy,,,
Bogatyri,Comedy,3.0,54.0,91.0
Bookends,Comedy,7.8,65.0,99.0
Boomers,Comedy,7.0,244.0,113.0
Boonie Bears: The Hidden Protector,Comedy,7.0,105.0,118.0
Boris Is Dead,Comedy,7.0,9.0,88.0
Borisailla Pori,Comedy,,,115.0
Boss Cat,Comedy,8.7,11.0,
Boss Sh!#,Comedy,,,83.0
Bottled Up,Comedy,,,70.0
Boys Never Compromise,Comedy,9.1,611.0,127.0
Bozicna avantura,Comedy,,,
Brawl,Comedy,5.6,198.0,98.0
Breast Friends Forever,Comedy,6.8,216.0,86.0
Brenda,Comedy,6.8,10.0,87.0
Brian,Comedy,8.3,28.0,94.0
Brian Damaged,Comedy,9.0,11.0,172.0
Bride of the Year,Comedy,4.8,268.0,98.0
Brilliant Idea,Comedy,,,103.0
Bringing Dad Home,Comedy,9.4,50.0,
Broad Trip,Comedy,4.7,228.0,84.0
Brock and Urick do Logic Problems,Comedy,8.7,9.0,84.0
Broken Harmony,Comedy,5.8,7.0,121.0
Bromance Kadhal,Comedy,,,143.0
Brothers Investigation,Comedy,4.6,528.0,105.0
Brunch for Beginners,Comedy,6.4,107.0,105.0
Bruton,Comedy,8.4,26.0,
Bu Guo Shi Shang Ban,Comedy,5.9,27.0,
Bu Isin Sakasi Yok,Comedy,3.0,41.0,104.0
Bu Mutlu Günümüzde,Comedy,,,119.0
Buenas para Nada,Comedy,1.8,14.0,79.0
Building the Hogan,Comedy,,,
Bulls,Comedy,3.5,283.0,89.0
Bullyman,Comedy,8.7,7.0,92.0
Burnt Out 3: The Last Semester,Comedy,,,54.0
Burundanga,Comedy,,,
Busboys,Comedy,4.2,2800.0,97.0
Busted Water Pipes,Comedy,5.3,193.0,103.0
Buster Brooks,Comedy,,,95.0
Butterfly,Comedy,6.2,89.0,120.0
Byeeee,Comedy,,,88.0
C'est Pas la Vie en Rose,Comedy,,,75.0
Cada día nace un listo,Comedy,6.0,52.0,97.0
Caitlin Peluffo: Prosciutto Rose,Comedy,6.5,7.0,
Caity,Comedy,6.7,8.0,95.0
Caleb 'The Grizzly Bear' Rogers Documentary,Comedy,,,
Can't Go Over It,Comedy,,,76.0
Cancel This Movie,Comedy,8.5,18.0,
Candy and the Pizza Ggirl,Comedy,4.3,57.0,100.0
Canelones,Comedy,8.2,21.0,91.0
Cansei de Ser Nerd,Comedy,4.7,16.0,86.0
Capsized,Comedy,,,105.0
Cardboard Wars,Comedy,8.7,74.0,53.0
Carmeni Selvam,Comedy,6.5,218.0,149.0
CarousHELL 4,Comedy,4.9,36.0,66.0
Carousel,Comedy,5.4,137.0,105.0
Carry on Jattiye,Comedy,5.5,3700.0,142.0
Cart Pushers,Comedy,,,48.0
Casi todo bien,Comedy,7.3,23.0,88.0
Castigo divino,Comedy,3.8,152.0,91.0
Catch Me If You Can - TK Kirkland,Comedy,,,87.0
Cats in the Museum: Treasures of Egypt,Comedy,5.4,47.0,90.0
Caution to the Wind,Comedy,,,
Ceci n'est pas Un Film Français,Comedy,7.3,6.0,
Cek Khodam,Comedy,5.4,16.0,110.0
Cena di classe,Comedy,6.0,562.0,94.0
Ceux qui comptent,Comedy,6.3,195.0,98.0
Chakkar Chavanni Ka,Comedy,,,
Chamcham,Comedy,,,111.0
Chasing Home,Comedy,9.3,15.0,
Chasing Summer,Comedy,6.2,181.0,91.0
Chatha Pacha,Comedy,6.3,4900.0,134.0
Cheburashka 2,Comedy,5.2,369.0,103.0
"Check Out Sekarang, Pay Later (Caper)",Comedy,6.3,47.0,93.0
Checkout: The Movie,Comedy,7.7,74.0,91.0
Cheer Dad,Comedy,8.3,33.0,
"Chelovek, kotoryy smeyotsya",Comedy,4.7,69.0,97.0
Cherni pari za beli noshti,Comedy,6.9,27.0,94.0
Chica Checa,Comedy,7.2,20.0,96.0
Chili Finger,Comedy,7.8,84.0,100.0
Chill Macha,Comedy,,,103.0
Chirudo,Comedy,6.6,102.0,88.0
Chop Breakfast,Comedy,,,
Chor Jugadi,Comedy,,,
Christmas Is Over,Comedy,8.8,56.0,
Chunks,Comedy,4.5,28.0,
Cinematic Carnage: The Movie,Comedy,,,486.0
City Boys: Golden Boyz,Comedy,7.1,1500.0,100.0
Clash of the Thundermans,Comedy,8.9,55.0,
Class Reunion 4: Friends for Life,Comedy,5.9,463.0,99.0
Classic Comedy Quickies,Comedy,,,57.0
ClayFighter,Comedy,,,98.0
Close-Up: An Oddyssey,Comedy,,,76.0
Clown & Out,Comedy,6.7,13.0,
Club Kid,Comedy,7.7,153.0,122.0
Cocktail 2,Comedy,6.6,30000.0,150.0
Coconut Valley,Comedy,,,80.0
Cody Clarke's Unofficial Roast of the Oscars,Comedy,,,100.0
Coin,Comedy,,,80.0
Cold Feet,Comedy,,,
Cold Storage,Comedy,6.0,28000.0,99.0
Collision Theory,Comedy,8.5,7.0,
Colors,Comedy,,,
Come il giorno e la notte,Comedy,,,
Company Sports Day,Comedy,,,113.0
Con City,Comedy,6.7,2400.0,150.0
Cooked,Comedy,,,
Cookie Queens,Comedy,5.7,375.0,91.0
"Copy, Credit, No Pay",Comedy,,,
Corporate Retreat,Comedy,3.7,796.0,90.0
Couples Weekend,Comedy,4.6,660.0,96.0
Cowgirl,Comedy,6.9,17.0,109.0
Coyote vs. Acme,Comedy,7.7,2300.0,101.0
Cracula,Comedy,8.4,5.0,97.0
Crash Land,Comedy,8.3,66.0,90.0
Crescendo,Comedy,6.4,164.0,134.0
Crocodile Dose,Comedy,7.8,9.0,65.0
Crossing a Dawn,Comedy,6.4,59.0,103.0
CupToons: The Pitcher Feature,Comedy,,,
Curse of the Influencers,Comedy,8.2,32.0,
Cursed Hearse,Comedy,2.4,74.0,96.0
Cuántica Rave,Comedy,5.4,8.0,83.0
Czarna godzina,Comedy,,,75.0
Cómo salvar el mundo,Comedy,,,
D*cks,Comedy,3.0,47.0,
D.I.S.C.O.,Comedy,6.5,4400.0,102.0
Daadi Ki Shaadi,Comedy,5.8,5800.0,155.0
Dalej Jazda! 2,Comedy,5.7,142.0,103.0
Dama Dum Mast Kalandar,Comedy,8.4,3500.0,149.0
Dan the Man,Comedy,,,52.0
Daniel McKeon: Boyboss,Comedy,,,56.0
Dara Ó Briain - Re: Creation,Comedy,7.5,53.0,65.0
Dark plague birds. Funny filming,Comedy,10.0,8.0,69.0
Dave & Bambi: The Movie,Comedy,,,61.0
Days of future: Minecraft,Comedy,,,92.0
De Volta à Bahia,Comedy,,,98.0
De la Comédie-Française,Comedy,7.0,773.0,75.0
De tal palo tal astilla,Comedy,7.1,12.0,85.0
De vuelta a los 80,Comedy,,,100.0
Dead Janitors Club,Comedy,,,120.0
Dead or Dying,Comedy,6.3,9.0,95.0
Dear Parents,Comedy,5.5,308.0,86.0
Dear Sis Dolly,Comedy,,,90.0
Death by Fruitcake,Comedy,2.0,6.0,89.0
Deathwoods,Comedy,8.5,46.0,83.0
Ded Fomich,Comedy,3.2,44.0,82.0
Dedmobil,Comedy,,,
Deeper Darker Longing,Comedy,,,
Deepfake,Comedy,6.7,8.0,86.0
Deewana,Comedy,8.2,1400.0,150.0
Delicieuse et Tragique,Comedy,,,110.0
Demain je tombe amoureux,Comedy,6.9,8.0,107.0
Demonetize,Comedy,7.6,20.0,90.0
Derby,Comedy,3.5,1500.0,135.0
Des Bishop - Bridge and Tunnel,Comedy,,,
Desert Fiends 2,Comedy,7.9,19.0,
Destroy All Horror Hosts?!,Comedy,,,119.0
Det grönaste gräset,Comedy,6.1,33.0,
Detective Chen 2,Comedy,5.7,36.0,90.0
Detention,Comedy,9.3,19.0,83.0
Dev Das na Leela,Comedy,,,132.0
Dhamaal 4,Comedy,8.1,36000.0,143.0
Dhodua: The Bratz Movie,Comedy,,,
Di Lemon! Di Musical: The True Story of the Man Who Introduced Vanilla to Hollywood,Comedy,,,86.0
Diary of a Chambermaid,Comedy,6.9,145.0,94.0
Die Abräumer,Comedy,7.0,40.0,
Die Ältern,Comedy,6.2,179.0,104.0
"Ding, Dong, Die!",Comedy,,,108.0
Dinner at the Parkers,Comedy,1.1,291.0,51.0
Dinosaur's of Dublin,Comedy,,,6.0
Dirty White Boy Singalong,Comedy,,,50.0
Divorce on Credit,Comedy,4.3,15.0,95.0
Do Us Part,Comedy,8.3,32.0,94.0
Dobryy doktor,Comedy,4.4,66.0,89.0
Doc Meets World,Comedy,,,84.0
Doct. Julu,Comedy,,,45.0
Doctor Gaf,Comedy,4.9,47.0,99.0
Doddanna Puttanna,Comedy,,,102.0
Dog with a Movie Camera,Comedy,,,93.0
Dokonalý den,Comedy,,,89.0
Domani interrogo,Comedy,6.4,105.0,97.0
Don't Get High Pilot,Comedy,,,
Don't Look Back: Damn Girl,Comedy,,,80.0
Don't Push That!,Comedy,9.0,16.0,
Donalds Dream,Comedy,,,
Doraemon: Nobita and the New Castle of the Undersea Devil,Comedy,6.2,194.0,102.0
Dos reinas sin un reino,Comedy,,,
Double Occupancy,Comedy,6.2,515.0,130.0
Dovolená v Ceském ráji,Comedy,,,90.0
Drag,Comedy,7.6,50.0,86.0
Drags to Riches,Comedy,,,110.0
Drax,Comedy,,,97.0
Dream Stall,Comedy,8.9,100.0,102.0
Dream Team,Comedy,6.2,284.0,127.0
Drinking and Driving,Comedy,,,106.0
Dulhaniya Le Aaeegi,Comedy,8.0,11000.0,127.0
Dungeons & Dickheads,Comedy,,,57.0
Duudsonit-elokuva: Kotiinpaluu,Comedy,5.1,160.0,90.0
Dwarf Princess,Comedy,,,
East West Love,Comedy,,,
Eat Pray Bark,Comedy,5.5,2400.0,91.0
Ebn Meen Feehom,Comedy,5.3,53.0,105.0
Eddie's Trailer Park,Comedy,,,
Edie Arnold Is a Loser,Comedy,8.0,35.0,73.0
Efectul Pufi,Comedy,6.5,14.0,89.0
Efes'in Sirri,Comedy,5.0,74.0,92.0
EgyBest,Comedy,7.0,504.0,110.0
Eiga Chiikawa: Ningyo no Shima no Himitsu,Comedy,7.4,460.0,99.0
Eiga Kureyon Shin-chan Kikikaikai! Ora no Yôkai Bake-shon,Comedy,6.6,34.0,101.0
Eiga Osomatsu-san Jinrui Kuzu-ka Keikaku!!!!!?,Comedy,7.0,11.0,104.0
Ein fast perfekter Antrag,Comedy,5.9,148.0,100.0
Ekasekalu,Comedy,,,50.0
El Arte es Oscuro y Está Lleno de Horrores,Comedy,6.5,19.0,120.0
El Gato de Borges,Comedy,7.6,5.0,65.0
El Gawahergy,Comedy,5.8,133.0,110.0
El Kalam Ala Eh (Awel Leila),Comedy,6.3,340.0,113.0
El Taser,Comedy,,,
El Tesoro del Fantasma,Comedy,,,90.0
El fantasma de mi mujer,Comedy,4.4,97.0,90.0
El mundo según Ana,Comedy,,,133.0
Election Day,Comedy,5.2,16.0,85.0
Elias Ehlers - Supermand,Comedy,,,72.0
Ella solo come carne,Comedy,4.3,46.0,72.0
Elle Times,Comedy,,,107.0
Elra Kaaleliyatte Kaala,Comedy,8.0,240.0,130.0
Emma the Cute Dog,Comedy,,,90.0
Enola Holmes 3,Comedy,5.7,30000.0,105.0
Enterrement en sursis,Comedy,,,96.0
Entre Bestias,Comedy,,,79.0
Episode Canceled,Comedy,,,
Era Uma Vez Minha 1ª Vez,Comedy,,,
Ernie & Emma,Comedy,9.2,83.0,88.0
Escape the Internet (Part 1),Comedy,,,90.0
Eto vsyo ona!,Comedy,,,
Eugene Mirman: Here Comes the Whimsy,Comedy,5.6,18.0,56.0
Eva y Adán en Miami,Comedy,,,
Every Night with My Wife,Comedy,,,45.0
Everything Else Is Noise,Comedy,6.8,56.0,71.0
Everything Will Be Fine,Comedy,7.7,102.0,113.0
Evolution,Comedy,5.3,182.0,94.0
Ewigi Liebi,Comedy,6.1,35.0,
Exhaustion Lines,Comedy,,,72.0
Extra Geography,Comedy,7.0,89.0,94.0
Extra Large,Comedy,,,121.0
Extrawurst,Comedy,6.4,1200.0,98.0
F(r)iction,Comedy,,,84.0
F*ck Valentines Day,Comedy,5.3,3200.0,95.0
F.E.Z.Z.,Comedy,,,82.0
Fallen Angels,Comedy,8.3,27.0,95.0
Falli 2,Comedy,7.1,29.0,113.0
Family Business,Comedy,4.6,300.0,110.0
Family Movie,Comedy,7.1,71.0,81.0
Fantasy Football,Comedy,,,
Fara sense filmul,Comedy,,,
Fat,Comedy,3.9,13.0,
Father's Day,Comedy,9.5,1000.0,132.0
Favorite Child,Comedy,,,
Feel My Voice,Comedy,6.6,1900.0,106.0
Fem-Ship,Comedy,,,
Feral,Comedy,,,
Fiddle Faddle Fortune,Comedy,,,80.0
Fifteen,Comedy,7.0,51.0,97.0
Fight Against Evil 3,Comedy,6.8,294.0,100.0
Filman,Comedy,,,116.0
Final Broadcast,Comedy,4.4,78.0,90.0
Finding Emily,Comedy,6.9,4100.0,111.0
Finding Mojo,Comedy,5.8,13.0,139.0
Finnegan's Foursome,Comedy,4.5,137.0,122.0
Finnegans Wake: Chapter 4,Comedy,,,80.0
Firki,Comedy,,,
First Night with Devva,Comedy,,,130.0
Five Friends 2: Mount Klawih,Comedy,7.0,102.0,122.0
Fixing Benny,Comedy,,,82.0
Flaggan,Comedy,,,
Flavia,Comedy,6.0,572.0,92.0
Flies,Comedy,7.5,280.0,102.0
For the Love of Gold,Comedy,8.5,13.0,114.0
Forbidden Fruits,Comedy,5.2,6800.0,103.0
Foreign Exchange,Comedy,,,
Forgotten Island,Comedy,6.8,166.0,109.0
Forty and Fabulous,Comedy,,,
Foufo,Comedy,7.1,57.0,120.0
Frammenti,Comedy,,,
Fredonia: The Movie,Comedy,5.3,870.0,105.0
French Girls,Comedy,5.3,16.0,
FriEnemy,Comedy,,,
Friday the 69th,Comedy,7.9,35.0,93.0
Friendly Viacom and Friends: The Movie,Comedy,,,86.0
Friends Forever,Comedy,7.9,58.0,87.0
"From Italy, with Love",Comedy,4.5,156.0,100.0
Fuck Boys,Comedy,,,120.0
Full House: Landing,Comedy,6.6,38.0,95.0
Full Phil,Comedy,5.5,53.0,78.0
Funky,Comedy,4.0,1100.0,128.0
Für immer 16,Comedy,6.6,17.0,73.0
G.O.A.T,Comedy,5.5,18.0,152.0
GOAT,Comedy,6.6,30000.0,100.0
Gaayapadda Simham,Comedy,4.6,1300.0,140.0
Gabriel Rutledge: A Reasonable Hour,Comedy,,,
Gail Daughtry and the Celebrity Sex Pass,Comedy,6.2,2800.0,94.0
Gaixieguizheng,Comedy,,,110.0
Gajanana Cricketers,Comedy,7.9,7.0,155.0
Gamskrimi,Comedy,,,115.0
Gandhi Talks,Comedy,6.0,827.0,130.0
Garuda: Dare to Dream,Comedy,8.3,47.0,78.0
Gatta Kusthi 2,Comedy,6.8,2800.0,154.0
Gerald's Retreat,Comedy,,,
Get Up Kingshuk,Comedy,8.7,7.0,80.0
Ghermeze Yavash,Comedy,1.8,37.0,91.0
Ghost in the Cell,Comedy,6.9,2100.0,106.0
Ghostfluencer,Comedy,5.4,9.0,105.0
Ghotala,Comedy,,,
Ginny Wedss Sunny 2,Comedy,4.5,5400.0,134.0
Gintama: Yoshiwara in Flames,Comedy,8.7,378.0,124.0
Girl Dad,Comedy,8.1,13.0,95.0
Girl Judge,Comedy,,,90.0
Girls und Panzer: Motto Love Love Sakusen Desu! Act 2,Comedy,5.9,10.0,72.0
Girls und Panzer: Motto Love Love Sakusen Desu! Act 3,Comedy,6.2,7.0,72.0
Girls und Panzer: Motto Love Love Sakusen Desu! Act 4,Comedy,,,72.0
Giva'a 338,Comedy,,,106.0
Give It Up,Comedy,9.0,84.0,89.0
Give Me Something Good,Comedy,8.2,10.0,40.0
Gobar Ganesh,Comedy,,,90.0
God I Want You,Comedy,,,
Godari Gattupaina,Comedy,7.2,1200.0,145.0
Godhead,Comedy,7.6,26.0,
Gohan,Comedy,7.7,699.0,145.0
Gon Learn Today,Comedy,,,76.0
Gong fu nv zu,Comedy,5.7,815.0,106.0
Good Vibes Only,Comedy,5.9,281.0,89.0
Graham Kay: Pete & Me,Comedy,,,
Graham Luis: The Mindrunner,Comedy,,,59.0
Greta e le favole vere,Comedy,7.2,12.0,
Grind,Comedy,7.8,74.0,104.0
Groom from Mars,Comedy,8.7,243.0,80.0
Gudang Merica,Comedy,5.3,15.0,98.0
GunBlade & Me,Comedy,1.5,33.0,92.0
HB2ME,Comedy,,,108.0
"Ha-Chan, Shake Your Booty!",Comedy,7.2,134.0,122.0
Haciendo amigos,Comedy,5.9,71.0,110.0
Hai Jawani Toh Ishq Hona Hai,Comedy,4.1,13000.0,136.0
Hamilton House,Comedy,,,83.0
Han ye deng zhu,Comedy,6.5,77.0,90.0
Handle with Care (Gianni Sacco and Miryam Orozco),Comedy,,,
Hands Up Who'd Like a Hug?,Comedy,7.7,8.0,89.0
Happy Hours,Comedy,8.8,35.0,80.0
"Happy New Year, Indie Film!",Comedy,,,
Happy Patel: Khatarnak Jasoos,Comedy,4.6,2600.0,119.0
Happy Raj,Comedy,6.7,1500.0,159.0
Harmony Streets,Comedy,,,85.0
Harusnya Horror,Comedy,3.6,251.0,106.0
Harvest,Comedy,,,
Hasta que amanezca,Comedy,5.9,54.0,87.0
Hasta que la celda nos separe,Comedy,,,85.0
Hasta que la verdad los separe,Comedy,,,65.0
Haunted Universities 4,Comedy,6.3,35.0,128.0
Hawddo Huliya,Comedy,,,
Heartin,Comedy,6.9,1200.0,119.0
Heer Sara,Comedy,6.2,16.0,99.0
Hekla,Comedy,8.6,25.0,89.0
Hell & Heaven,Comedy,,,65.0
Hella Drove 2,Comedy,8.5,7.0,
Henk Rijckaert: Apocalyps,Comedy,4.8,7.0,108.0
Her Song,Comedy,8.7,16.0,105.0
Here the Whole Time,Comedy,7.0,1300.0,100.0
Hero in the Hidden City,Comedy,,,92.0
Hey Balwanth,Comedy,5.8,859.0,135.0
Hi,Comedy,,,144.0
Hidden Secrets: The Movie,Comedy,,,
High Speed Outlaw,Comedy,,,
Hip Hip Hurray,Comedy,6.6,7.0,145.0
Hold It Now!!!,Comedy,8.3,24.0,
Holdo's Most Wanted: A Live Staged Reading of Star Wars - The Last Jedi,Comedy,8.0,8.0,
Hollywood '95,Comedy,,,
Holy Days,Comedy,5.9,581.0,101.0
Home Along da Riles: Da Reunion,Comedy,9.4,17.0,
Hood Love,Comedy,,,106.0
Hoppers,Comedy,7.2,83000.0,104.0
Horst Schlämmer Is Looking for Happiness,Comedy,4.4,377.0,93.0
Hot Water,Comedy,7.2,72.0,97.0
Hotel Excelsior,Comedy,6.7,30.0,75.0
Hotel «Sokolyne siajvo»,Comedy,8.6,8.0,
Hotspot 2 Much,Comedy,5.1,14000.0,120.0
How to Lose a Popularity Contest,Comedy,5.4,1100.0,102.0
How to Make a Killing,Comedy,6.5,41000.0,105.0
How to Talk Australians,Comedy,6.8,21.0,90.0
How to Trick Your Way Onto the Property Ladder,Comedy,7.5,10.0,
Hugo,Comedy,6.1,154.0,89.0
Human Theories,Comedy,,,71.0
Husbands in Action,Comedy,6.2,2300.0,107.0
I Am Ryan,Comedy,7.0,14.0,90.0
I Call Him Dog,Comedy,6.9,272.0,89.0
I Don't Speak English,Comedy,6.1,22.0,90.0
I Hate Found Footage,Comedy,4.8,119.0,61.0
I Hate Love,Comedy,,,
I Love Boosters,Comedy,6.6,8300.0,113.0
I Love Paris,Comedy,8.4,6.0,
I Saw Waluigi in Real Life,Comedy,,,
I Swiped the Wrong One,Comedy,6.8,7.0,
I Want Your Sex,Comedy,6.4,2300.0,90.0
I Watch Toy Story and Describe What Happens to You,Comedy,,1995.0,90.0
I chto-to eshchyo,Comedy,,,91.0
I'm Not Gangster,Comedy,5.7,41.0,96.0
Iberah,Comedy,,,
Ichata Love Ammabadunu Konabadunu,Comedy,8.8,1000.0,149.0
Idhayam Murali,Comedy,7.2,5600.0,150.0
Idiots,Comedy,6.0,418.0,98.0
Ik Anaar Doo Bemar,Comedy,,,
In Every Moment I Look for You,Comedy,,,55.0
In Memoriam,Comedy,8.1,32.0,118.0
In My Skin,Comedy,5.5,170.0,90.0
In Our 20s,Comedy,,,22.0
In salita,Comedy,8.1,11.0,73.0
In the Book Club,Comedy,,,
Indian Institute of Zombies,Comedy,5.2,1100.0,137.0
Indrajaal,Comedy,7.2,1100.0,136.0
Influenced,Comedy,4.1,109.0,88.0
Influencers,Comedy,1.0,11.0,
Innamorarsi e altre pessime idee,Comedy,7.4,20.0,96.0
Int. Hallway/Night,Comedy,5.3,11.0,83.0
Irene's Best Scenes,Comedy,,,103.0
Irregular,Comedy,,,80.0
Irréalisable,Comedy,7.2,25.0,88.0
Isabel,Comedy,6.4,60.0,85.0
It Takes a Village,Comedy,4.7,415.0,95.0
It's All Good,Comedy,5.9,48.0,91.0
It's Always Almost Over,Comedy,,,105.0
It's Family F***ing Business,Comedy,,,86.0
It's My Time,Comedy,6.2,60.0,107.0
It's OK,Comedy,6.6,306.0,118.0
Iz nicega u nista,Comedy,,,72.0
Jackass: Best and Last,Comedy,6.2,11000.0,92.0
Jackie the Stripper,Comedy,5.6,43.0,
Jake Staley's Ain't Nothing Funny Like the Truth,Comedy,,,58.0
Jason Thurston's Acting MasterClass with Jason Thurston,Comedy,,,76.0
Je M'appelle Agneta,Comedy,6.8,4400.0,113.0
Je Suis Hamlet,Comedy,,,
Jee Le Zaraa,Comedy,,,
Jeevan Bheema Yojana,Comedy,,,
Jess Elgene: Less of a Man,Comedy,,,
Jetlee,Comedy,5.4,495.0,135.0
Jim Queen,Comedy,7.6,951.0,85.0
Jonathan the Movie,Comedy,,,
Junkie Run,Comedy,,,
Just Our Luck,Comedy,,,
Just an Illusion,Comedy,7.3,1300.0,116.0
K sebe nezhno,Comedy,5.3,80.0,108.0
Kaakaa,Comedy,3.7,350.0,126.0
"Kabab, Sharab, Hesab!",Comedy,,,
Kadhal Aura - Madness of Love,Comedy,,,143.0
Kadhal Reset Repeat,Comedy,4.9,2200.0,135.0
Kai nesitiki,Comedy,7.0,140.0,82.0
Kaka Jamm Peya,Comedy,6.1,9.0,86.0
Kamen Rider Super King's Knight Legend Movie Third,Comedy,,,
Kanimangalam Kovilakam,Comedy,5.2,718.0,122.0
Karakkam,Comedy,4.1,2400.0,110.0
Karate Curtis 3: The New Millennium,Comedy,,,
Kardes Takimi 3,Comedy,4.2,117.0,105.0
Karuppu,Comedy,6.1,11000.0,150.0
Kassa nevest,Comedy,,,88.0
Kata Hati,Comedy,5.9,18.0,110.0
Kattriket,Comedy,8.1,68.0,116.0
Kavej 2,Comedy,6.3,22.0,109.0
Kdyz se zhasne,Comedy,4.2,19.0,96.0
Keep Real,Comedy,7.4,81.0,
Kelinka v zakone,Comedy,,,
Ken & Holly Skit Happens,Comedy,,,50.0
Kenatha Kanom,Comedy,5.6,236.0,116.0
"Kerja, Apa Dikerjain?",Comedy,,,67.0
Ketenpere: Dalavere,Comedy,2.8,320.0,
Ketok Mejik,Comedy,7.5,6.0,114.0
Khadak Singh Chauhan,Comedy,6.0,7.0,49.0
Khali Balak Min Nafsak,Comedy,5.7,143.0,105.0
Kheyter,Comedy,4.5,34.0,82.0
Kholop 3,Comedy,4.9,73.0,
Khreshchatyk 48/2,Comedy,6.6,17.0,86.0
Khushkhabri,Comedy,5.8,792.0,145.0
Kill Me,Comedy,7.6,36.0,104.0
Kill Will,Comedy,3.9,102.0,93.0
Killer baps,Comedy,,,120.0
Killing in Obscurity,Comedy,,,
Kingston,Comedy,,,96.0
Kirtaner Por Kirtan,Comedy,6.5,37.0,139.0
Koduwa the Nightbird,Comedy,,,111.0
Kommentiruy eto,Comedy,5.3,116.0,88.0
Koodothram,Comedy,7.1,35.0,137.0
Korat Fight: The Dream,Comedy,,,
Korean Kanakaraju,Comedy,7.7,2400.0,150.0
Korol i Shut. Navsegda,Comedy,5.0,169.0,118.0
Koshchey. Tayna zhivoy vody,Comedy,3.8,34.0,80.0
Kosmicheskaya sobaka Lida,Comedy,4.9,53.0,112.0
Krazy Kadhal,Comedy,,,103.0
Kudiyan Shehar Diyan,Comedy,,,108.0
"Kuko, Drobcek a Ratafak znovu zasahujú",Comedy,,,70.0
L'amor fuggente,Comedy,,,
L'arnaqueuse,Comedy,4.8,23.0,82.0
L'ikigaï,Comedy,,,97.0
L'infiltrée,Comedy,5.0,200.0,95.0
L'ultimo film del mondo,Comedy,,,77.0
LIK: Love Insurance Kompany,Comedy,5.6,4200.0,157.0
LOL 2.0,Comedy,5.4,309.0,100.0
La Familia del Barrio: La Maldición del Quinto Partido,Comedy,6.9,70.0,85.0
La Herencia de los Ramírez,Comedy,,,
La Nirvana,Comedy,4.9,9.0,98.0
La Nièvre du samedi soir,Comedy,,,71.0
La Noche Que Nunca Termina,Comedy,6.0,5.0,85.0
La casaca de Dios,Comedy,6.5,84.0,95.0
La familia Benetón +2,Comedy,4.2,88.0,87.0
La vida és Verdi,Comedy,6.4,7.0,
Ladies First,Comedy,5.8,35000.0,90.0
Lady Champagne,Comedy,7.5,25.0,99.0
Lagan Laagii Re,Comedy,8.3,81.0,166.0
Lakcha Men Essma (A piece from the sky),Comedy,7.4,17.0,100.0
Lapönia,Comedy,6.2,217.0,89.0
Lars & Mikael the movie,Comedy,,,70.0
Last Chance to Save,Comedy,7.6,224.0,116.0
Laughing Hearts,Comedy,,,129.0
Laura Laune: Glory Alleluia,Comedy,,,100.0
Lavoreremo da grandi,Comedy,5.6,346.0,110.0
Layak Nalayakk,Comedy,7.7,16.0,169.0
Le crime du 3e étage,Comedy,6.3,715.0,104.0
Le diable s'habille en Madras,Comedy,,,
Le vertige,Comedy,6.0,348.0,67.0
Learning to Breathe Under Water,Comedy,8.6,19.0,95.0
Lechindi Mahila Lokam,Comedy,4.2,127.0,111.0
Les Festivaliers,Comedy,,,
Les Parfait(s): Arnaques en famille,Comedy,5.6,44.0,94.0
Les Regards Parallèles,Comedy,,,75.0
Les caprices de l'Enfant-Roi,Comedy,5.9,87.0,115.0
Les femmes savantes,Comedy,,,120.0
Les gendarmes,Comedy,4.5,35.0,87.0
Les trois lascars 2,Comedy,,,
Les vacances de Golo & Ritchie,Comedy,5.5,16.0,80.0
Lessons in Love,Comedy,,,86.0
Let's Love,Comedy,4.9,113.0,82.0
Lewis and Clark in the Secret of the Bigfoot,Comedy,,,66.0
Libang Libu,Comedy,7.2,89.0,107.0
Lieblingsmenschen: Die außergewöhnliche Freundschaft von Agnes und Amir,Comedy,8.4,21.0,108.0
Life Dyamage,Comedy,5.8,10.0,120.0
Life on Mercury,Comedy,,,
Lino d'Italia - Storia di un ItAlieno,Comedy,6.7,9.0,90.0
Lirika,Comedy,7.1,27.0,73.0
Litter,Comedy,,,
Littermates,Comedy,,,87.0
Little Brother,Comedy,5.5,14000.0,102.0
Little Brownie Kuzya 2,Comedy,5.3,304.0,98.0
Little Tommy Trouble: The Helpful Hero,Comedy,,,
Little Towns,Comedy,,,123.0
Lo Naveena,Comedy,7.6,55.0,123.0
Lo chiamava Rock and Roll,Comedy,8.5,12.0,
Lo que intentamos ser.,Comedy,,,104.0
Loafers,Comedy,6.8,14.0,87.0
Lobo Estepario,Comedy,,,90.0
Lockdown,Comedy,,,
Locked In,Comedy,,,53.0
Loco México Mágico,Comedy,6.9,214.0,104.0
Look Behind,Comedy,8.1,19.0,107.0
Los Rechazados 2,Comedy,,,
Los ilusos 13 + 13,Comedy,7.2,14.0,93.0
Los justos,Comedy,6.6,62.0,89.0
Love Go Go Go!,Comedy,6.7,23.0,112.0
Love Is War,Comedy,,,
Love Language,Comedy,6.6,30.0,104.0
Love Oh Love,Comedy,6.6,2200.0,150.0
Love You Dadu Dadu Ji,Comedy,,,
Love Yourself,Comedy,,,
Love at Last,Comedy,5.0,3600.0,91.0
Love in Paradise,Comedy,5.9,192.0,
Love in Slow Motion,Comedy,3.9,299.0,91.0
Love on Tap,Comedy,8.4,27.0,90.0
"Love, Forgotten",Comedy,5.3,459.0,93.0
"Love, Ngo",Comedy,7.3,42.0,83.0
"Love, Sex, and Elections",Comedy,5.8,36.0,95.0
Lovepoint50,Comedy,,,
Loves Company,Comedy,8.3,8.0,95.0
Lu & Pau,Comedy,,,71.0
Luchshee leto v zhizni,Comedy,,,
Luck My Life,Comedy,5.2,32.0,103.0
Lucky Weekend,Comedy,,,80.0
Lucky the Superstar,Comedy,4.6,222.0,122.0
Lucy Schulman,Comedy,7.8,16.0,
Lulk,Comedy,7.8,12.0,87.0
Lunar Sway,Comedy,6.8,35.0,98.0
Luntik. Obratinaya Storona Luni,Comedy,,,80.0
Luottomies-elokuva: Lepoloma,Comedy,6.5,187.0,
M.R.P - Neekentha Naakentha?,Comedy,4.6,401.0,144.0
Ma mut la mama,Comedy,8.1,30.0,90.0
Maa Behen,Comedy,5.5,4800.0,127.0
Mabuhay,Comedy,,,88.0
Mad Dance Office,Comedy,6.1,27.0,106.0
Made Man,Comedy,,,54.0
Madhuvidhu,Comedy,6.5,1900.0,125.0
Mafia Daddies,Comedy,,,
Maharaja Hostel,Comedy,7.3,1100.0,129.0
Mahmoud El Tany,Comedy,5.4,35.0,
Main Vaapas Aaunga,Comedy,8.0,12000.0,167.0
Make Zhonghe Great Again,Comedy,6.0,73.0,125.0
Mallory's Ghost,Comedy,7.9,14.0,87.0
Mamachya Govyala Jauya,Comedy,8.2,1800.0,121.0
Man-O-Wolf: The Axe Wielding Werewolf from Hell,Comedy,,,
Mana ShankaraVaraprasad Garu,Comedy,5.7,3100.0,156.0
Manga Maaya,Comedy,8.3,1000.0,131.0
Mango Pachcha,Comedy,8.5,39.0,95.0
Mantra Muugdha,Comedy,7.8,317.0,180.0
Marcus James: The Movie 2,Comedy,7.9,20.0,
Marriage Bites,Comedy,3.7,150.0,109.0
Martin vuelve,Comedy,,,
Marvelous Mornings,Comedy,6.0,64.0,87.0
Masthishka Maranam,Comedy,6.4,7000.0,147.0
Mato Ou Morro,Comedy,,,88.0
Matuna Mutton Sikina Chiken,Comedy,5.9,11.0,
Mauje Dariya,Comedy,7.9,20.0,133.0
Mauvaise pioche,Comedy,5.3,173.0,90.0
Mawu-Sika,Comedy,,,
Mañana me caso,Comedy,,,
Me Before Me,Comedy,5.2,158.0,127.0
Me and hazel reset every N64 game,Comedy,,,339.0
Meercats Explode Dandelion,Comedy,,,86.0
Meet Me at the Eclipse,Comedy,7.8,89.0,118.0
Meet the Sickos,Comedy,,,80.0
Meeting Marsha,Comedy,,,84.0
"Mein bester Freund, seine Freundin und ich",Comedy,5.4,622.0,98.0
Memórias sobre o Espaço e o Tempo,Comedy,,,
Method Acting,Comedy,4.4,23.0,92.0
Mexico 86,Comedy,6.4,2800.0,95.0
Mi batte il corazon,Comedy,7.5,30.0,96.0
Microstar,Comedy,6.7,41.0,87.0
Middletown Connecticut Confidential,Comedy,,,46.0
Mikael: Pemburu Dua Alam,Comedy,5.2,132.0,120.0
Mike & Nick & Nick & Alice,Comedy,6.2,26000.0,107.0
Milijonieriaus Jubiliejus,Comedy,5.4,203.0,95.0
Milky Subway: The Galactic Limited Express to the Theater,Comedy,6.8,298.0,46.0
Minions & Monsters,Comedy,6.4,28000.0,90.0
Minnie's Midnight Massacre,Comedy,3.8,259.0,79.0
Mismatch,Comedy,5.6,12.0,100.0
Miss Matched,Comedy,,,113.0
Mister Middle Class,Comedy,5.7,1200.0,124.0
Mitoloji Mafyasi,Comedy,,,
Moana,Comedy,5.8,14000.0,115.0
Modha Rathiri,Comedy,9.1,1100.0,150.0
Mohiniyattam,Comedy,7.6,3100.0,145.0
Mojados En Navidad,Comedy,,,
Molly's GayWakening,Comedy,,,
Mollywood Times,Comedy,7.2,5100.0,150.0
Momacu,Comedy,6.1,119.0,129.0
Momenti di donne,Comedy,,,89.0
Monster Mia,Comedy,8.0,23.0,81.0
Moonwalk,Comedy,,,
Mor Lam Rhythm,Comedy,4.6,8.0,100.0
Mother Future Self,Comedy,6.7,8.0,90.0
Mother Promise,Comedy,7.0,94.0,166.0
Mother's Pride,Comedy,6.4,1500.0,93.0
Movie Magic,Comedy,,,90.0
Moy papa - medved 2,Comedy,,,
Mr. Griffin Goes to Court,Comedy,9.2,12.0,89.0
Mr. Work from Home,Comedy,4.6,1200.0,130.0
Muffled,Comedy,,,
Muito Prazer,Comedy,,,98.0
"Mum, I'm Alien Pregnant",Comedy,6.9,175.0,95.0
Musik,Comedy,7.2,8.0,
Mustafa Mustafa,Comedy,3.8,753.0,118.0
Mutluyuz Mu?,Comedy,4.3,496.0,94.0
My CEO Thinks I'm a Robot,Comedy,,,55.0
My Dead Summer,Comedy,3.8,18.0,
My Fair Dairy,Comedy,,,
"My High School Girlfriend, Your Wife",Comedy,8.9,59.0,85.0
My Imaginary Life for Someone,Comedy,,,
"My Momma and Her Clients State That I Am a Tender, Cute, Stylish, and Fashionable Artist!",Comedy,,,61.0
My Space Dog,Comedy,5.6,54.0,105.0
Mystery Inc. II: Curse of the 13th Spirit,Comedy,,,88.0
Más caliente que el infierno,Comedy,5.7,34.0,77.0
Na Willa,Comedy,7.9,297.0,118.0
Na derevnyu dedushke 2,Comedy,3.8,15.0,99.0
Namaslay,Comedy,7.8,63.0,112.0
Nari Choritro Bejay Jotil,Comedy,6.2,149.0,132.0
Nari Nari Naduma Murari,Comedy,5.7,3600.0,140.0
Natwar,Comedy,,,75.0
Ne odna doma 3. Vypusknoy,Comedy,2.9,49.0,108.0
Necekané léto,Comedy,5.5,32.0,91.0
Nekdo to rad v Plzni,Comedy,5.9,46.0,100.0
Nesvyataya Valentina,Comedy,4.0,45.0,104.0
Neutrals,Comedy,,,75.0
Never Change!,Comedy,4.5,1000.0,98.0
New Dead Friends,Comedy,,,65.0
New High Score,Comedy,,,
New in Original Packaging,Comedy,,,89.0
Next Life,Comedy,8.5,35.0,112.0
Nghi He So Nghi Huu,Comedy,7.0,15.0,117.0
Nha Minh Di Thoi,Comedy,6.2,13.0,115.0
Ni contigo ni sin mí,Comedy,4.3,11.0,81.0
"Ni vue, ni connue",Comedy,,,103.0
Nichtsnutze,Comedy,,,98.0
Night King,Comedy,6.9,728.0,132.0
Night Terrors: Blood Date on Trade Street,Comedy,,,90.0
Niu Lai,Comedy,6.5,1000.0,86.0
No Fuxx Given,Comedy,,,
No Good Men,Comedy,7.4,395.0,103.0
No Good! Oh Ji San,Comedy,6.0,12.0,104.0
No Place to Be Single,Comedy,5.5,1200.0,103.0
No Rock Unturned,Comedy,,,79.0
No Room for Love,Comedy,7.6,7.0,95.0
No Translation Required,Comedy,,,
Noblestone,Comedy,,,94.0
Non è la fine del mondo,Comedy,7.7,10.0,100.0
Northbound,Comedy,7.6,16.0,92.0
Northeastern Bro III,Comedy,,,
Not Pure,Comedy,,,
Notas al pie de página,Comedy,,,98.0
Nothing Between Us,Comedy,5.3,269.0,90.0
Notte prima degli esami 3.0,Comedy,5.0,121.0,95.0
Novaya tyoshcha,Comedy,4.3,161.0,96.0
Noyeux Joël,Comedy,,,63.0
Nu mam!,Comedy,6.4,286.0,90.0
Nuda Propiedad,Comedy,,,
Nunca Digas Nunca,Comedy,,,
Négy évszak,Comedy,,,76.0
Nøjsomheden,Comedy,7.0,11.0,
O Grande Furto Paulista,Comedy,,,
O Shaolin do Sertão 2,Comedy,7.0,10.0,
O filho da puta,Comedy,,,72.0
OIC Gadafi,Comedy,4.5,26.0,120.0
OPE! A Minnesota Mamma Mia,Comedy,,,
Odore! Yakuza,Comedy,,,104.0
Off the Air,Comedy,5.6,372.0,92.0
Office Romance,Comedy,5.8,23000.0,114.0
Oflu Hoca 6: Define,Comedy,4.8,17.0,100.0
Oh Laila Tere Peeche Padd Gaye Apni Jaan Nisaar Kar Gaye,Comedy,,,
Oh..! Sukumari,Comedy,5.2,95.0,145.0
Ohridski ludorii,Comedy,,,90.0
Okanjuwa,Comedy,,,
Okay! Madam 2,Comedy,5.4,14.0,108.0
Olay Para,Comedy,,,
Oldburgh,Comedy,4.4,33.0,111.0
Oliver Tree - Celebration of Life,Comedy,,,160.0
Oliver West,Comedy,8.6,14.0,
Om Shanti Shanti Shantihi,Comedy,5.8,167.0,130.0
On Est Ensemble,Comedy,,,
Once Upon a Time in a Cinema,Comedy,6.5,211.0,93.0
One Last Ride,Comedy,,,
One Man a Week,Comedy,4.9,188.0,97.0
One Night Only,Comedy,6.3,4900.0,102.0
One Two Cha Cha Chaa,Comedy,5.1,2300.0,160.0
One and a Half,Comedy,,,
One of the Good Ones,Comedy,7.6,45.0,84.0
Only What We Carry,Comedy,6.6,21.0,93.0
Onna Tuesday,Comedy,8.4,11.0,
Onsen Shark 2: Kyushu Daikessen,Comedy,,,88.0
Ooh La La 2,Comedy,5.1,457.0,91.0
Opa Papa,Comedy,,,104.0
Open Mic Odyssey,Comedy,,,180.0
Open to Interpretation,Comedy,,,93.0
Operasi Pesta Copet,Comedy,7.5,14.0,113.0
Operation Taco Gary's,Comedy,5.4,887.0,88.0
Orange Justice,Comedy,5.8,43.0,
Orevwa,Comedy,,,
Orgullo y prejuicio,Comedy,,,94.0
Orgy of the Dead 2,Comedy,7.2,15.0,64.0
Oru Durooha Saahacharyathil,Comedy,6.1,3100.0,135.0
Os Emergentes,Comedy,6.2,12.0,95.0
Oshiri-Front Man: The Revival of the Oshiri-Front Empire,Comedy,,,78.0
Otpusk na vsyu golovu,Comedy,2.3,24.0,78.0
Oublie pas le gruau,Comedy,,,75.0
Our Effed Up World,Comedy,5.4,23.0,67.0
Our Inheritance,Comedy,,,
Our Lovely Asian Daughter,Comedy,,,76.0
Out There,Comedy,7.5,12.0,80.0
Out of Tune: Lost in Rosario,Comedy,,,81.0
Outback Dale,Comedy,8.9,13.0,
Outcome,Comedy,4.5,12000.0,83.0
Outerbound,Comedy,,,97.0
Ovce zerou první,Comedy,3.8,5.0,80.0
Over Your Dead Body,Comedy,6.3,32000.0,105.0
OwlPellet,Comedy,,,47.0
Owner of a Lonely Heart,Comedy,,,50.0
Oye Bhole Oye 2,Comedy,7.0,1600.0,142.0
PAW Patrol: The Dino Movie,Comedy,6.2,1700.0,88.0
Pace Yourself,Comedy,,,97.0
Pair o Deez,Comedy,,,
Pale Magic,Comedy,,,76.0
Pallaburusu,Comedy,7.4,2000.0,145.0
Panda Plan 2: The Magical Tribe,Comedy,4.4,609.0,100.0
Panyi I Sea You,Comedy,7.4,9.0,
Papa mozhet,Comedy,4.0,40.0,89.0
Papi Ricky,Comedy,,,
Paradeisa,Comedy,,,79.0
Paralyzed by Hope: The Maria Bamford Story,Comedy,8.1,34.0,116.0
Parapeto,Comedy,,,
Paraíso para dos,Comedy,,,
Parimala and Co,Comedy,6.0,1200.0,146.0
Party Foul,Comedy,,,
Party USA,Comedy,7.9,26.0,89.0
Passengers,Comedy,,,55.0
Pati Patni Aur Woh Do,Comedy,5.8,8900.0,117.0
Paul Mirabel - Par amour,Comedy,,,75.0
Paul Smith: Pablo Live,Comedy,7.0,57.0,85.0
Pay to Die,Comedy,,,
Pee Nak 5,Comedy,5.4,64.0,120.0
Pegasus 3,Comedy,6.6,1000.0,126.0
Pennu Case,Comedy,4.9,320.0,112.0
People We Meet on Vacation,Comedy,6.6,52000.0,117.0
Per Aspera Ad Astra,Comedy,6.4,1300.0,111.0
Perfektie,Comedy,7.8,109.0,
Pergunte ao Huggy Wuggy 2,Comedy,,,
Permis de détruire,Comedy,4.2,19.0,97.0
Petrolheads,Comedy,8.8,9.0,
Petrushka,Comedy,3.4,70.0,91.0
Petty,Comedy,,,110.0
Pferd am Stiel,Comedy,7.5,14.0,80.0
Phillip Philadelphia,Comedy,,,
Phoenix Jones: The Rise and Fall of a Real Life Superhero,Comedy,7.8,14.0,105.0
Phonibabu Viral,Comedy,,,
Pick me Girls,Comedy,8.2,6.0,80.0
Pickleball,Comedy,3.9,124.0,112.0
Pickleball Pete,Comedy,2.7,108.0,69.0
Pickleballers,Comedy,,,109.0
Pickleheads,Comedy,5.0,7.0,79.0
Picture,Comedy,9.6,543.0,159.0
Picture Boyz,Comedy,9.3,125.0,112.0
Piep*zyc Mickiewicza 3,Comedy,5.2,259.0,92.0
Pillow Armor,Comedy,4.6,12.0,95.0
Pimposium,Comedy,9.4,11.0,48.0
Pitt Siyapa,Comedy,6.9,1200.0,132.0
Pizza Movie,Comedy,5.9,11000.0,97.0
Pizza Movies,Comedy,6.6,89.0,95.0
Plan C,Comedy,6.5,31.0,89.0
Plantman & Blondie: A Dress Up Gang Film,Comedy,8.6,17.0,96.0
Playing POTUS,Comedy,6.8,9.0,92.0
Pluto,Comedy,5.9,1100.0,129.0
Po vecerce,Comedy,7.3,7.0,107.0
Poberta,Comedy,7.5,29.0,118.0
Pok,Comedy,,,109.0
Police Flash 80,Comedy,6.3,338.0,86.0
Police du Cuibistan,Comedy,,,
Policë për jetë,Comedy,7.2,25.0,85.0
Polis,Comedy,4.6,81.0,80.0
Ponderosa,Comedy,5.6,13.0,90.0
PonyGirls666,Comedy,,,
Pookie,Comedy,5.3,163.0,132.0
Porch Banditz,Comedy,,,101.0
Posledniy bogatyr. Kolobok,Comedy,1.1,2400.0,109.0
Potassium: The Movie,Comedy,,,102.0
Potyag «Chervona ruta»,Comedy,7.1,37.0,
Poultrygeist 2: Dawn of the Chicken Dead,Comedy,,,
Poupiya,Comedy,,,95.0
Power Ballad,Comedy,6.7,7400.0,98.0
Practical Magic 2,Comedy,,,110.0
Prakambanam,Comedy,5.7,2500.0,150.0
Premarital,Comedy,4.6,140.0,93.0
Prendiamoci una pausa,Comedy,5.4,218.0,102.0
Preschool,Comedy,5.0,526.0,104.0
Presidentin kyyditys,Comedy,6.6,65.0,87.0
Priklyucheniya zhyoltogo chemodanchika,Comedy,5.1,163.0,94.0
Princezna stokrat jinak,Comedy,5.8,28.0,118.0
Privadas de Suas Vidas,Comedy,5.4,75.0,111.0
Project Baby,Comedy,,,110.0
Project Hail Mary,Comedy,8.2,524000.0,156.0
Promoter Boudi,Comedy,7.6,5.0,128.0
Ptica na stazi slonova,Comedy,,,
Purushaha,Comedy,4.7,25.0,140.0
Putin Strikes Back 2,Comedy,,,67.0
Pyaar Prema Kalyanam,Comedy,7.4,1400.0,126.0
Pyaar Prema Pei,Comedy,,,45.0
På Villspor,Comedy,,,108.0
Qian jin bu huan,Comedy,,,
Quarter Life Chaos,Comedy,,,66.0
Quartier libre,Comedy,,,
"Quem Tem Com Que Me Pague, Não Me Deve Nada",Comedy,5.0,6.0,100.0
Quy Tu Vuot Giau,Comedy,,,118.0
Raakaasa,Comedy,6.7,4000.0,130.0
Rahu Ketu,Comedy,4.5,3300.0,140.0
Rai' Da King's Now or Never,Comedy,,,60.0
Raita Phail Gaya,Comedy,,,137.0
Raja the Raja,Comedy,3.4,54.0,135.0
Rajni Ki Baraat,Comedy,7.6,22.0,124.0
Ram in Leela,Comedy,8.6,6200.0,141.0
Ran Shao ba! Ba Ba,Comedy,,,
Raspakovka,Comedy,3.8,49.0,82.0
Ravioli Oli,Comedy,3.4,87.0,85.0
Ready 2 Stumble,Comedy,,,
Ready or Not 2: Here I Come,Comedy,6.5,72000.0,108.0
Real Couples,Comedy,,,
Reckless,Comedy,5.2,1300.0,91.0
Red,Comedy,,,
Reel Too Real,Comedy,,,97.0
Relationship Goals,Comedy,4.6,1600.0,93.0
Remarkably Bright Creatures,Comedy,7.6,48000.0,111.0
Remembering the Tufts,Comedy,,,
"Repose en paix, si tu peux",Comedy,,,83.0
Return of the Jungle,Comedy,8.4,2300.0,96.0
Reunion,Comedy,8.2,30.0,
Reunion: The Last Supper,Comedy,,,94.0
Revenge,Comedy,,,80.0
Rich Girl Rehab,Comedy,,,
RiffTrax Presents: High Treason,Comedy,,,68.0
RiffTrax Presents: I Love Trouble,Comedy,,,89.0
RiffTrax Presents: Inspector Mom - Mother Goose Murder,Comedy,,,46.0
RiffTrax Presents: Inspector Mom - The Corpse's Costume,Comedy,,,47.0
RiffTrax Presents: The Ghost Ship,Comedy,,,71.0
RiffTrax: Beyond the Ring,Comedy,,,68.0
Right on Time,Comedy,,,
Riusciranno i nostri eroi: Il cinema di Age & Scarpelli,Comedy,,,90.0
Robbery at the Rockvale Theatre,Comedy,8.3,8.0,
Robonyanya,Comedy,3.0,33.0,89.0
Rock Concert: Excretion Part 2,Comedy,,,53.0
Roditelskiy dom,Comedy,5.1,50.0,97.0
Rolling,Comedy,5.8,25.0,100.0
Rom Coms Must Die,Comedy,8.1,8.0,
Roma elastica,Comedy,5.6,47.0,107.0
Ron,Comedy,,,130.0
Roommates,Comedy,5.7,9600.0,107.0
Rope Tied,Comedy,,,77.0
Rosebush Pruning,Comedy,5.2,1500.0,97.0
Rotate,Comedy,,,420.0
Rules of Love,Comedy,,,79.0
Rumis356: La Película,Comedy,,,100.0
Run Amok,Comedy,6.1,107.0,96.0
Récolte de la tomate par des Cardinaux apoplectiques au bord de la mer rouge,Comedy,,,88.0
Sachien Loves Shalini,Comedy,,,103.0
Sacred Creatures,Comedy,8.2,5.0,105.0
Sakamoto Days,Comedy,7.5,61.0,128.0
Salim and Layla,Comedy,,,
Saltstänk & Smuggelsprit,Comedy,,,
Samam,Comedy,,,117.0
Samaya legkaya lodka v mire,Comedy,,,99.0
Same Day Error,Comedy,,,45.0
Same Same But Different,Comedy,7.9,35.0,105.0
Sampradayaini Suppini Suddapusaani,Comedy,5.3,376.0,135.0
Sana y Salva,Comedy,,,112.0
Sandokan XXX parody,Comedy,,,
Sanguine,Comedy,6.0,109.0,103.0
Santiago Vs. Job,Comedy,,,
Santiago vs. Job: The Sequel,Comedy,,,
Saqr W Kanaria,Comedy,6.3,311.0,125.0
Sara,Comedy,,,
Sarkari Damad,Comedy,8.4,8.0,170.0
Sathi Leelavathi,Comedy,3.6,174.0,131.0
Sattendru Maarudhu Vaanilai,Comedy,4.0,135.0,120.0
Savage House,Comedy,6.1,1300.0,113.0
Saving Ava,Comedy,,,
Scary Movie 6,Comedy,4.8,52000.0,100.0
Scent of Pho,Comedy,6.8,75.0,111.0
"Scratchy, Cage and Tumbleweed",Comedy,,,90.0
Scuola di seduzione,Comedy,5.4,188.0,
Se Upp!,Comedy,9.4,15.0,53.0
Seat Edge,Comedy,7.6,581.0,128.0
Secret of Kalinga,Comedy,5.1,6100.0,120.0
See You When I See You,Comedy,7.5,112.0,101.0
Seeing You,Comedy,5.3,29.0,90.0
Seekers of Infinite Love,Comedy,7.1,36.0,91.0
Semi-Famous,Comedy,,,
Semolina Pilchard,Comedy,9.4,10.0,124.0
Setannya Cuan,Comedy,8.1,9.0,106.0
Seva Bhavi,Comedy,7.4,8.0,
"Sex, Drugs, and Open Mics",Comedy,,,126.0
Shabab El Bomb 3,Comedy,5.3,128.0,
Shank,Comedy,,,105.0
She Cries Murder,Comedy,5.9,47.0,87.0
She Gets Me,Comedy,,,
She Keeps Me Young,Comedy,,,91.0
She Who Must Not Be Named,Comedy,7.5,11.0,116.0
Sheep's Clothing,Comedy,,,
Shin Gekijô-ban Keroro Gunsô Fukkatsu Shite Sokkô Chikyû Metsubô no Kiki de Arimasu!,Comedy,6.2,16.0,109.0
Showdown in Secret City,Comedy,7.4,296.0,95.0
Shubh Mangal Dhamal,Comedy,7.0,254.0,135.0
SiMP,Comedy,8.6,286.0,
Siddha,Comedy,,,133.0
Side Heroes,Comedy,,,
Sidetracked,Comedy,,,6.0
"Sie glauben an Engel, Herr Drowak?",Comedy,7.0,108.0,127.0
Sing Geetham,Comedy,6.6,1000.0,140.0
Sinking Road,Comedy,8.3,21.0,56.0
Sinner Supper Club,Comedy,,,70.0
Six String Sky,Comedy,8.3,11.0,85.0
Skate to Hell,Comedy,3.2,395.0,100.0
Skeet Carter: Hey Baby,Comedy,,,61.0
Skintown,Comedy,7.9,25.0,99.0
Skurkarnas skurk,Comedy,5.5,341.0,96.0
Slade Ham: The One That Got Away,Comedy,,,54.0
Slash III,Comedy,8.0,10.0,113.0
Slay,Comedy,,,89.0
Small Talk,Comedy,7.8,9.0,71.0
Smart Working,Comedy,6.5,60.0,85.0
Smeshariki. Skvoz vselennye,Comedy,5.5,62.0,85.0
Smile... The Worst is Yet to Come,Comedy,8.5,30.0,84.0
Smoked Too,Comedy,,,92.0
Snakebite,Comedy,,,103.0
Snooze You Lose,Comedy,,,109.0
So Happy It Hurts,Comedy,9.0,12.0,
Societies by Accident,Comedy,5.4,261.0,85.0
Solo Mio,Comedy,6.6,15000.0,96.0
Something You Should Know About Me,Comedy,9.2,12.0,85.0
Sommer auf Asphalt,Comedy,6.7,71.0,92.0
Son of Jackass: Grand and Final,Comedy,7.1,10.0,93.0
Son-in-Law,Comedy,4.2,246.0,103.0
Song Hy Lam Nguy,Comedy,3.6,13.0,113.0
Spa,Comedy,5.7,309.0,118.0
Spa Weekend,Comedy,5.4,874.0,97.0
Spare Time,Comedy,,,70.0
Spark,Comedy,,,
Sparks,Comedy,4.9,27.0,78.0
Special Delivery,Comedy,,,
Special Op: Rent-a-Cop,Comedy,4.7,40.0,84.0
Spectacular by Comparison,Comedy,9.2,42.0,93.0
Specter's Rock,Comedy,5.3,34.0,152.0
Spider Island,Comedy,7.1,16.0,95.0
Sport Heart,Comedy,6.6,84.0,89.0
Sprunki: The Movie,Comedy,7.7,77.0,98.0
Squatch,Comedy,6.2,98.0,87.0
Starjuice,Comedy,,,79.0
Starlight,Comedy,,,85.0
Staryy oryol,Comedy,7.7,11.0,94.0
Stebbi movie,Comedy,,,83.0
Steckerlfischfiasko,Comedy,6.7,272.0,99.0
Still Sexy,Comedy,4.3,226.0,100.0
Stop! That! Train!,Comedy,5.8,3200.0,90.0
Stories About My Body,Comedy,,,
Straight Fire,Comedy,8.3,9.0,114.0
Strange Things Happen at the Weird House 3,Comedy,,,
Strangers in the Park,Comedy,6.5,1200.0,115.0
Streakers,Comedy,,2025.0,66.0
Student Film: The Movie,Comedy,8.2,13.0,123.0
Sudhipuranam,Comedy,7.7,7.0,120.0
Sukhamano Sukhamann,Comedy,5.3,796.0,107.0
Sumathi Sathakam,Comedy,6.7,3000.0,145.0
Summer 2000: The X-Cetra Story,Comedy,8.8,6.0,104.0
Summer of '76,Comedy,,,
Sunny Dancer,Comedy,7.3,838.0,106.0
Suntu Gutuc' - Love Game,Comedy,,,
Super Hit,Comedy,7.0,519.0,135.0
Super Mario Bros. Origins,Comedy,7.2,15.0,117.0
Super Troopers 3,Comedy,6.1,1600.0,104.0
Super parrs 3,Comedy,,,98.0
SuperCeros,Comedy,,,
Superbuhei,Comedy,,,105.0
Sura Detuwo,Comedy,,,
Surprise! Feature Film,Comedy,,,
Surti Locho,Comedy,,,125.0
Susana and Elvira: No Plan B,Comedy,4.5,173.0,
Svadba,Comedy,7.3,4600.0,95.0
Svenska revyn,Comedy,6.4,19.0,180.0
Svihaci,Comedy,4.8,20.0,100.0
Svingerid 2,Comedy,4.6,44.0,
Svoya v dosku,Comedy,4.7,68.0,92.0
Swapped,Comedy,7.3,24000.0,98.0
Sweet Rogue Killer 'SRK': The Killer's Game,Comedy,8.0,5.0,
Sweety Naughty Crazy,Comedy,6.6,430.0,142.0
Swipe Wrong,Comedy,,,
Szivacs: Folytatás,Comedy,,,94.0
Säärane mulk,Comedy,6.5,59.0,90.0
T.A.C.O.S: Twenty Aged Commies from Outer Space,Comedy,,,65.0
TN 2026,Comedy,3.4,937.0,125.0
Table for Two,Comedy,,,
Tahle párty je DEAD,Comedy,,,100.0
Take Me Home,Comedy,7.4,81.0,91.0
Tales from the Crypto,Comedy,,,93.0
Tango Europa,Comedy,,,103.0
Tanto il Finale lo Conosciamo,Comedy,,2026.0,48.0
Tanya i kosmonavt,Comedy,,,
Tapu Sena,Comedy,,,121.0
Ten Will,Comedy,,,
Tera Yaar Hoon Main,Comedy,3.5,43.0,146.0
Terapia Familiar,Comedy,,,
Terri Joe: Missionary in Miami,Comedy,5.3,644.0,82.0
Thaai Kizhavi,Comedy,7.5,2700.0,150.0
Thalaivar Thambi Thalaimayil,Comedy,6.9,3300.0,113.0
Thank You Satan,Comedy,,,93.0
That Friend,Comedy,7.7,10.0,89.0
That One Summer,Comedy,9.4,34.0,90.0
That's Her,Comedy,,,95.0
Thata Thai Gayu Tata Thaiya,Comedy,7.5,6.0,117.0
The Adventures of Gabriel and Marcy,Comedy,,,85.0
The Adventures of Wilfred Finch,Comedy,,,
The Amapiano,Comedy,,,
The Amateur Screenplay,Comedy,,,61.0
The Amazing Digital Circus: The Last Act,Comedy,7.5,6200.0,95.0
The American Dream,Comedy,7.3,1600.0,122.0
The Bard Bites Back,Comedy,,,60.0
The Bard of Castle Combe,Comedy,,,20.0
The Beast of Riverside Hollow,Comedy,7.2,15.0,107.0
The Bench,Comedy,,,19.0
The Better Man,Comedy,,,99.0
The Bible Show,Comedy,,,50.0
The Big League,Comedy,8.4,12.0,104.0
The Birdman,Comedy,,,
The Blood Countess,Comedy,5.7,112.0,118.0
The Book Movie,Comedy,,,
The Breadwinner,Comedy,5.6,4100.0,99.0
The Bus,Comedy,,,90.0
The Charitable Sisterhood of the Second Trinity Victory Church,Comedy,7.4,6.0,86.0
The Cigarette,Comedy,2.8,19.0,83.0
The Conspiracists,Comedy,8.3,33.0,92.0
The Conspiracy Mindset,Comedy,,,60.0
The Cowboy Killer,Comedy,6.9,15.0,94.0
The Cringy Life of a Replaceable Kid,Comedy,,,163.0
The Crush,Comedy,5.1,38.0,105.0
The Crystal Planet,Comedy,7.3,28.0,97.0
The Cultured Culchie,Comedy,,,
The Dangers in My Heart,Comedy,7.3,299.0,101.0
The Devil Wears Prada 2,Comedy,6.3,107000.0,119.0
The Dink,Comedy,6.1,9800.0,102.0
The Divine Tragedy,Comedy,6.6,30.0,101.0
The Drama,Comedy,7.1,118000.0,105.0
The Dreamer Cinderella,Comedy,7.8,60.0,94.0
"The Dripton Files: More Mummy, More Problems",Comedy,,,54.0
The Drop,Comedy,,,
The Electric Kiss,Comedy,6.7,589.0,122.0
The End of the Punchline,Comedy,,,72.0
The Ethansponge Investigation Part 3,Comedy,4.6,10.0,88.0
The Evil Sock,Comedy,,,
The Fall of Sir Douglas Weatherford,Comedy,6.1,267.0,95.0
The Family Recipe,Comedy,8.6,19.0,
The Final Episode,Comedy,,,
The Format,Comedy,8.8,57.0,
The Formula for Happiness,Comedy,6.1,9.0,50.0
The Four Gates of Death,Comedy,3.7,130.0,78.0
The Gallerist,Comedy,4.5,221.0,94.0
The Gang on Douglass Street,Comedy,,,63.0
The Ghost Who Stayed to Get Married,Comedy,6.7,6.0,
The Golden K Award,Comedy,4.8,331.0,97.0
The Good Assassin,Comedy,9.4,5.0,
The Goofings Movie,Comedy,,,60.0
The Great American Roadtrip in America,Comedy,,,98.0
The Great Grand Superhero: Aliens Ka Aagman,Comedy,6.9,2900.0,112.0
The Guy Who Didn't Like Musicals: Reprised!,Comedy,8.1,46.0,
The Hail Mary,Comedy,7.7,126.0,125.0
The Happiest Man,Comedy,2.5,10.0,
The Heiress,Comedy,,,
The History of Concrete,Comedy,7.7,188.0,102.0
The Hoodoos,Comedy,5.0,108.0,
The Hot Games,Comedy,,,
The House That Zombies Built,Comedy,,,
The Idiots,Comedy,,,
The Incomer,Comedy,7.3,172.0,102.0
The Invite,Comedy,7.5,53000.0,107.0
The JCR1216s Some Idiots Movie,Comedy,,,62.0
The Jiddy Movie,Comedy,,,
The Killer Balloon: 'Til Death Do Us Part,Comedy,,,97.0
The King of My Love,Comedy,4.4,184.0,111.0
The King of the Internet,Comedy,6.2,33.0,135.0
The Last Game,Comedy,9.1,91.0,86.0
The Last Sunday of High School,Comedy,8.1,10.0,65.0
The Last Temptation of Becky,Comedy,7.8,27.0,89.0
The Last of the Big-Time Promoters,Comedy,,,96.0
The Lemon Tree,Comedy,,,
The Light You Follow,Comedy,,,90.0
The Loneliest Man in Town,Comedy,7.3,116.0,86.0
The Mafia Mouse,Comedy,8.5,6.0,70.0
The Man,Comedy,,,48.0
The Match-Stick Flame 3: Red Mafia,Comedy,4.0,15.0,69.0
The Moment,Comedy,6.1,5700.0,103.0
The Motherload,Comedy,,,92.0
The Musical,Comedy,6.9,123.0,87.0
The Object Movie,Comedy,,,94.0
The Old Man,Comedy,8.6,7.0,
The Old Man and the Parrot,Comedy,7.1,13.0,
The One Man Band 369 Days in Antarctica,Comedy,9.1,8.0,111.0
The One Time Story,Comedy,,,
The Past,Comedy,,,
The Pasta & Cheech Crew,Comedy,,,
The Peril at Pincer Point,Comedy,7.8,42.0,83.0
The Phenomenal Funeral of Frankie Phillips,Comedy,,,
The Pirate King,Comedy,8.9,42.0,105.0
The Plant on Strike,Comedy,,,
The Pout-Pout Fish,Comedy,5.0,1100.0,92.0
The Power of Positive Murder,Comedy,,,
The Precious Thing,Comedy,,,150.0
The Prediction,Comedy,,,
The Proctor,Comedy,9.2,19.0,120.0
The Purest Form,Comedy,8.9,13.0,92.0
The Raja Saab,Comedy,3.1,12000.0,190.0
The Reality Experiment,Comedy,9.0,9.0,93.0
The Rec Room Movi3: Driveaway,Comedy,,,100.0
The Room TOO,Comedy,,,75.0
The Saviors,Comedy,7.6,66.0,90.0
The Second Coming of John Cooper,Comedy,9.4,69.0,94.0
The Sheep Detectives,Comedy,7.4,106000.0,109.0
The Short Life of Jaxon Blume,Comedy,8.2,11.0,136.0
The Shut Up Fairy,Comedy,,,124.0
The Sketch Comedy Movie 2,Comedy,8.6,159.0,81.0
The Snake,Comedy,9.1,17.0,89.0
The Snowball on a Sunny Day,Comedy,6.6,114.0,131.0
The Specials,Comedy,6.1,44.0,110.0
The Squirrel,Comedy,6.9,73.0,92.0
The State of Us,Comedy,8.4,12.0,90.0
The Station,Comedy,6.2,28.0,112.0
The Super Mario Galaxy Movie,Comedy,6.3,73000.0,98.0
The Swap,Comedy,,,
The Tale of Nicky Newark,Comedy,,,
The Three Urns,Comedy,6.2,30.0,96.0
The Thrifty Angel,Comedy,,,113.0
The Truth Behind Utopia,Comedy,6.6,7.0,
The Ultimate Duo,Comedy,6.3,80.0,97.0
The Ultimate Hacker,Comedy,,,
The Undertaker 2: Afterlife,Comedy,7.0,117.0,127.0
The University of Chankharpul,Comedy,8.3,21.0,144.0
The Vampire Project,Comedy,5.8,22.0,98.0
The Violin Case,Comedy,8.0,15.0,
The Virus of Restlessness,Comedy,,,
The Waiter,Comedy,,,
The Wall,Comedy,9.1,85.0,93.0
The Way to Happiness,Comedy,,,
The Wedding Entertainer (The Tale of Moishe Badhan),Comedy,3.7,130.0,103.0
The Wig,Comedy,7.8,22.0,
The Wrecking Crew,Comedy,6.4,54000.0,124.0
The Wrong Girls,Comedy,6.0,619.0,99.0
The amazing Bulk Re-bulked,Comedy,,,73.0
The brightest burn fastest (and then are shot),Comedy,,,47.0
These Are My Friends!,Comedy,,,
They Will Kill You,Comedy,6.3,50000.0,94.0
Thimmarajupalli TV,Comedy,4.7,141.0,124.0
Third,Comedy,,,84.0
Third Close Encounter with a Kind Ghost,Comedy,,,61.0
This House Is Totally Haunted,Comedy,,,73.0
This Is Our City,Comedy,,,106.0
This is George & Monty,Comedy,,,81.0
Tholaivil Oru Kadhal,Comedy,7.1,9.0,95.0
Thottal Poo Malarum,Comedy,,,
Three Colors: Pan-African,Comedy,7.8,24.0,123.0
Ti psyhi tha paradoseis mori? Meros proto,Comedy,6.0,191.0,103.0
Tiba Tiba Setan,Comedy,5.3,26.0,113.0
Tiffanys,Comedy,,,
Tight Lettuce,Comedy,8.6,24.0,95.0
Time Warp,Comedy,8.3,11.0,112.0
Timings,Comedy,6.9,15.0,100.0
Tmunot Yafoeiyot 2,Comedy,7.8,6.0,87.0
To Do,Comedy,,,
Toaster,Comedy,4.7,4300.0,120.0
Todos los colores,Comedy,6.4,9.0,92.0
Tom & Cherry,Comedy,,,155.0
Tom Garland: Dying to Kill,Comedy,,,50.0
Tombé du ciel,Comedy,4.1,130.0,92.0
"Tomorrow, You Pretty Ghost",Comedy,6.6,25.0,
Tony,Comedy,7.6,4900.0,106.0
Too Old for Fairy Tales 3,Comedy,4.7,116.0,
Toronto Apartment,Comedy,,,
Torrente for President,Comedy,5.6,4100.0,102.0
Touché,Comedy,,,118.0
Tourists,Comedy,,,
Toxench Zanv,Comedy,8.9,42.0,151.0
Toy Story 5,Comedy,7.4,74000.0,102.0
Trail of Splatter,Comedy,7.9,19.0,87.0
Trans Panic!,Comedy,,,94.0
Tras los pasos de la rubia platino,Comedy,6.1,11.0,122.0
Trassa «More - more»,Comedy,3.1,37.0,85.0
Tre Sorelle (una comune privata),Comedy,,,113.0
Treasure of the Lost Reel,Comedy,,,89.0
Treasures of Torrevieja,Comedy,,,107.0
Tres de más,Comedy,5.9,55.0,98.0
Trial Period,Comedy,5.6,126.0,90.0
Triesverse: Cataclysm,Comedy,,,
Triple Deception,Comedy,,,46.0
Triple Decker,Comedy,7.7,33.0,123.0
Tropical SOV: Bizarro Sci-fi Samba,Comedy,,,95.0
Trouble Shooter,Comedy,,,89.0
Trudnye papy,Comedy,,,
Trum So,Comedy,6.1,7.0,105.0
Tsarevna-lyagushka 2,Comedy,4.1,74.0,95.0
Tu Kaun Mein Khamkha,Comedy,6.6,12.0,111.0
Tu Male to Utssav,Comedy,6.3,13.0,129.0
Tu Nombre En El Papel,Comedy,7.8,5.0,102.0
Tu-bi OR NOT Tub-i,Comedy,,,92.0
Tube-E Movie,Comedy,7.6,246.0,60.0
Tumbadchi Manjula,Comedy,7.2,425.0,152.0
Turn It Up!,Comedy,5.3,10.0,91.0
Tyler Perry's Joe's College Road Trip,Comedy,5.5,2800.0,111.0
Tyulpany,Comedy,4.5,49.0,89.0
Täiuslikud võõrad,Comedy,7.4,308.0,90.0
Uang Passolo,Comedy,7.1,18.0,95.0
Uff Ye Salyan,Comedy,,,
Ugly Cry,Comedy,6.6,40.0,94.0
Ulysses Buchanon Runs for Congress,Comedy,,,
Um Carnaval Em Cada Esquina,Comedy,,,65.0
Um Coração Incendiário,Comedy,,,55.0
Um Pai em Apuros,Comedy,5.6,282.0,
Un champ de fraises pour l'éternité,Comedy,6.8,11.0,104.0
Un village instruit,Comedy,,,
Una Directora Extraordinaria,Comedy,,,85.0
Una chica invisible,Comedy,6.7,58.0,80.0
"Una pistola, una bala y un oso panda",Comedy,5.9,10.0,85.0
Una pregunta ridículamente fácil,Comedy,7.9,19.0,85.0
Under the Tinfoil Hat,Comedy,,,
Unexpected Family,Comedy,6.5,576.0,121.0
Unfriendly Fire,Comedy,,,93.0
Unholy Night,Comedy,7.7,17.0,
Unstoppable,Comedy,6.6,45.0,80.0
Untitled IFC Comedy Film,Comedy,,,
Uphill,Comedy,,,
Urabba,Comedy,,,119.0
"Us, Maybe",Comedy,,,68.0
Ustaad Bhagat Singh,Comedy,4.1,2400.0,150.0
Uttar Da Puttar,Comedy,8.5,13000.0,103.0
Uttutta Herolu,Comedy,6.6,1500.0,121.0
Uvolit Zhoru,Comedy,2.8,262.0,91.0
Vaa Vaathiyaar,Comedy,4.4,1300.0,129.0
Vaanki Chuki Love Story,Comedy,7.6,51.0,156.0
Vaazha II: Biopic of a Billion Bros,Comedy,8.0,7200.0,160.0
Vakkenvullers XL,Comedy,5.3,102.0,87.0
Valediction,Comedy,,,100.0
Vampires of the Velvet Lounge,Comedy,4.2,428.0,105.0
Vanakkam Pannaiyar,Comedy,,,
Velhos Bandidos,Comedy,5.9,834.0,93.0
Velleppam,Comedy,3.0,25.0,127.0
Victorian Psycho,Comedy,5.1,275.0,102.0
Viinaa ja tasottavia,Comedy,,,97.0
Vincent: Behind the Scenes Documentary,Comedy,,,81.0
Viprobuvalnij termin,Comedy,,,
Virages,Comedy,6.5,8.0,89.0
Virginia Woolf's Night & Day,Comedy,6.0,275.0,95.0
Virus patoloske dobrote,Comedy,8.8,21.0,99.0
Visa,Comedy,5.6,12.0,90.0
Visa pa'l Mundial,Comedy,4.3,7.0,
Vishnu Vinyasam,Comedy,4.8,513.0,130.0
Viva,Comedy,6.0,100.0,113.0
Voicemails for Isabelle,Comedy,7.3,50000.0,118.0
Voltei na Foto,Comedy,,,
Volver a los 17,Comedy,,,95.0
Voodoo: The Truth,Comedy,,,90.0
Vyvolený,Comedy,,,90.0
Wait for Me to be Successful Later,Comedy,7.7,479.0,110.0
Wake Up Call,Comedy,8.6,23.0,
Wakesurf Lovers,Comedy,,,109.0
Wanted,Comedy,5.4,8.0,79.0
Warkop DKI: ViRaLiN dOoOoNg..!!,Comedy,6.8,46.0,120.0
Warung Pocong,Comedy,6.1,26.0,97.0
Washed Up,Comedy,,,
Watching Mr. Pearson,Comedy,9.0,40.0,82.0
Watching Paint Dry (While Eating a Three-Course Meal),Comedy,,,55.0
We Are All Strangers,Comedy,7.1,139.0,157.0
We Want the Virus,Comedy,,,
We finally killed everyone we loved,Comedy,,,
We in This Together,Comedy,8.1,14.0,
Welcome Jija Ji,Comedy,5.8,24.0,91.0
Welcome to Borovia,Comedy,5.2,59.0,93.0
Welcome to G-Town,Comedy,6.0,15.0,84.0
Welcome to the Fishbowl,Comedy,,,
Welcome to the Jungle,Comedy,4.1,22000.0,165.0
Welcome to the Moon,Comedy,7.5,30.0,105.0
What a Way to Go,Comedy,6.8,16.0,100.0
When Will You Get Divorced?,Comedy,3.6,88.0,
Whipple's World,Comedy,,,78.0
Whiskers on Strings,Comedy,,,
Whitmer Thomas: Terminal Crew of Dudes,Comedy,5.8,35.0,60.0
Who's Clyde: The Movie,Comedy,,,
Wicker,Comedy,7.5,284.0,105.0
Wigging Out,Comedy,,,
Wild Sing,Comedy,6.0,428.0,107.0
Will You Be My Girlfriend?.,Comedy,5.6,306.0,97.0
Wish You Well,Comedy,5.2,18.0,108.0
Wishful Thinking,Comedy,7.4,73.0,105.0
With Love,Comedy,7.6,6800.0,141.0
"With Love, Bridgit",Comedy,,,96.0
Witness Connection,Comedy,7.7,13.0,65.0
Wolf Cat Fever,Comedy,6.6,5.0,100.0
Wolfgang,Comedy,,,98.0
Wonderful Nightmare,Comedy,6.2,293.0,121.0
Words of Love,Comedy,6.8,28.0,95.0
Worry Time,Comedy,8.3,10.0,
Worst of Woke Awards 2026,Comedy,,,130.0
Writer's Block,Comedy,,,
Xyz,Comedy,,,
Y'a braquage au village,Comedy,,,
Yagoat,Comedy,7.8,8.0,83.0
Yasemin Sakallioglu - Dogru Koca Nasil Secilir?,Comedy,5.5,241.0,
Yellow Cake,Comedy,6.5,36.0,97.0
Yesandia Improv's the Ultimate 12 Laughs of Christmas Experience,Comedy,,,83.0
"Yo, narciso",Comedy,5.8,125.0,94.0
Yoh! Bestie,Comedy,4.2,259.0,95.0
You Are Here,Comedy,9.4,11.0,
You Are the Film,Comedy,6.7,77.0,68.0
You watch me watch Spider-Man 2 on a PSP,Comedy,,2004.0,157.0
You'll Never Believe Who's Dead,Comedy,8.7,10.0,
You're Doing it Wrong,Comedy,,,55.0
"You, Me & Tuscany",Comedy,6.0,5400.0,105.0
Young Blood,Comedy,6.0,7.0,92.0
Young White Americans,Comedy,,,56.0
Youth,Comedy,7.0,8800.0,140.0
Yugantar - The End of Time,Comedy,,,160.0
Yugly,Comedy,7.0,12.0,85.0
Za Palycha! 2,Comedy,4.1,57.0,90.0
Za lyubov,Comedy,,,91.0
Zack Lyman: Delightful,Comedy,6.3,50.0,
Zen Room,Comedy,,,
Zen me ke neng wo jia de zu xian shi ni jia de gui,Comedy,,,88.0
Zero Wins,Comedy,,,63.0
Zhdun 2,Comedy,3.6,55.0,98.0
Zorr,Comedy,5.1,10.0,128.0
Zu Kino Sag Ich Nie No,Comedy,,,
"¡Oh, Fortuna!",Comedy,,,
¿Cómo hemos llegado a esto?,Comedy,7.6,12.0,75.0
Çamasir Sepeti,Comedy,,,
$tackola Kingz,Crime,,,80.0
1159,Crime,3.2,7.0,93.0
180,Crime,4.6,2300.0,94.0
2Way,Crime,,,
6 Weeks,Crime,,,
7 Dogs,Crime,5.6,4900.0,125.0
A Child of My Own,Crime,6.0,764.0,96.0
A Crime Story,Crime,4.6,60.0,98.0
A Family of Bastards,Crime,5.6,586.0,105.0
A Gangster's Life,Crime,3.6,254.0,93.0
A Long Marathon,Crime,,,124.0
A Million Reasons,Crime,,,95.0
A Murder Between Friends,Crime,3.9,270.0,87.0
A Stage to a New Life,Crime,,,118.0
A Treacherous Hustle: THE Falicia Blakely Story,Crime,,,166.0
Aa Gang Repu 3,Crime,,,
Aag Lagay Basti Mein,Crime,7.7,483.0,140.0
Aatti,Crime,,,94.0
Above and Below,Crime,4.7,368.0,96.0
Achilles Returns,Crime,5.2,1600.0,50.0
Addiction,Crime,3.8,8.0,
Against Nature,Crime,,,88.0
Agata Christian: Crime on the Snow,Crime,5.3,635.0,109.0
Agnibaan,Crime,5.4,21.0,170.0
Ai shi fen nu,Crime,6.1,11.0,
Alexander,Crime,,,
All About Her,Crime,,,96.0
All Night Wrong,Crime,4.9,332.0,91.0
All the Good Eyes,Crime,6.5,107.0,117.0
American Muscle,Crime,8.9,32.0,
Among Monsters,Crime,,,88.0
Animol,Crime,6.7,84.0,90.0
Antártida,Crime,,,93.0
Apollo Jump,Crime,,,55.0
Arjunan Per Paththu,Crime,,,121.0
Asesino Perfecto,Crime,,,114.0
Ashes,Crime,5.0,69.0,
Assi,Crime,6.7,5200.0,134.0
Asurana Kaiyalli Parijata,Crime,7.0,104.0,
Asurasura,Crime,,,
Atlas King,Crime,3.8,183.0,90.0
Awake,Crime,,,
B.M.Ts Plan B 2,Crime,,,67.0
Baa Baa Black Sheep,Crime,,,
Baaaz in State,Crime,,,169.0
Babita Singh Reporting,Crime,,,131.0
Baby Do Die Do,Crime,6.4,953.0,125.0
Bad Intentions,Crime,,,
Bad Market,Crime,,,
Bad News on the Doorstep,Crime,8.0,8.0,
Baga,Crime,,,
Balaramana Dinagalu,Crime,7.3,17.0,151.0
Balls Up,Crime,4.7,15000.0,104.0
Baltimore Siege,Crime,,,138.0
Barreda,Crime,,,105.0
Batman: Knightfall - Part 1: Knightfall,Crime,8.0,2500.0,78.0
Beast Race,Crime,4.7,1200.0,124.0
Black Dove,Crime,,,48.0
Blackout,Crime,4.0,632.0,82.0
Blind Tiez,Crime,,,
Blood Debt,Crime,9.1,18.0,120.0
Blood River,Crime,,,11.0
Blood Roses,Crime,8.4,1200.0,149.0
Bloody Sands,Crime,,,94.0
Bodily Harm,Crime,9.0,13.0,116.0
Bolle Jos II,Crime,5.2,6.0,53.0
Boomah,Crime,,,120.0
Boris Is Dead,Crime,7.0,9.0,88.0
Born to Lose,Crime,7.9,11.0,112.0
Boss,Crime,9.6,564.0,122.0
Bound by Betrayal,Crime,8.8,20.0,
Boyz N the Woodz,Crime,,,
Brick by Brick,Crime,,,60.0
Bring the Law,Crime,3.9,245.0,95.0
Broken,Crime,6.6,34.0,114.0
Bruton,Crime,8.4,26.0,
Buenas para Nada,Crime,1.8,14.0,79.0
Bullah,Crime,7.0,96.0,150.0
Bulldoque,Crime,,,
Busted Water Pipes,Crime,5.3,193.0,103.0
Call of Living Willie,Crime,,,83.0
Candy and the Pizza Ggirl,Crime,4.3,57.0,100.0
Catch the Killer,Crime,,,85.0
Cattiva strada,Crime,6.9,14.0,95.0
Cautionary Tales(Love Lies & Poison),Crime,,,160.0
Chakranta,Crime,5.2,8.0,
Chandrappann,Crime,,,146.0
Chargesheet 03-08,Crime,,,148.0
Cheekatilo,Crime,5.5,8900.0,126.0
Chelot,Crime,5.9,9.0,125.0
Cherchez La Femme,Crime,5.6,26.0,90.0
Chili Finger,Crime,7.8,84.0,100.0
Chompoo: Lost & Forgotten,Crime,5.3,234.0,85.0
Chyorny dvor v kino,Crime,5.8,36.0,129.0
Citizen Vigilante,Crime,5.8,37000.0,89.0
Clash of the Thundermans,Crime,8.9,55.0,
Clean Hands,Crime,,,108.0
Clint Cole: The Search for Kristin Smart,Crime,,,94.0
Close-Up: An Oddyssey,Crime,,,76.0
Closure,Crime,7.0,72.0,108.0
Co kryje Las,Crime,,,
Coaled Blood,Crime,,,
Cocaína Negra,Crime,,,84.0
Cold Nights,Crime,,,64.0
Cold War 1994,Crime,6.4,701.0,117.0
Colony,Crime,6.5,12000.0,122.0
Colours of Evil: Black,Crime,5.9,3400.0,110.0
Con City,Crime,6.7,2400.0,150.0
Confined,Crime,,,
Conspiracy,Crime,5.1,20.0,123.0
Corbin,Crime,,,
Cornbread Mafia,Crime,9.4,25.0,83.0
Crime 101,Crime,6.8,94000.0,140.0
Crooked Suits,Crime,7.4,11.0,
Crooks,Crime,8.1,9.0,80.0
Cynthia,Crime,,,172.0
DC,Crime,8.3,5000.0,141.0
DMX Grandad: The Reckoning,Crime,8.9,12.0,246.0
Dabesh,Crime,8.1,10.0,
Dabish,Crime,7.0,7.0,146.0
"Dad, I Want to Talk",Crime,8.6,25.0,166.0
Dark Distortion,Crime,4.7,50.0,94.0
Dark Justice,Crime,,,
Darkest at Dawn,Crime,,,
Daygame,Crime,,,65.0
Dead Janitors Club,Crime,,,120.0
Deadly Killer,Crime,2.4,335.0,148.0
Death by Fruitcake,Crime,2.0,6.0,89.0
Debt to the Dead,Crime,,,
Delhi Gate,Crime,6.4,6.0,137.0
Demise,Crime,,,
Después de Kim,Crime,6.8,18.0,107.0
Detective Chen 2,Crime,5.7,36.0,90.0
Detective Conan: Fallen Angel of the Highway,Crime,6.2,454.0,109.0
Detective Teekshana,Crime,9.2,505.0,121.0
Detrás de la Lluvia,Crime,4.0,7.0,97.0
Dharpakad,Crime,7.9,353.0,117.0
Dhurandhar No1,Crime,4.8,11.0,
Dhurandhar: The Revenge,Crime,8.2,71000.0,235.0
Diabolical: The Epstein Files,Crime,6.5,375.0,90.0
Dial 1098,Crime,8.2,5.0,
Diamond,Crime,7.9,55.0,118.0
Digital Arrest,Crime,,,327.0
Dirty Hands,Crime,4.0,277.0,80.0
Disgusting Man,Crime,7.0,11.0,96.0
Dissection of the Dollar,Crime,,,45.0
Do or Die,Crime,5.9,31.0,69.0
Don Dada,Crime,,,84.0
Double trouble,Crime,,,
Drag,Crime,7.6,50.0,86.0
Dridam,Crime,7.0,5300.0,128.0
Drishyam 3,Crime,6.6,5200.0,157.0
Dual,Crime,,,
Døden på vidda,Crime,7.0,8.0,78.0
EB,Crime,4.9,144.0,108.0
Ebony,Crime,,,62.0
El Ejemplo,Crime,,,102.0
El Salvador: O Dia em que o Medo Mudou de Lado,Crime,8.5,31.0,96.0
Elize: Shadows of a Woman,Crime,6.0,3800.0,93.0
Enola Holmes 3,Crime,5.7,30000.0,105.0
Everything Glamouring,Crime,,,77.0
Facing El Chapo,Crime,6.7,3600.0,91.0
Father: The Judgement Is inconclusive,Crime,8.2,173.0,116.0
Felai FX - Trader Gelap: Apa Mau Takut,Crime,,,88.0
Fight Against Evil 3,Crime,6.8,294.0,100.0
Find Me,Crime,9.2,13.0,
Fist to Fist,Crime,5.7,64.0,90.0
Four Birds,Crime,,,122.0
Furious Attack,Crime,6.2,71.0,77.0
Fury in the Shadows,Crime,6.0,64.0,85.0
Gaayapadda Simham,Crime,4.6,1300.0,140.0
Gamskrimi,Crime,,,115.0
Garima,Crime,,,62.0
Gaskins: The Hitchhiker Killer,Crime,,,
Gegen den Strom,Crime,,,
Gil Carrillo: The Investigation of Richard Ramirez,Crime,,,131.0
Girlz N the Hood,Crime,,,105.0
Gli imprevisti 2,Crime,,,
Gone Awry,Crime,,,72.0
Gropiusstadt Supernova,Crime,6.5,9.0,78.0
HOLT - Der Windkraft-Schwindler,Crime,7.8,46.0,89.0
Halcones,Crime,,,145.0
Hanging by a Wire,Crime,7.4,56.0,98.0
Happy Patel: Khatarnak Jasoos,Crime,4.6,2600.0,119.0
Hard Piecez,Crime,,,
Hayagrriva,Crime,6.5,101.0,148.0
He Always Starts with the Right Hand,Crime,,,
He Killed My Sister,Crime,3.8,50.0,71.0
Her Deadly Secret,Crime,,,
Her Own Child,Crime,7.5,30.0,60.0
Her Private Hell,Crime,4.5,2900.0,110.0
Herbstfeuer,Crime,,,114.0
Heysel 85,Crime,6.8,91.0,91.0
Hidden Fixation,Crime,4.7,49.0,53.0
Him or me,Crime,,,
Hit a Lick: The Book of Mack,Crime,,,51.0
Hold Onto Me,Crime,6.8,181.0,102.0
Hollow Girls,Crime,,,87.0
Homage,Crime,6.7,106.0,91.0
Hora y veinte,Crime,,,80.0
Hostage,Crime,5.4,83.0,92.0
Hot Spot,Crime,4.7,234.0,101.0
How the Lonely Keep,Crime,,,
How to Generate A Perfect Crime,Crime,,,
Human Cocaine,Crime,5.7,30.0,107.0
Humint,Crime,6.4,4000.0,119.0
Hunting Party,Crime,6.8,73.0,92.0
Husbands in Action,Crime,6.2,2300.0,107.0
Hype,Crime,,,92.0
Hyped UP Bunnies,Crime,,,61.0
I Am Bone,Crime,7.8,51.0,132.0
I Call Them Souls,Crime,,,130.0
I Love Boosters,Crime,6.6,8300.0,113.0
I Stared the Devil in the Eye,Crime,8.4,11.0,60.0
"I, Nobody",Crime,6.0,700.0,168.0
Idiots,Crime,6.0,418.0,98.0
Ikka,Crime,5.5,4600.0,140.0
Il Grande Piano Delle Fosse,Crime,,,
Immersed in Shadows,Crime,,,90.0
Imposters,Crime,6.9,299.0,102.0
In the Grey,Crime,6.3,38000.0,98.0
In the Shadow of the Gallows,Crime,,,60.0
Informal Crooks,Crime,8.8,9.0,80.0
Informant,Crime,,,
Inherited: The Movie,Crime,,,
"Instadocs: Alex Murdaugh, Unconvicted",Crime,5.7,465.0,30.0
Irumbuth Thottam,Crime,,,114.0
Irumunai,Crime,,,103.0
Iyanu,Crime,,,119.0
JC the University,Crime,6.7,34.0,162.0
Jailbroken,Crime,7.9,33.0,87.0
Jangan Seperti Bapak,Crime,7.2,13.0,100.0
Jat go Bou Mun dik Daan Sang,Crime,7.3,152.0,109.0
Jeevan Bheema Yojana,Crime,,,
Ji hap chong see,Crime,9.2,12.0,128.0
Jinx,Crime,6.0,7.0,
Josephine,Crime,8.0,444.0,114.0
Just Play Dead,Crime,,,96.0
Juvenile Inspector,Crime,,,
KD: The Devil,Crime,6.1,4000.0,140.0
KJQ,Crime,9.2,1000.0,155.0
Kaalam paranja kadha,Crime,4.1,7.0,139.0
Kaalidas 2,Crime,6.3,679.0,136.0
Kadaknath,Crime,9.2,100.0,133.0
Kalla Nottu,Crime,,,46.0
Kandan,Crime,7.7,13.0,115.0
Kara,Crime,6.8,6100.0,159.0
Karanlik Sokaklar,Crime,7.4,9.0,
Karmakhya,Crime,9.0,2000.0,126.0
Kartavya,Crime,5.4,4000.0,108.0
Kash City,Crime,5.8,8.0,
Kattalan,Crime,7.0,2600.0,120.0
Khali Balak Min Nafsak,Crime,5.7,143.0,105.0
Khalifa,Crime,6.8,7800.0,159.0
Kidnapped: Elizabeth Smart,Crime,6.7,6500.0,91.0
Kill Will,Crime,3.9,102.0,93.0
Killer Curve,Crime,6.3,36.0,
Killer Kids,Crime,,,
King of Dope,Crime,4.9,267.0,117.0
Kong Qiang,Crime,7.4,67.0,160.0
Kraken:The Black Book of Hours,Crime,5.8,185.0,111.0
L'affaire Boulin,Crime,,,90.0
LA Undercover: Against the Code,Crime,,,
La Herencia de los Ramírez,Crime,,,
Labrador - autopsie du silence,Crime,7.0,8.0,120.0
Lady Champagne,Crime,7.5,25.0,99.0
Lakesville,Crime,,,
Lakshmikanthan Kolai Vazhakku,Crime,8.7,517.0,107.0
Last Hit,Crime,6.0,1100.0,79.0
Last Night in Sorrento,Crime,,,
Le crime du 3e étage,Crime,6.3,715.0,104.0
Leader,Crime,7.6,7200.0,136.0
Les Regards Parallèles,Crime,,,75.0
Licence,Crime,6.6,174.0,145.0
Life on Mercury,Crime,,,
Little Towns,Crime,,,123.0
Lone Gunman,Crime,,,112.0
Lone Star Bull,Crime,5.4,20.0,90.0
Look Behind,Crime,8.1,19.0,107.0
Loverboy: Vertrouw niemand,Crime,6.8,210.0,91.0
Lu & Pau,Crime,,,71.0
Lucky Weekend,Crime,,,80.0
Lulk,Crime,7.8,12.0,87.0
Lunar Sway,Crime,6.8,35.0,98.0
M4M: Motive for Murder,Crime,7.1,4200.0,97.0
Maa Behen,Crime,5.5,4800.0,127.0
Maddane,Crime,8.1,1000.0,142.0
Made Man,Crime,,,54.0
Mafia: A Trace of Millions,Crime,,,
Maigret in Society,Crime,6.0,288.0,80.0
Malaikat Malam,Crime,4.8,157.0,111.0
Mango Pachcha,Crime,8.5,39.0,95.0
Manhunt,Crime,6.5,17.0,103.0
Marcado,Crime,,,189.0
Mardaani 3,Crime,6.0,11000.0,129.0
Margarita La De Tijuana,Crime,,,99.0
Married to a Jailbird,Crime,,,
Maternal Instinct,Crime,7.2,12000.0,94.0
Maya Satya Bhram,Crime,8.8,58.0,134.0
Mayor of the Block,Crime,,,
Me Robo Al Patron Y El Negocio Tambien,Crime,9.1,19.0,86.0
Memsaab,Crime,6.3,1100.0,127.0
Mercy,Crime,6.2,80000.0,99.0
Metal Duro,Crime,,,66.0
Mike & Nick & Nick & Alice,Crime,6.2,26000.0,107.0
Min guo jing hun lu,Crime,,,81.0
Minotaur,Crime,7.7,425.0,135.0
Mohiniyattam,Crime,7.6,3100.0,145.0
"Mommy, I Don't Want To",Crime,8.5,15.0,90.0
Moondram Kan,Crime,5.8,69.0,115.0
Moonglow,Crime,6.3,21.0,120.0
Moses the Black,Crime,5.2,307.0,104.0
Mother Promise,Crime,7.0,94.0,166.0
Mrithyunjay,Crime,6.3,1100.0,122.0
Muga Naga,Crime,,,110.0
Murdered or Missing?,Crime,,,
Muscle Beach,Crime,,,
Mutiny,Crime,5.7,11000.0,95.0
My Brother's Killer,Crime,8.1,25.0,95.0
Mystery Arena,Crime,5.4,82.0,117.0
Nando Between Two Worlds - A Sintonia Film,Crime,4.5,303.0,109.0
Navya Chakra - Psycon World,Crime,7.0,54.0,100.0
Necrobusiness,Crime,,,
Never After Dark,Crime,6.5,153.0,105.0
Newton's 3rd Law,Crime,9.2,4200.0,138.0
Nicotine (Part-1),Crime,,,50.0
Night Haul: Nocturnal Nemesis - Part 2,Crime,,,82.0
Nine Black Cats,Crime,,,96.0
Nizhal,Crime,8.0,1100.0,101.0
No Ordinary Heist,Crime,5.7,939.0,99.0
No Other Love,Crime,6.1,154.0,119.0
No Return,Crime,,,82.0
No way to Escape,Crime,,,70.0
Not,Crime,,,
Nothing to Lose,Crime,5.6,593.0,99.0
Nu e locul tau aici,Crime,7.2,32.0,154.0
O' Romeo,Crime,5.2,24000.0,178.0
Once a Week for Life,Crime,7.2,120.0,111.0
Operasi Pesta Copet,Crime,7.5,14.0,113.0
Oru Vadakkan Velicham - A Northern Light,Crime,7.8,16.0,70.0
Oscar Shaw,Crime,4.6,756.0,93.0
Our Father,Crime,8.7,7.0,100.0
Outcome,Crime,4.5,12000.0,83.0
Outlaws of the Everglades,Crime,9.3,22.0,
PAW Patrol: The Dino Movie,Crime,6.2,1700.0,88.0
Pahan kiertämä,Crime,,,
Pallichattambi,Crime,5.9,4700.0,150.0
Panchali Panchabhartruka,Crime,9.3,2100.0,128.0
Paper Tiger,Crime,6.7,373.0,115.0
Paradise,Crime,6.5,13.0,
Parimala and Co,Crime,6.0,1200.0,146.0
Party USA,Crime,7.9,26.0,89.0
Peaky Blinders: The Immortal Man,Crime,6.5,89000.0,112.0
Pennu Case,Crime,4.9,320.0,112.0
Permanent Damage,Crime,,,
Phoenix Jones: The Rise and Fall of a Real Life Superhero,Crime,7.8,14.0,105.0
Plan C,Crime,6.5,31.0,89.0
Police Family,Crime,8.7,603.0,124.0
Policë për jetë,Crime,7.2,25.0,85.0
Potassium: The Movie,Crime,,,102.0
Pressure Cooker,Crime,7.2,257.0,172.0
Presumption of Death,Crime,,,108.0
Psychic,Crime,9.0,1000.0,118.0
Psycho Daddy,Crime,9.0,14.0,77.0
Psycho Killer,Crime,4.7,6500.0,91.0
Psychopath: The White Rabbit Killer,Crime,5.2,215.0,99.0
Punjab '95,Crime,8.8,106000.0,169.0
Queens of Dope City,Crime,,,72.0
Rahasyam,Crime,7.8,5.0,108.0
Rakky,Crime,9.3,413.0,122.0
Ramyaa,Crime,6.0,22.0,110.0
Rapid Karma 2 Redemption,Crime,,,51.0
Reckless,Crime,5.2,1300.0,91.0
Reckless Endangerment,Crime,,,
Revenge,Crime,5.5,2100.0,103.0
Rise of the Footsoldier: Retribution,Crime,5.5,153.0,112.0
Rolling,Crime,5.8,25.0,100.0
Ron,Crime,,,130.0
Room Boy,Crime,,,
Rotten Society,Crime,7.9,10.0,76.0
Rowe's Realm of Horror,Crime,,,70.0
Rédemptions,Crime,7.6,69.0,
Ríkají mi Lars,Crime,,,113.0
Saffah El Tagammou,Crime,6.3,12.0,90.0
Sagwaan,Crime,6.7,19.0,159.0
Said: Black Blow,Crime,6.7,12.0,95.0
Sakamoto Days,Crime,7.5,61.0,128.0
Sampradayaini Suppini Suddapusaani,Crime,5.3,376.0,135.0
Saraswathi,Crime,5.1,271.0,121.0
Savage,Crime,,,
"Scratchy, Cage and Tumbleweed",Crime,,,90.0
Sea of Glass,Crime,,,129.0
Second Case of Seetharam,Crime,6.4,1100.0,120.0
Semolina Pilchard,Crime,9.4,10.0,124.0
Sender,Crime,,,70.0
Set Me Free: Director's Cut,Crime,7.1,467.0,164.0
Sewing A Nightmare,Crime,,,53.0
Shackled,Crime,5.8,74.0,84.0
Shadow Empire - Inside the Narco Frontline,Crime,,,54.0
Shatir,Crime,,,125.0
She Cries Murder,Crime,5.9,47.0,87.0
Shesha 2016,Crime,4.9,2200.0,122.0
Short Fuse,Crime,8.9,63.0,100.0
Si wang du ju,Crime,6.3,36.0,100.0
Six Days to Pay,Crime,,,84.0
Skamer,Crime,6.7,125.0,98.0
Skurkarnas skurk,Crime,5.5,341.0,96.0
Slash III,Crime,8.0,10.0,113.0
Slasher: The Missing File,Crime,7.7,13.0,104.0
Snake Movie 3,Crime,,,
Sold to Death,Crime,5.1,54.0,92.0
"Sometime the Wolf, or, the Meanness of the Blue at Dawn",Crime,,,
Spades,Crime,5.1,80.0,115.0
Splash City,Crime,7.5,22.0,100.0
Srinivasa Mangapuram,Crime,3.8,141.0,150.0
State of Fear,Crime,4.9,765.0,103.0
Straight Edge,Crime,,,
Stray Kids,Crime,7.2,26.0,
Street Flow 3,Crime,5.2,461.0,112.0
Sunset Strip Killers,Crime,3.9,169.0,88.0
Super Troopers 3,Crime,6.1,1600.0,104.0
Suri Anna,Crime,7.1,143.0,136.0
Suspect,Crime,8.3,222.0,92.0
Sweet Rogue Killer 'SRK': The Killer's Game,Crime,8.0,5.0,
Tales of the Underworld,Crime,6.1,51.0,101.0
Tanto il Finale lo Conosciamo,Crime,,2026.0,48.0
Tapped,Crime,6.9,18.0,
Tarung: Unforgiven,Crime,7.1,126.0,100.0
The Arab,Crime,7.4,31.0,106.0
The Art of Abuse,Crime,,,
The Art of Telling Lies,Crime,4.9,241.0,90.0
The Birthday Party,Crime,6.0,93.0,114.0
The Boatman,Crime,7.4,40.0,106.0
The Butcher's Blade,Crime,5.8,254.0,90.0
The Casanova Killer: The Paul John Knowles Story,Crime,,,
The Come Up 2,Crime,,,75.0
The Counterfeit,Crime,,,
The Crash,Crime,6.5,13000.0,92.0
The Cycle of Hatred Part 2,Crime,,,120.0
The Danger of Unconditional Love,Crime,,,
The Debt Collector,Crime,5.6,1300.0,132.0
The Deponent,Crime,7.2,32.0,102.0
The Dreamed Adventure,Crime,6.3,154.0,167.0
The Execution of Julie Ann Mabry,Crime,6.5,56.0,105.0
The Exhibitor,Crime,5.7,43.0,
The Fixer,Crime,,,62.0
The Gallerist,Crime,4.5,221.0,94.0
The Goodman,Crime,8.1,9.0,84.0
"The Hole, 309 Days to the Bloodiest Tragedy",Crime,6.1,16.0,113.0
The Hot Pot,Crime,,,45.0
The Idaho College Murders: Catching Kohberger,Crime,5.4,33.0,63.0
The Interrogation Room,Crime,,,
The Investigation of Lucy Letby,Crime,5.5,4300.0,92.0
The Invisible Guest,Crime,6.8,99.0,121.0
The Kids,Crime,4.9,34.0,49.0
The Killing of Otsuya,Crime,,,87.0
The King of the Internet,Crime,6.2,33.0,135.0
The Last Guest: Reimagined - The Origin,Crime,8.5,53.0,87.0
The Leader,Crime,8.0,76.0,104.0
The Mafia Mouse,Crime,8.5,6.0,70.0
The Marked Woman,Crime,5.5,3500.0,109.0
The Match-Stick Flame 3: Red Mafia,Crime,4.0,15.0,69.0
The Murder of Benjamin,Crime,6.1,10.0,
The Murder of Rachel Nickell,Crime,6.8,3400.0,95.0
The Narmada Story,Crime,6.4,21.0,121.0
The Only Living Pickpocket in New York,Crime,7.3,232.0,88.0
The Plan,Crime,8.2,49.0,74.0
The Power of Positive Murder,Crime,,,
The Precious Thing,Crime,,,150.0
The Price of Trust,Crime,,,45.0
The Projectionist,Crime,6.1,20.0,94.0
The Red Line,Crime,6.1,1400.0,135.0
The Rip,Crime,6.8,144000.0,113.0
The Rose Key,Crime,8.5,15.0,
The Salt 2,Crime,9.4,54.0,
The Samca File,Crime,5.7,127.0,90.0
The Sermon,Crime,,,95.0
The Short Life of Jaxon Blume,Crime,8.2,11.0,136.0
The Sin City,Crime,5.3,33.0,108.0
The Sin Trade,Crime,6.1,87.0,98.0
The Theft of the Caravaggio,Crime,5.2,256.0,90.0
The Truth and Tragedy of Moriah Wilson,Crime,6.6,4900.0,95.0
The Ultimate Duo,Crime,6.3,80.0,97.0
The Unlawful Act: Part 2,Crime,9.0,10.0,
The Violin Case,Crime,8.0,15.0,
The Watchmaker,Crime,8.1,31.0,78.0
The Weight,Crime,7.3,226.0,115.0
The Whisper Man,Crime,,,111.0
The Wrecking Crew,Crime,6.4,54000.0,124.0
The Wrong Girls,Crime,6.0,619.0,99.0
The brightest burn fastest (and then are shot),Crime,,,47.0
Therachaapa,Crime,7.3,1100.0,151.0
Thin Line,Crime,,,
This Is Birmingham,Crime,2.8,235.0,109.0
Ti psyhi tha paradoseis mori? Meros proto,Crime,6.0,191.0,103.0
Tiket Sehala,Crime,6.4,18.0,103.0
Too Close to Home: The Leroy Jones Case,Crime,,,
Too Many Beasts,Crime,6.9,49.0,95.0
Too Much Too Soon,Crime,5.1,9.0,
Top Cop,Crime,7.9,82.0,113.0
Tougher,Crime,8.0,8.0,64.0
Toxic,Crime,3.7,10000.0,192.0
Trapped,Crime,,,
Treagens' Black Shadows,Crime,2.7,35.0,57.0
Trigger: The Rebel of Law,Crime,,,
Trouble Shooter,Crime,,,89.0
Tsumi no Toge,Crime,,,91.0
Tu Reina,Crime,,,108.0
Turning the Chapter,Crime,,,
Tycoon,Crime,4.6,17.0,89.0
Ultimate Revenge,Crime,6.1,150.0,112.0
Una chica en la estación,Crime,,,97.0
Unbeatable: Road to Tokyo,Crime,,,
Underworld,Crime,2.9,47.0,86.0
Une affaire turque,Crime,7.3,71.0,92.0
United Nations,Crime,,,
Unmadham,Crime,6.2,1200.0,141.0
Unthinkable: The South LA Nightmare,Crime,,,
User Not Found,Crime,5.7,18.0,96.0
Uyir,Crime,6.4,1800.0,145.0
Valathu Vashathe Kallan,Crime,6.1,3000.0,135.0
Valluvan,Crime,9.2,704.0,129.0
Vanishing Point,Crime,6.7,268.0,140.0
Velhos Bandidos,Crime,5.9,834.0,93.0
Vengeance,Crime,,,
Voluntarily Bald,Crime,,,60.0
Vonnis,Crime,,,48.0
Wara Nimo Sugaru Kemonotachi,Crime,6.9,8.0,94.0
We Are Aliens,Crime,7.4,28.0,117.0
We're Nothing at All,Crime,7.1,217.0,128.0
Wei chao zhong an,Crime,7.4,131.0,97.0
Welcome to the Jungle,Crime,4.1,22000.0,165.0
White Sycamore,Crime,,,125.0
Who Killed Alex Odeh?,Crime,7.3,34.0,83.0
Wings of Dread,Crime,5.8,238.0,86.0
YN'z,Crime,,,70.0
You'll Never Believe Who's Dead,Crime,8.7,10.0,
Zamana,Crime,5.1,4000.0,130.0
Zhi ming chao xi,Crime,5.1,35.0,69.0
Ölü Köpekler Isirmaz,Crime,6.8,33.0,103.0
#Kakusan,Drama,,,105.0
1,Drama,,,90.0
1+1 Offer,Drama,3.1,21.0,104.0
1020,Drama,,,
"11, rue Denver",Drama,,,75.0
12 Angry Men,Drama,,,47.0
13th Round,Drama,,,
17,Drama,7.7,61.0,105.0
180,Drama,4.6,2300.0,94.0
18th Rose,Drama,5.6,305.0,131.0
2 Valid IDs,Drama,8.6,9.0,90.0
23 000 Lives,Drama,5.2,1500.0,112.0
267,Drama,5.4,69.0,119.0
29,Drama,7.7,6300.0,150.0
3 Stages of Darkness,Drama,,,70.0
3 nedelje posle,Drama,7.2,47.0,94.0
3 zile în septembrie,Drama,7.5,107.0,77.0
3-Idiots,Drama,,,
3.0 Kilograms of Happiness,Drama,6.6,16.0,98.0
33 Days,Drama,,,
360 bitar,Drama,,,59.0
3rd Floor,Drama,,,130.0
4 by 4,Drama,,,
4 or 5 things I want you to know about me (an essay),Drama,,,
4's a Crowd,Drama,5.8,17.0,71.0
49 Miles More,Drama,8.6,8.0,
4th & 44,Drama,3.4,19.0,71.0
500 Miles,Drama,7.3,334.0,102.0
50nenme no Oretachi no tabi (Our 50-Year Journey),Drama,,,109.0
53 Sundays,Drama,6.0,2200.0,78.0
58th,Drama,8.1,17.0,
6 Degrees,Drama,,,88.0
7 Büyük Günah,Drama,5.4,15.0,
7 Gifts Between Us,Drama,,,101.0
80 udarov v minutu,Drama,,,93.0
9 Temples to Heaven,Drama,6.5,30.0,140.0
9 lunas,Drama,5.7,32.0,98.0
90 ML,Drama,,,
93 'Til,Drama,,,
A Book of Freedom: The Confessions of Francisco Menéndez,Drama,,,49.0
A Cause for Alarm,Drama,8.9,60.0,84.0
A Cowboy Against Thunder,Drama,5.0,15.0,
A Crime Story,Drama,4.6,60.0,98.0
A Dare to Kiss My Bad Boy,Drama,8.0,66.0,
A Deal with My Crush's Daddy,Drama,9.0,8.0,
A Dirtier Dilemma,Drama,7.7,148.0,103.0
A Disease Called Family,Drama,,,
A Fading Man,Drama,7.5,58.0,100.0
A Family,Drama,6.9,172.0,89.0
A Family of Bastards,Drama,5.6,586.0,105.0
A Gift from Heaven,Drama,5.8,45.0,124.0
A Great Awakening,Drama,6.6,1800.0,129.0
A Happy Family,Drama,,,120.0
A História Mais Triste do Mundo,Drama,,,
A Knife of the Weapon Gleams with Blood,Drama,,,95.0
A Land Apart,Drama,,,
A Letter to My Youth,Drama,7.0,580.0,135.0
A Lifetime of Love,Drama,,,87.0
A Little Dream of Me,Drama,7.8,123.0,137.0
A Little Resistance,Drama,8.4,18.0,106.0
A Long Marathon,Drama,,,124.0
A Long Night,Drama,6.9,174.0,90.0
A Love Like This,Drama,5.4,214.0,88.0
A Man of His Time,Drama,6.4,161.0,155.0
A Messy Tribute to Motherly Love,Drama,5.5,26.0,85.0
A Metamorfose,Drama,,,78.0
A Modest Killing,Drama,,,82.0
A Mosquito in the Ear,Drama,7.3,65.0,90.0
A Mother's Daughter - Forgiveness,Drama,,,117.0
A Paralyzing Redemption,Drama,5.0,29.0,
A Part of Me,Drama,7.9,16.0,107.0
A Pastor's Son,Drama,,,
A Providência e a Guitarra,Drama,5.2,43.0,125.0
A Quiet Bloom,Drama,,,83.0
A Requiem in Bishkek,Drama,,,77.0
A River's Gaze,Drama,6.3,25.0,92.0
A Room Called Home,Drama,4.8,22.0,126.0
A Rough Sea,Drama,,,
A Safe Distance,Drama,7.3,23.0,85.0
A Scandal for Christmas,Drama,,,
A Scream in the Dark,Drama,5.0,132.0,86.0
A Secret Lie in Love,Drama,,,
A Sin of Silence,Drama,,,
A Song for Eresha,Drama,7.9,13.0,125.0
A Spark in the Dark,Drama,,,
A Special Memory,Drama,6.5,62.0,124.0
A Sting of Pain,Drama,,,87.0
A Storm of Syndicates,Drama,,,
A Story About You,Drama,,,90.0
A Sweetness from Nowhere,Drama,,,90.0
A Table for Two,Drama,6.4,76.0,98.0
A Taste of the Holiday,Drama,,,
A Treacherous Hustle: THE Falicia Blakely Story,Drama,,,166.0
A Vast Algorithm of Humanity: The Movie,Drama,,,129.0
A Werewolf Boy,Drama,7.4,86.0,125.0
A Woman,Drama,,,
A Woman's Life,Drama,6.3,122.0,98.0
A Woman's Work,Drama,8.2,17.0,91.0
A fuego,Drama,6.0,14.0,97.0
A kak pravilno?,Drama,,,88.0
A prayer for the dying,Drama,6.3,109.0,95.0
A-Men to That,Drama,6.8,32.0,84.0
A. Rimbaud,Drama,6.5,7.0,
A2,Drama,9.1,18.0,117.0
AM/FM,Drama,,,61.0
AMS - Arbeit Muss Sein,Drama,5.8,10.0,
Aa Bata Aama,Drama,7.9,23.0,154.0
Aadharam,Drama,,,114.0
Aafaa,Drama,7.6,30.0,132.0
Aajo Ardhangini,Drama,8.3,78.0,150.0
Aakhri Sawal,Drama,5.6,13000.0,150.0
Aaru Aanugal,Drama,,,
Aashaan,Drama,5.6,778.0,160.0
Aatti,Drama,,,94.0
Aazhi,Drama,6.8,393.0,109.0
Aba Blues,Drama,,,
Abandone a mis Padres,Drama,,,71.0
Abar Hawa Bodol,Drama,6.4,47.0,139.0
Abhhiman,Drama,6.5,233.0,144.0
Abhitha,Drama,,,
Abhivyakti: Finding Their Voice,Drama,,,74.0
Abhyanjana,Drama,,,
Abigail's Tale,Drama,,,
Abismos,Drama,,,90.0
About the Mother,Drama,,,82.0
Abril,Drama,7.0,27.0,105.0
Absolute Love,Drama,,,
Accused,Drama,4.5,2400.0,107.0
"Ach, diese Lücke, diese entsetzliche Lücke",Drama,7.6,1500.0,137.0
Achappa's Album,Drama,6.6,7.0,121.0
Achyuta Avataaram,Drama,5.0,2800.0,130.0
Acorde Final,Drama,,,
Act Break,Drama,,,92.0
Act One,Drama,6.8,15.0,104.0
Acts of the Apostles,Drama,,,
Adamya,Drama,7.7,55.0,110.0
Adanne,Drama,,,137.0
Adaraneeya Tharuwak,Drama,7.2,37.0,118.0
Addiction,Drama,8.5,13.0,84.0
Adi,Drama,,,
Adorable Cupida,Drama,,,
Adulthood,Drama,,,106.0
Aegean Love,Drama,8.0,6.0,90.0
African Bodyguard,Drama,,,
After,Drama,,,
After Hours,Drama,,,
After Love,Drama,,,
After Operation London Cafe,Drama,9.2,27.0,126.0
After the End,Drama,5.0,37.0,85.0
After the Freeze: Final Cut,Drama,,,59.0
Aftermath,Drama,2.6,6.0,80.0
Afterpiece,Drama,8.5,6.0,
Aga Aga Sunbai Kay Mhantay Sasubai,Drama,6.9,440.0,140.0
Agadha,Drama,7.7,1100.0,137.0
Against Nature,Drama,,,88.0
Agent 072 Plan C Det väsentliga,Drama,,,64.0
Aghru Che Yaar,Drama,7.0,6.0,135.0
Agnes Mot Verden,Drama,7.6,89.0,92.0
Agony,Drama,,,
Agridulce - Bittersweet,Drama,,,98.0
Ah Girl,Drama,7.6,45.0,99.0
Ah Que le Bonheur est Proche!,Drama,,,
Ahlan Singapore,Drama,4.9,24.0,96.0
Ahsaas (A Love Story),Drama,,,
Ahí donde no estás.,Drama,,,
Ai Thuong Ai Men,Drama,4.1,11.0,112.0
Ai de lian xi sheng,Drama,,,93.0
Ai shi fen nu,Drama,6.1,11.0,
Aimasiko,Drama,,,110.0
Airminded heads,Drama,,,101.0
Airport Blvd,Drama,,,
Ajustando Cuentas,Drama,,,78.0
Akad Yang Hilang,Drama,7.5,8.0,85.0
Akpoola,Drama,,,120.0
Akshara,Drama,,,
Alag Namar,Drama,,,85.0
Alas Roban,Drama,5.1,292.0,111.0
Alias,Drama,,,
Alicia in Wonderland,Drama,3.7,12.0,93.0
All Money Aint Good Money,Drama,5.0,5.0,104.0
All My Friends Are Back in Brisbane,Drama,9.0,26.0,77.0
All That Glitters,Drama,8.8,23.0,100.0
All That We Never Were,Drama,5.2,409.0,107.0
All for One,Drama,,,95.0
All of a Sudden,Drama,8.0,625.0,196.0
All the Good Eyes,Drama,6.5,107.0,117.0
All the Lovers in the Night,Drama,6.7,30.0,139.0
Alla festa della Rivoluzione,Drama,5.2,83.0,98.0
Allegro Pastell,Drama,5.7,180.0,100.0
Alma,Drama,,,70.0
Almost,Drama,,,165.0
Almost Kadhal,Drama,,,103.0
Almost Us,Drama,8.3,32.0,102.0
Almost with You,Drama,,,109.0
Aloha Prestij,Drama,,,
Alone at Heart,Drama,,,
Alors on Danse,Drama,,,
Amal,Drama,,,94.0
Amando a Amanda,Drama,,,
Ambe Hai Meri Maa,Drama,,,
Ameer Log,Drama,9.7,312.0,145.0
Amira Amir,Drama,7.5,18.0,86.0
Amityville Rex,Drama,3.0,61.0,69.0
Amma Naaku aa Abbayi Kaavaali,Drama,9.4,1900.0,142.0
Amnesia,Drama,8.3,18.0,95.0
Among Monsters,Drama,,,88.0
Amrit: Kaliyug ka Samudra Manthan,Drama,,,51.0
An Atomic Relationship,Drama,,,66.0
Anakapalli,Drama,,,154.0
Anam's Wake,Drama,9.4,61.0,
Ananthan Kaadu,Drama,7.3,80.0,157.0
Ancestral,Drama,,,86.0
AncheSeLiOdio,Drama,7.6,14.0,105.0
And Her Body Was Never Found,Drama,8.0,40.0,75.0
Andy,Drama,8.7,6.0,107.0
Ang Bangkay,Drama,,,106.0
Ang modista,Drama,5.0,25.0,82.0
Angad,Drama,,,127.0
Angel Flight,Drama,7.1,7.0,138.0
Angeleno,Drama,,,83.0
Angels Near Death,Drama,,,72.0
Angels of Tokyo Decadence,Drama,5.0,16.0,
Angels of War,Drama,5.1,125.0,110.0
"Angels, They Are Amongst Us",Drama,,,129.0
Angikaaram,Drama,8.8,368.0,140.0
Anima,Drama,7.9,29.0,90.0
Animales,Drama,6.5,88.0,85.0
Animals of the Land,Drama,,,
Animol,Drama,6.7,84.0,90.0
Annihilator Unleashed,Drama,3.9,2200.0,119.0
Annyo Nisarg,Drama,,,65.0
Anonymous Destroyers,Drama,,,82.0
Another Day,Drama,6.2,97.0,120.0
Another League,Drama,7.3,82.0,106.0
Another Man's Wife,Drama,4.1,130.0,91.0
"Antara Mama, Cinta dan Surga",Drama,,,110.0
Antartica - Quasi una fiaba,Drama,6.9,40.0,93.0
Antas 2,Drama,,,
Anthony,Drama,8.6,321.0,136.0
Anthôman,Drama,,,
Antártida,Drama,,,93.0
Anywhere,Drama,5.7,106.0,101.0
Apam!,Drama,,,
Aparadhi Naanalla,Drama,,,125.0
Apnas,Drama,7.1,62.0,118.0
Aporia,Drama,,,113.0
"Apoy sa ibabaw, apoy sa ilalim",Drama,,,79.0
Apples & Pears,Drama,,,
Apples and Oranges 2026,Drama,,,
Aquí,Drama,8.0,30.0,203.0
Arena Branca,Drama,,,118.0
Arey Apandra,Drama,,,99.0
Arjunan Per Paththu,Drama,,,121.0
Armada Drive,Drama,,,86.0
Armony,Drama,7.4,15.0,104.0
Arthur's Empire,Drama,9.0,31.0,
Arulvaan,Drama,8.7,134.0,109.0
Aryabhatt Ka Zero,Drama,8.9,1600.0,114.0
As I Am,Drama,,,122.0
Asad,Drama,7.4,1100.0,120.0
Asesino Perfecto,Drama,,,114.0
Ashakal Aayiram,Drama,5.1,1600.0,132.0
Ashes,Drama,6.2,55.0,98.0
Asphyxia,Drama,,,119.0
Assi,Drama,6.7,5200.0,134.0
At the Lovehotel,Drama,6.8,6.0,73.0
At the Sea,Drama,5.7,152.0,112.0
Athiradi,Drama,6.8,3100.0,157.0
Atlas King,Drama,3.8,183.0,90.0
Atonement,Drama,7.3,53.0,118.0
Attaboy,Drama,,,
Aurora.Newsroom.,Drama,,,
Auslandsreise,Drama,5.5,13.0,63.0
Autumn of the Jinn,Drama,,,75.0
Aval,Drama,6.8,17.0,93.0
Averno Hotel,Drama,,,
Awarapan 2,Drama,6.6,12000.0,140.0
Away with Words,Drama,6.7,41.0,99.0
Awonon,Drama,,,75.0
"Ayah, Ini Arahnya ke Mana, Ya?",Drama,7.8,54.0,103.0
Baaaz in State,Drama,,,169.0
Baab,Drama,6.8,32.0,97.0
Baapya,Drama,8.2,2100.0,147.0
Baba,Drama,,,
Baba: The Love of Ramadan,Drama,,,
Babita Singh Reporting,Drama,,,131.0
Baby Girl,Drama,5.7,3300.0,124.0
Baby Love,Drama,8.4,8.0,87.0
Back from the Brink the Heiress Rises,Drama,8.0,10.0,
Back to Us,Drama,,,
Backrooms Bigfoot,Drama,3.7,19.0,
Bad Beast,Drama,5.3,33.0,94.0
Bad Boy Karthik,Drama,3.3,1400.0,142.0
Bad Girl Office,Drama,6.9,33.0,
Bad Intentions,Drama,,,
Bad Market,Drama,,,
Bad Shuffle,Drama,,,
Baga,Drama,,,
Bagworm,Drama,6.7,35.0,96.0
Bahangi: The Bamboo Yoke,Drama,8.4,8.0,52.0
Bai wan hong bao,Drama,,,88.0
Balan: The Boy,Drama,8.1,5100.0,150.0
Balandrau: Where the Fierce Wind Blew,Drama,6.6,567.0,119.0
Balaramana Dinagalu,Drama,7.3,17.0,151.0
Ballad to the Winds,Drama,,,116.0
Bambukat 2,Drama,8.0,2300.0,173.0
Band Melam,Drama,6.0,321.0,141.0
Barabar Premistha,Drama,6.8,3100.0,134.0
Bardogento,Drama,,,
Barely There,Drama,,,
Barrio De Acero,Drama,,,60.0
Barurot 2,Drama,6.1,143.0,74.0
Basmane,Drama,,,
Basundhara,Drama,8.5,6.0,87.0
Batman: Knightfall - Part 1: Knightfall,Drama,8.0,2500.0,78.0
Battle,Drama,6.8,1000.0,125.0
Batwara 1947,Drama,4.3,1800.0,160.0
Bayakegalu Berooridaga,Drama,8.6,21.0,112.0
Be Happy,Drama,5.9,172.0,88.0
Bear with Me,Drama,,80.0,85.0
Beast,Drama,5.8,3900.0,114.0
Beau Ideal,Drama,7.8,10.0,109.0
Beautiful Chaos,Drama,,,
Beautiful Pain,Drama,,,128.0
"Beautiful, Pam",Drama,,,63.0
Beauty and the Atheist,Drama,1.4,152.0,105.0
Bebe Main Badmash Banuga,Drama,6.7,617.0,129.0
Bedford Park,Drama,6.8,92.0,117.0
Before Dallas,Drama,9.4,39.0,101.0
Before Never,Drama,7.8,21.0,118.0
Beginnings 3,Drama,,,90.0
Behadd,Drama,7.7,48.0,131.0
Behind These Walls,Drama,,,
Behind the 8-Ball,Drama,,,97.0
Behind the Closed Doors of the Artist Who Died,Drama,,,29.0
Behind the screens,Drama,6.4,18.0,96.0
Being Towards Death,Drama,7.0,101.0,120.0
Belladonna,Drama,,,
Bellyache,Drama,,,
Beluchi,Drama,,,
Ben'imana,Drama,7.4,74.0,101.0
Benched,Drama,,,22.0
Bendito Corazón,Drama,5.3,129.0,86.0
Bethlehem Kudumba Unit,Drama,8.4,4300.0,157.0
Between Arms,Drama,,,75.0
Between Brothers,Drama,7.6,70.0,106.0
Between Love & Justice,Drama,,,88.0
Between Us,Drama,,,89.0
Beyish 2: Apama kat,Drama,7.4,40.0,100.0
Beyond Belief,Drama,,,116.0
Beyond the Mast,Drama,,,93.0
Beyond the Nest,Drama,6.1,68.0,93.0
Bez oglyadki,Drama,,,
Bhagubai,Drama,6.8,18.0,120.0
BhakutKut,Drama,7.6,9.0,139.0
Bhalobashi Hoyni Bola,Drama,,,
Bhamardo,Drama,9.2,33.0,145.0
Bharat Bhhagya Viddhaata,Drama,6.5,7900.0,125.0
Bharathi Teacher,Drama,8.7,1100.0,139.0
Bhartha Mahasayulaku Wignyapthi,Drama,6.3,2800.0,142.0
Bhaskarabharanam,Drama,,,
Bheemseri,Drama,,,120.0
Bhidewada,Drama,9.5,300.0,144.0
Bhogi,Drama,,,
Bhuchal-Bhandar,Drama,,,
Bhutacha Doraemon 2,Drama,,,
Bibi Payra,Drama,7.6,1000.0,120.0
Bice novih leta,Drama,4.8,62.0,95.0
Bidadari Surga,Drama,,,80.0
Bienvenue en Islande,Drama,8.8,8.0,109.0
Big Girls Don't Cry,Drama,6.9,110.0,100.0
Bight,Drama,4.9,1100.0,92.0
Bike Ambulance Dada,Drama,5.8,11.0,
Biker,Drama,6.3,1100.0,160.0
Bikini Lawyer,Drama,,,
Bikini Nurses,Drama,3.1,89.0,68.0
Bikini Office Girl,Drama,,,
Billy the Kid: Blood and Legend,Drama,,,
Bini Sutor Taan,Drama,9.4,329.0,98.0
Bipolar 4,Drama,,,
Bir Ayrilik Bir Yoksulluk Bir Ölüm,Drama,,,
Bir Yazdan Hatiralar,Drama,,,80.0
Bisarjan,Drama,,,121.0
Bitter Christmas,Drama,6.3,3900.0,111.0
Bitter Like Chocolate,Drama,4.4,13.0,
Bitter Revenge,Drama,,,
Bl@Bl@ 6 - A Verdade vindo à tona,Drama,,,
Black Burns Fast,Drama,6.9,52.0,96.0
Black Genius: Latimer's Light,Drama,,,45.0
Black Men Don't Cheat 3: Outplayed,Drama,4.4,36.0,
Black Trumpet,Drama,7.5,26.0,91.0
Black Vault,Drama,,,75.0
Black Water Gate,Drama,,,56.0
Blades of the Guardians,Drama,6.8,3900.0,126.0
Blagoustroystvo,Drama,,,81.0
Blaise,Drama,7.2,25.0,82.0
Blast,Drama,7.3,17000.0,142.0
Blind Prince,Drama,,,
Blind Tiez,Drama,,,
Blir du ledsen om jag dör?,Drama,6.7,59.0,
Blog,Drama,,,
Blokadnye sudby,Drama,6.6,9.0,79.0
Blood Mandate,Drama,,,62.0
Blood Moon Rite 8,Drama,7.6,61.0,130.0
Bloody Sands,Drama,,,94.0
Blowin' Smoke,Drama,,,100.0
Blue,Drama,6.4,91.0,84.0
Blue Marks,Drama,,,110.0
Bo me zhi wo de qing chun zhu le gui,Drama,5.2,12.0,99.0
Bo-bo,Drama,,,
Boatlift 9/11,Drama,,,
Body of Nurses,Drama,6.6,30.0,
Bodyhackers,Drama,5.5,11.0,83.0
Bolagolam,Drama,,,
Bonolata Sen,Drama,6.6,66.0,142.0
Bonolota Express,Drama,8.6,3500.0,153.0
Bookends,Drama,7.8,65.0,99.0
Booking,Drama,5.9,33.0,77.0
Boomah,Drama,,,120.0
Boomers,Drama,7.0,244.0,113.0
Boomtown: The Story of Downtown Frederick,Drama,,,65.0
Border 2,Drama,5.8,21000.0,200.0
Borealis,Drama,5.2,9.0,94.0
Born to Lose,Drama,7.9,11.0,112.0
Borro,Drama,,,
Boss Cat,Drama,8.7,11.0,
Bou Niye Juddho,Drama,,,
Boulevard,Drama,4.7,1600.0,112.0
Bound to Die Trying,Drama,,,48.0
Bountiful,Drama,8.2,11.0,112.0
Boxed,Drama,,,78.0
Brand New Love,Drama,,,
Brave New Love,Drama,7.6,27.0,105.0
Brave Skies,Drama,,,90.0
Brave Without Boundaries,Drama,,,102.0
Breaking Point,Drama,,,68.0
Breaking Through,Drama,,,90.0
Breathe Again,Drama,5.3,100.0,87.0
Bride for the Quarterback,Drama,8.2,320.0,
Bridged,Drama,,,
Broken Ends,Drama,,,55.0
Broken Harmony,Drama,5.8,7.0,121.0
Broken Ranch,Drama,,,
Bromance Kadhal,Drama,,,143.0
Brother Unknown,Drama,5.8,29.0,95.0
Brothers Under Fire,Drama,4.8,1800.0,101.0
Brothers and Cousins,Drama,,,
Bruton,Drama,8.4,26.0,
Bu Li Bu Qi,Drama,,,75.0
Bu Qi Er Yu De Wo Men,Drama,,,
Budh Singh,Drama,6.2,10.0,105.0
Bullet Virumandi,Drama,,,100.0
Bunny!!,Drama,5.6,409.0,127.0
Burn,Drama,6.5,101.0,103.0
Burning Rain,Drama,6.9,8.0,90.0
Burû Rokku,Drama,7.7,75.0,128.0
Bus: Chuyen Xe Mot Chieu,Drama,,,94.0
Busted Water Pipes,Drama,5.3,193.0,103.0
But the Main News Tonight,Drama,,,
Butterfly,Drama,6.2,89.0,120.0
Butterfly Jam,Drama,6.1,56.0,102.0
Button Lips,Drama,,,104.0
By His Hand,Drama,7.2,45.0,90.0
Byeeee,Drama,,,88.0
Bärenjagen,Drama,,,94.0
Bélyeg,Drama,7.2,27.0,76.0
Caity,Drama,6.7,8.0,95.0
Calendar,Drama,,,
California Scenario,Drama,7.5,13.0,98.0
Camp Night,Drama,,,85.0
Campeón Gabacho,Drama,8.3,39.0,108.0
Can't Buy Loyalty,Drama,,,123.0
Can't Go Over It,Drama,,,76.0
Candy and the Pizza Ggirl,Drama,4.3,57.0,100.0
Cant Get No,Drama,,,
Cap Farewell,Drama,5.6,46.0,108.0
Capsized,Drama,,,105.0
Captive by My Choice,Drama,,,65.0
Carl Jackson's the Well,Drama,,,
"Carmen, l'oiseau rebelle",Drama,7.0,30.0,90.0
Carmeni Selvam,Drama,6.5,218.0,149.0
Carousel,Drama,5.4,137.0,105.0
Casa Grande,Drama,4.7,218.0,113.0
Casa Pura,Drama,,,93.0
Case of blues,Drama,,,
Cassowary,Drama,,,86.0
Castration Movie Anthology III: Year of the Hyaena,Drama,,,325.0
Castration Movie Chapter III: Junior Ghosts - Premorphic Drift; a Fragmentary Passage,Drama,8.1,15.0,127.0
Castration Movie Expansion I.,Drama,,,
Caterpillar,Drama,8.3,34.0,97.0
Catherine,Drama,,,
Cauchemar conseil,Drama,6.1,7.0,148.0
Caught Up in the Circle of Life,Drama,,,
Cause & Effect,Drama,,,
Cell,Drama,,,126.0
Century,Drama,,,
Cercatori d'angeli,Drama,,,103.0
Cesarean Weekend,Drama,3.4,17.0,93.0
Ceux qui comptent,Drama,6.3,195.0,98.0
Chaali Din,Drama,8.4,1100.0,150.0
Chakranta,Drama,5.2,8.0,
Chamayya S/o Ramachari,Drama,,,105.0
Champagne,Drama,7.2,662.0,90.0
Chand Mera Dil,Drama,6.3,7500.0,135.0
Chaos/Order,Drama,,,63.0
Charitha Kamakshi,Drama,6.7,28.0,90.0
Charlie Med,Drama,,,
Charukesi,Drama,6.0,433.0,146.0
Chaser Game W: Suigyo no Majiwari,Drama,7.6,7.0,84.0
Chasing Dust,Drama,,,88.0
Chasing Summer,Drama,6.2,181.0,91.0
Chaste,Drama,9.8,6.0,
Chatha Pacha,Drama,6.3,4900.0,134.0
Chaurangi,Drama,5.3,121.0,137.0
Che Dio perdona a tutti,Drama,6.6,185.0,113.0
Check-In,Drama,6.5,175.0,73.0
Cheekatilo,Drama,5.5,8900.0,126.0
Chengeto,Drama,,,65.0
Chennai Love Story,Drama,7.1,2900.0,180.0
Chentian,Drama,,,
Cherchez La Femme,Drama,5.6,26.0,90.0
Cherni pari za beli noshti,Drama,6.9,27.0,94.0
Chica Checa,Drama,7.2,20.0,96.0
Chidibaaz,Drama,,,65.0
Child,Drama,9.2,11.0,78.0
Children of God,Drama,,,
Children of Heaven,Drama,8.1,63.0,97.0
Children of a Fatherless Child,Drama,,,131.0
Chili Finger,Drama,7.8,84.0,100.0
Chinna Chinna Aasai,Drama,6.5,605.0,136.0
Chiranjeevi,Drama,,,
Chirudo,Drama,6.6,102.0,88.0
Chobiwala,Drama,6.4,9.0,93.0
Chop Breakfast,Drama,,,
Chorr,Drama,,,
Chorão: Só os Loucos Sabem,Drama,4.7,6.0,
Chowkidar,Drama,,,145.0
Christmas Owes Me Nothing,Drama,,,122.0
Christmas on the North Pole Express,Drama,,,78.0
Chronicles from the Siege,Drama,5.9,121.0,98.0
Chrysalis,Drama,9.2,33.0,
Chupa Chupi,Drama,7.8,80.0,161.0
Chuzhoy zvonok,Drama,,,89.0
Chyorny dvor v kino,Drama,5.8,36.0,129.0
Cielos Abiertos,Drama,,,
Cinta Lama Babak Kedua,Drama,,,105.0
Circus of Life,Drama,7.7,6.0,
Claim Me,Drama,5.6,234.0,72.0
Clarissa,Drama,6.3,54.0,125.0
Clash of the Thundermans,Drama,8.9,55.0,
ClayFighter,Drama,,,98.0
Clean,Drama,6.9,47.0,
Clean Hands,Drama,,,108.0
Click Ceremony,Drama,6.8,1000.0,97.0
Clika,Drama,4.2,435.0,82.0
Climacteric Woman,Drama,,,93.0
Clown & Out,Drama,6.7,13.0,
Club Kid,Drama,7.7,153.0,122.0
Coaled Blood,Drama,,,
Cocktail 2,Drama,6.6,30000.0,150.0
Cocoa in the Dark,Drama,,,91.0
Coin,Drama,,,80.0
Cold War 1994,Drama,6.4,701.0,117.0
Colors,Drama,,,
Colours of Evil: Black,Drama,5.9,3400.0,110.0
Coma Grey,Drama,,,109.0
Commandments of a Female Hustler Volume 2,Drama,,,
Commandovin Love Story,Drama,,,
Company Sports Day,Drama,,,113.0
Company of Shadows,Drama,9.0,27.0,
Comète,Drama,5.5,12.0,97.0
Con City,Drama,6.7,2400.0,150.0
Con Ke Ba Nghe,Drama,7.1,16.0,111.0
Con La Tierra Encima,Drama,,,65.0
Concrete Choices,Drama,,,
Confessional,Drama,,,
Confessions of a Shaman,Drama,6.2,29.0,126.0
Confined,Drama,,,
Congo Boy,Drama,6.2,50.0,95.0
Contract Marriage,Drama,1.0,6.0,
Corbin,Drama,,,
Corozo,Drama,,,97.0
Corredora,Drama,7.0,76.0,96.0
Corriedale: The Omnibus Edition,Drama,8.6,14.0,85.0
Cosas De Mujeres,Drama,,,
Cosmic Princess Kaguya!,Drama,7.1,3200.0,143.0
Cotton Fever,Drama,9.2,20.0,89.0
Cougar in a Cage,Drama,,,97.0
Couples Weekend,Drama,4.6,660.0,96.0
Coward,Drama,7.2,250.0,120.0
Cowgirl,Drama,6.9,17.0,109.0
Craving My British Cowboy,Drama,7.6,59.0,117.0
Crazed Intent,Drama,8.8,56.0,75.0
Creampie,Drama,5.9,43.0,80.0
Crescendo,Drama,6.4,164.0,134.0
Cricket Sadu,Drama,,,115.0
Crime 101,Drama,6.8,94000.0,140.0
"Cristales Rotos: Historias de amor, dolor y muerte",Drama,,,93.0
Crooked Suits,Drama,7.4,11.0,
Crooks,Drama,8.1,9.0,80.0
Crossing a Dawn,Drama,6.4,59.0,103.0
Crossroads,Drama,5.4,23.0,65.0
Culpable Invisible,Drama,,,
Cult,Drama,3.4,851.0,163.0
"Cuo Guo le, Yi Han ma",Drama,5.8,14.0,
Cup Bashi,Drama,6.1,26.0,150.0
Currents,Drama,,,44.0
Cuvar ikone Svetog Djordja,Drama,,,107.0
Cyclone,Drama,6.7,34.0,116.0
Cynthia,Drama,,,172.0
Czarna godzina,Drama,,,75.0
DC,Drama,8.3,5000.0,141.0
DSP Dev 2,Drama,7.0,93.0,144.0
DTLA,Drama,7.6,10.0,104.0
Da Xi Yang,Drama,,,102.0
Daadi Ki Shaadi,Drama,5.8,5800.0,155.0
Dabish,Drama,7.0,7.0,146.0
Dacoit: A Love Story,Drama,7.4,10000.0,149.0
"Dad, I Want to Talk",Drama,8.6,25.0,166.0
Daddy's Girl,Drama,,,
Daddy's Weeper,Drama,,,
Daisy,Drama,,,
Daiva,Drama,9.4,15.0,
Dakshin Bhartiya Bahu,Drama,,,
Dalasien,Drama,,,
Dama Dum Mast Kalandar,Drama,8.4,3500.0,149.0
Damaged,Drama,,,
Dan Bandung,Drama,7.7,10.0,120.0
Dance of the Damned,Drama,7.0,96.0,101.0
Dancing with the Shadows,Drama,,,99.0
Dangerous Affairs,Drama,8.2,7.0,
Dans L'ombre De L'Aigreur,Drama,,,
Dans l'Ombre,Drama,,,49.0
Dans le viseur du diable,Drama,,,
Danz3,Drama,,,
Dao,Drama,6.4,102.0,185.0
Darji,Drama,,,127.0
Dark Attraction,Drama,8.7,141.0,
Dark Distortion,Drama,4.7,50.0,94.0
Dark Justice,Drama,,,
Dark Secrets,Drama,7.7,32.0,118.0
Darrell Smith's Destiny,Drama,,,
Dastaar,Drama,7.9,558.0,150.0
Data Not Drama,Drama,,,
Daygame,Drama,,,65.0
Days of Fire,Drama,,,90.0
De Gaulle: Part 2- Liberte,Drama,8.0,1400.0,157.0
De Gaulle: Résistance,Drama,7.7,2400.0,160.0
De forbandede år - Fredens pris,Drama,6.3,263.0,128.0
De l'ambition au péché,Drama,,,
Dead Deer High,Drama,7.5,19.0,101.0
"Dead Sea, California",Drama,,,90.0
Deadly cure,Drama,7.9,18.0,75.0
Dear Family,Drama,,,
Dear Radhi,Drama,4.8,316.0,130.0
Dear You,Drama,8.3,1900.0,118.0
Death Has No Master,Drama,7.3,67.0,106.0
Death at the Dinner Party,Drama,5.5,63.0,87.0
Deb Is Boss,Drama,5.8,92.0,100.0
Debate,Drama,,,
Deccal 3,Drama,4.9,90.0,95.0
Deceiving,Drama,,,126.0
Deep Water,Drama,5.4,11000.0,106.0
Deewana,Drama,8.2,1400.0,150.0
Delhi Gate,Drama,6.4,6.0,137.0
Delicieuse et Tragique,Drama,,,110.0
Demain je tombe amoureux,Drama,6.9,8.0,107.0
Demo Tape,Drama,,,
Demon's Hug Me in My Sleep,Drama,7.2,22.0,77.0
Demons,Drama,4.4,6.0,105.0
Den hemmelige kvinde,Drama,,,
Deool Band 2,Drama,7.6,527.0,182.0
Der Schimmelreiter,Drama,7.0,10.0,96.0
Derby,Drama,3.5,1500.0,135.0
Desacato Sónico,Drama,,,
Desire,Drama,4.4,3100.0,97.0
Desire Trap,Drama,8.1,116.0,
Desperada,Drama,,,97.0
Después de Kim,Drama,6.8,18.0,107.0
Destini Wins,Drama,,,46.0
Destiny's Race,Drama,,,85.0
Detective Teekshana,Drama,9.2,505.0,121.0
Detention,Drama,9.3,19.0,83.0
Detrás de la Lluvia,Drama,4.0,7.0,97.0
Dev Das na Leela,Drama,,,132.0
Devagudi,Drama,1.8,2100.0,152.0
Devenir,Drama,,,98.0
Devil in a Sundress,Drama,,,114.0
Devir,Drama,,,
Devochki uchatsya britsya,Drama,,,110.0
Dhabkaaro,Drama,7.1,662.0,126.0
Dhairye Sahase Amrutha,Drama,,,
Dharau,Drama,,,
Dharmadevatha,Drama,,,
Dhoadhi,Drama,,,102.0
Di Lemon! Di Musical: The True Story of the Man Who Introduced Vanilla to Hollywood,Drama,,,86.0
Diamond,Drama,7.9,55.0,118.0
Diari Hitam: Lembaran Baru Liriell,Drama,,,
Diary,Drama,9.0,33.0,129.0
Diary of a Chambermaid,Drama,6.9,145.0,94.0
Die Ballade Von Mittwoch Auf Donnerstag,Drama,,,79.0
Die Gäste,Drama,6.2,8.0,
Die Königin des Schicksals,Drama,,,95.0
Die Poesie des Scheiterns,Drama,,,
Die kleinen und die großen Lügen,Drama,,,89.0
Die Ältern,Drama,6.2,179.0,104.0
Dig a Pony,Drama,,,70.0
Dil Deewana Ho Gaya,Drama,3.9,12.0,135.0
Dilan 1997,Drama,7.9,59.0,110.0
Disaridakiler: Bir Zamanlar Almanya'da,Drama,,,111.0
Disclosure Day,Drama,6.4,146000.0,145.0
Dispensary,Drama,,,
Dissection of the Dollar,Drama,,,45.0
Divya,Drama,,,123.0
Diwali Ke Shor Mein,Drama,,,102.0
DiyiDadao,Drama,,,
Djeca Kozare,Drama,5.6,9.0,
Do Deewane Seher Mein,Drama,6.1,6000.0,138.0
Do Not Grow Weary,Drama,4.6,19.0,
Do Re Mi Fa So lauft's,Drama,,,106.0
Do Us Part,Drama,8.3,32.0,94.0
Dobbeltspil,Drama,5.7,69.0,96.0
Dodmansa,Drama,6.7,208.0,143.0
Domani interrogo,Drama,6.4,105.0,97.0
Domestic Circus,Drama,,,92.0
Domingo sem Deus,Drama,7.0,109.0,
Domm: Until the Last Breath,Drama,6.9,1200.0,128.0
Don Chisciotte,Drama,7.4,9.0,112.0
Don Quijote Barcelonassa,Drama,6.3,19.0,117.0
Don't Come Out,Drama,5.5,39.0,105.0
Don't Make Me Bless You,Drama,5.3,43.0,77.0
Don't Say Good Luck,Drama,6.8,6200.0,95.0
Donde Duermen los Sueños,Drama,,,76.0
Donut Holes,Drama,,,
Donya,Drama,,,
Dooradarshini,Drama,5.0,2100.0,125.0
Dora,Drama,5.5,14.0,137.0
Doraemon: Nobita and the New Castle of the Undersea Devil,Drama,6.2,194.0,102.0
Dos días,Drama,8.0,16.0,88.0
Dos reinas sin un reino,Drama,,,
Dose,Drama,4.5,1900.0,141.0
Double Freedom,Drama,6.2,41.0,100.0
Double Occupancy,Drama,6.2,515.0,130.0
Double Standards 2,Drama,,,93.0
Dovolená v Ceském ráji,Drama,,,90.0
Down the Arm of God,Drama,8.9,51.0,106.0
Down the Long River,Drama,,,
Downbeat,Drama,8.5,20.0,91.0
Downtown,Drama,9.1,24.0,98.0
Dozier,Drama,,,
Dr. Ramu,Drama,,,
Draupathi 2,Drama,5.2,4200.0,159.0
Drax,Drama,,,97.0
Dream,Drama,,,78.0
Dream Machine: AHRIMAN,Drama,,,119.0
Dream Stall,Drama,8.9,100.0,102.0
Dreams of Violets,Drama,2.3,68.0,74.0
Drei Kameradinnen,Drama,,,93.0
Dridam,Drama,7.0,5300.0,128.0
Drinking and Driving,Drama,,,106.0
Drishyam 3,Drama,6.6,5200.0,157.0
Drunken Woman,Drama,7.5,505.0,
Drushya Adrushya,Drama,7.4,595.0,116.0
Dua,Drama,7.3,158.0,100.0
Dua Qubool,Drama,7.5,9.0,
Duja Rabb,Drama,,,
Dukan,Drama,,,94.0
Dulhan Wahi Jo Piya Man Bhaye 2,Drama,,,
Dummy,Drama,2.6,111.0,78.0
Duplicity,Drama,,,98.0
Duplikat,Drama,,,141.0
Dust,Drama,5.9,224.0,109.0
Dyol sette kune,Drama,,,73.0
Días de agosto,Drama,6.5,19.0,95.0
Dönmek için Eve,Drama,7.7,203.0,
E,Drama,,,81.0
E - Love,Drama,,,
E-Laka,Drama,,,
Earth Song,Drama,6.5,19.0,
Eat Pray Bark,Drama,5.5,2400.0,91.0
Echo Point,Drama,,,62.0
Echoes,Drama,6.3,13.0,
Echoes: Four Stories of Becoming,Drama,,,
Eden's Choice,Drama,6.6,23.0,99.0
Eeshan - The Protector,Drama,,,
Effi o Blaenau,Drama,7.8,189.0,90.0
Efir,Drama,,,
Ego Raman,Drama,6.6,190.0,116.0
Ego Reach We All,Drama,7.0,10.0,
Egregious,Drama,7.9,17.0,115.0
Ek Din,Drama,6.4,1800.0,125.0
Ek Hota Malin,Drama,8.5,23.0,130.0
Ekhane Rajnoitik Alap Joruri,Drama,5.7,14.0,
Eklo Rabari,Drama,,,124.0
El Claro,Drama,,,64.0
El Destino lo hizo,Drama,,,107.0
El Ejemplo,Drama,,,102.0
El Hijo Del Centenario,Drama,,,72.0
El Set Lamma (Veto),Drama,,,
El día que Ewan McGregor me presentó a sus padres,Drama,,,
El espejismo,Drama,,,70.0
El regresado,Drama,,,100.0
El río que somos,Drama,,,
El tren fluvial,Drama,6.4,42.0,75.0
Ela Foi Ali Guardar o Coração na Geladeira,Drama,,,78.0
Electric Feel,Drama,,,100.0
Elephants in the Fog,Drama,8.1,81.0,108.0
Elijah Peel,Drama,7.4,84.0,107.0
Elite Deception,Drama,,,93.0
Elize: Shadows of a Woman,Drama,6.0,3800.0,93.0
Ellas,Drama,,,106.0
Elra Kaaleliyatte Kaala,Drama,8.0,240.0,130.0
Elurra,Drama,,,64.0
Elva: Art of Redemption,Drama,,,132.0
Ember Terakhir,Drama,,,45.0
Emporion,Drama,,,
Empty Heaven,Drama,8.3,13.0,87.0
Enemy in My House,Drama,,,104.0
Enjoy Your Journey,Drama,6.7,14.0,
Enjoy Your Stay,Drama,6.8,40.0,99.0
Enola Holmes 3,Drama,5.7,30000.0,105.0
Ensayo para desaparecer,Drama,,,84.0
Entre 2 Aguas,Drama,,,95.0
Ephemera,Drama,6.8,19.0,83.0
Era,Drama,7.0,5.0,102.0
Erinnerungen eines Waldes,Drama,,,91.0
Ernie & Emma,Drama,9.2,83.0,88.0
Erzähl Mir Dein Morgen,Drama,,,90.0
Escape Inútil,Drama,,,72.0
Escape the Internet (Part 1),Drama,,,90.0
Estakhr,Drama,4.8,98.0,
Estopim,Drama,,,90.0
Eto vsyo ona!,Drama,,,
Euphoria,Drama,7.3,2900.0,150.0
Euro Pop Bubble,Drama,,,
Eva,Drama,6.0,8.0,98.0
Everybody Digs Bill Evans,Drama,6.6,169.0,102.0
"Everyday, We Are",Drama,5.9,12.0,99.0
Everything As It Should Be,Drama,6.3,8.0,101.0
Everything Else Is Noise,Drama,6.8,56.0,71.0
Everything Glamouring,Drama,,,77.0
Everything Grows in Eden,Drama,8.6,11.0,
Everything Is New Again,Drama,,,
Everything That's Wrong with You,Drama,8.2,9.0,97.0
Everything Will Be Fine,Drama,7.7,102.0,113.0
Everything You Are (Producer's Cut),Drama,5.5,16.0,103.0
Everytime,Drama,7.2,284.0,119.0
Evil Follows,Drama,4.2,82.0,
Exile,Drama,,,
Exit,Drama,,,
Exodus 1945: Nasa kri,Drama,6.0,104.0,60.0
Exsilium,Drama,,,
Extra Geography,Drama,7.0,89.0,94.0
Ezma,Drama,7.1,160.0,110.0
F(r)iction,Drama,,,84.0
F*ck Valentines Day,Drama,5.3,3200.0,95.0
Fair Game,Drama,,,110.0
Faith in the Silence,Drama,8.0,6.0,
Fall 2: Deadpoint,Drama,7.7,80.0,97.0
Family First,Drama,,,
Family Hug,Drama,,,
Family Mistress,Drama,,,
Fareli Ev,Drama,,,
Fascination Street,Drama,,,86.0
Fast,Drama,8.2,7.0,96.0
Father Forgive Me,Drama,,,51.0
Father's Day,Drama,9.5,1000.0,132.0
Father's Sin,Drama,,,
Father: The Judgement Is inconclusive,Drama,8.2,173.0,116.0
Fatherland,Drama,7.1,931.0,82.0
Fathers,Drama,8.3,667.0,94.0
Feel My Voice,Drama,6.6,1900.0,106.0
Felai FX - Trader Gelap: Apa Mau Takut,Drama,,,88.0
Fem-Ship,Drama,,,
"Femení, singular",Drama,7.7,6.0,
Feral,Drama,,,
Fette Kumpelz,Drama,,,91.0
Fifteen,Drama,7.0,51.0,97.0
Filipiñana,Drama,6.5,146.0,100.0
Filman,Drama,,,116.0
Fils de personne,Drama,6.6,31.0,97.0
Filthy Dogs,Drama,,,
Final Hour,Drama,,,
Finale allegro,Drama,,,113.0
Finding Honk,Drama,,,96.0
Finding the Zone,Drama,,,
Finnegan's Foursome,Drama,4.5,137.0,122.0
Firebreak,Drama,5.8,4700.0,107.0
Firtina Kiz,Drama,5.6,203.0,88.0
"Five Years, Four Months",Drama,,,
Fiz um foguete imaginando que você vinha,Drama,7.0,24.0,92.0
Fjord,Drama,7.9,2100.0,146.0
Flesh and Fuel,Drama,7.1,67.0,90.0
Flies,Drama,7.5,280.0,102.0
"Florida, Man",Drama,,,
Flowers of Acacia,Drama,,,87.0
Follow Me to Forever,Drama,,,
Following Her,Drama,,,101.0
For Her Sake,Drama,,,
For Love and Country part 2,Drama,,,80.0
Forbidden Bonds (Entre el Deseo y el Pecado),Drama,7.0,13.0,
ForeFans,Drama,,,
Forever Your Maternal Animal,Drama,6.3,44.0,100.0
Forsaken,Drama,7.6,453.0,100.0
Forêt ivre,Drama,6.5,31.0,102.0
Foto di classe,Drama,,,107.0
Foufo,Drama,7.1,57.0,120.0
Four Birds,Drama,,,122.0
Four Minus Three,Drama,7.7,273.0,121.0
Fragile Devotion,Drama,,,63.0
Fragmente dintr-un atelier,Drama,,,50.0
Frame,Drama,7.1,128.0,115.0
Frank & Louis,Drama,6.7,49.0,95.0
François.e,Drama,6.7,99.0,91.0
Freaks Part II,Drama,9.1,11.0,
Fredo Kind of Love,Drama,,,
Free Fall: Who You Are,Drama,8.6,557.0,124.0
Free to Fly,Drama,,,60.0
French Girls,Drama,5.3,16.0,
French film,Drama,,,70.0
Friedrich Nietzsche (:) Der Antichrist,Drama,,,188.0
Friends Indeed,Drama,,,
From Shattered to Strong: A Long Way Forward,Drama,,,
Frágil como cristal,Drama,,,
Fujiko,Drama,7.0,31.0,95.0
Full Figured Flings,Drama,9.3,25.0,
Full Phil,Drama,5.5,53.0,78.0
Funk,Drama,,,107.0
Funky,Drama,4.0,1100.0,128.0
Föld és Vas,Drama,,,115.0
G.D.N.,Drama,8.5,1200.0,146.0
G.O.A.T,Drama,5.5,18.0,152.0
G.O.D.Tech,Drama,,,105.0
GRAY (Ramadi),Drama,5.0,14.0,82.0
Gaayapadda Simham,Drama,4.6,1300.0,140.0
Gaia,Drama,,,
Gajanana Cricketers,Drama,7.9,7.0,155.0
Game Start,Drama,5.9,71.0,96.0
"Game on: 4,000 crore Empire",Drama,,,
Gandhi Talks,Drama,6.0,827.0,130.0
Ganggang,Drama,,,89.0
"Ganito, ganyan, ganoon",Drama,5.6,125.0,112.0
Garden City,Drama,,,
Garima,Drama,,,62.0
Garmi,Drama,7.5,11.0,137.0
Garuda,Drama,,,
Gatas,Drama,,,72.0
Gatta Kusthi 2,Drama,6.8,2800.0,154.0
Gauthali,Drama,8.7,50.0,138.0
Gayong 2,Drama,7.0,81.0,82.0
Gem Class,Drama,,,
Gemeinsam einsam,Drama,,,56.0
Gemma Galgani,Drama,6.7,31.0,93.0
Gente de la ruta,Drama,,,67.0
Gentle Monster,Drama,6.5,221.0,114.0
Georgia Peach,Drama,6.4,80.0,89.0
Get Up Kingshuk,Drama,8.7,7.0,80.0
GetAway,Drama,,,87.0
Geçmisin Kokusu,Drama,5.5,17.0,107.0
Ghootevar,Drama,2.6,12.0,
Ghost Voices,Drama,,,
Ghost of Ueno,Drama,,,
Gigolo,Drama,7.9,15.0,
Gilded Lily,Drama,,,73.0
Ginny Wedss Sunny 2,Drama,4.5,5400.0,134.0
Gintama: Yoshiwara in Flames,Drama,8.7,378.0,124.0
Girls Like Girls,Drama,6.4,2900.0,95.0
Girls Night Out,Drama,,,
Girlz N the Hood,Drama,,,105.0
Give 'Em Hell Honey: The Final Version,Drama,,,61.0
Give Me Something Good,Drama,8.2,10.0,40.0
Gloria,Drama,6.7,11.0,
Go On,Drama,8.6,54.0,
Go Theodore,Drama,,,
God & Beer,Drama,3.9,62.0,73.0
God I Want You,Drama,,,
Godaan,Drama,7.9,1500.0,132.0
Godari Gattupaina,Drama,7.2,1200.0,145.0
Godhead,Drama,7.6,26.0,
Godwin,Drama,,,62.0
Gohan,Drama,7.7,699.0,145.0
Gold Mine,Drama,8.4,47.0,83.0
Golden,Drama,,,
Golden Kamuy: The Abashiri Prison Raid,Drama,6.2,411.0,122.0
Golden Triangle,Drama,6.3,85.0,90.0
Good Earth,Drama,6.6,5.0,
Goodbye Cruel World,Drama,6.3,42.0,93.0
Goodbye Stuart,Drama,,,
Goodluck Charm,Drama,7.7,113.0,127.0
Goody,Drama,,,
Goody Goody,Drama,7.2,5.0,80.0
Gorky Resort,Drama,6.3,282.0,113.0
Gossip,Drama,8.2,6.0,119.0
Governor: The Silent Saviour,Drama,6.6,1900.0,122.0
Graamaayana,Drama,7.4,45.0,126.0
Graduation Day,Drama,,,102.0
Granite Orpheus,Drama,,,
Grass Ain't Greener,Drama,,,
Grave Aigüe,Drama,,,80.0
Grave Robbers,Drama,,,90.0
Grease to Grace,Drama,,,
Greatest Oath: The Rescue,Drama,,,
Greener Lawn,Drama,,,110.0
Grizzly Night,Drama,4.6,1500.0,87.0
Gropiusstadt Supernova,Drama,6.5,9.0,78.0
Growth of the Soil,Drama,,,155.0
Guarded,Drama,,,93.0
Guerrilha no Asfalto,Drama,6.4,5.0,77.0
Gugu's World,Drama,7.7,60.0,93.0
Guilty Victim,Drama,6.9,12.0,104.0
GunBlade & Me,Drama,1.5,33.0,92.0
Gyeourui bit,Drama,,,88.0
Gæsten,Drama,7.2,14.0,100.0
Güvercin Terbiyecisi,Drama,5.7,54.0,87.0
HOLM,Drama,,,
"Ha-Chan, Shake Your Booty!",Drama,7.2,134.0,122.0
Habaita!,Drama,,,75.0
Habeebi,Drama,9.2,445.0,150.0
Hacia lo invisible,Drama,,,65.0
Hadestown: The Musical,Drama,8.6,2800.0,141.0
Hag,Drama,,,
Hai Jawani Toh Ishq Hona Hai,Drama,4.1,13000.0,136.0
Hal-e Khoob-e Zan,Drama,2.2,11.0,
Halcones,Drama,,,145.0
Halima,Drama,,,
Hallucinations of War,Drama,6.6,17.0,72.0
Hamari Betiyan,Drama,8.6,14.0,145.0
Han ye deng zhu,Drama,6.5,77.0,90.0
Hand of God,Drama,,,106.0
Handle with Care (Gianni Sacco and Miryam Orozco),Drama,,,
Haplos ni Milagros,Drama,5.4,16.0,74.0
Happy Hours,Drama,8.8,35.0,80.0
Happy Raj,Drama,6.7,1500.0,159.0
Harmony Streets,Drama,,,85.0
Harudu,Drama,8.4,1300.0,130.0
Harvest,Drama,9.2,3000.0,118.0
Hasta el fin del mundo,Drama,5.0,120.0,98.0
"Hated by Many, Loved by None",Drama,,,121.0
Haunted Universities 4,Drama,6.3,35.0,128.0
Havana Coyotes,Drama,,,
Hayatin Sirrina Ermis Kisi,Drama,,,
Hayok,Drama,5.2,39.0,78.0
He Heard My Cry,Drama,9.4,9.0,
He Killed My Sister,Drama,3.8,50.0,71.0
Hear the Yellow,Drama,6.8,19.0,104.0
Hearing,Drama,6.0,6.0,
Heart 'N' SOUL,Drama,,,
Heart of a Woman,Drama,,,67.0
Heartbreaker the Movie,Drama,,,
Heartstopper Forever,Drama,6.9,8000.0,114.0
Heaven & Earth,Drama,6.8,15.0,106.0
Heaven Must Wait,Drama,,,164.0
Heer Sara,Drama,6.2,16.0,99.0
Hekla,Drama,8.6,25.0,89.0
Helen - Die Entscheidung,Drama,,,84.0
Helena,Drama,5.5,46.0,73.0
Hell & Heaven,Drama,,,65.0
Hellfire,Drama,4.7,2100.0,95.0
"Hello, My Friend",Drama,,,
Her Own Child,Drama,7.5,30.0,60.0
Her Private Hell,Drama,4.5,2900.0,110.0
Her Song,Drama,8.7,16.0,105.0
Herbstfeuer,Drama,,,114.0
Here I'm Alive,Drama,9.1,11.0,
Heroes of Edelstein: Grip of Darkness,Drama,,,71.0
Heroinbyen,Drama,,,
Hey Balwanth,Drama,5.8,859.0,135.0
"Hey, Julia",Drama,,,97.0
Heysel 85,Drama,6.8,91.0,91.0
Hi,Drama,,,144.0
Hi Vari Kasavachi,Drama,,,
Hibla 2,Drama,5.1,56.0,84.0
Hidden Enemy,Drama,6.7,149.0,108.0
Hidden Fixation,Drama,4.7,49.0,53.0
Hideaway: The Dossiers,Drama,,,132.0
Hijamat,Drama,6.5,18.0,103.0
Him or me,Drama,,,
Hit Classic,Drama,,,108.0
Hit a Lick: The Book of Mack,Drama,,,51.0
Ho Linh Trang Si: Bi an Mo Vua Dinh,Drama,5.3,7.0,155.0
Hok Kolorob,Drama,6.2,248.0,139.0
Hold Onto Me,Drama,6.8,181.0,102.0
Holnap is van,Drama,,,
Holy Days,Drama,5.9,581.0,101.0
Holy Joe,Drama,,,84.0
Homage,Drama,6.7,106.0,91.0
Home,Drama,7.4,169.0,105.0
Home Along da Riles: Da Reunion,Drama,9.4,17.0,
HomeTown Hero,Drama,,,106.0
Homebody,Drama,,,
Homura kagayoe,Drama,,,
"Honestly, I'm Fine",Drama,6.9,1100.0,107.0
Hong Shan Dian,Drama,,,
Hope,Drama,6.9,1200.0,160.0
Hostage,Drama,5.4,83.0,92.0
Hot Girl Summer,Drama,7.4,28.0,
Hot Spot,Drama,4.7,234.0,101.0
Hot Water,Drama,7.2,72.0,97.0
Hotel Excelsior,Drama,6.7,30.0,75.0
Hourglass,Drama,,,38.0
How Blue Was My Sky,Drama,,,80.0
How Grace Found Me,Drama,,,113.0
How I Became His Virgin Muse,Drama,6.2,15.0,
How the Lonely Keep,Drama,,,
How to Make a Killing,Drama,6.5,41000.0,105.0
Hu die lou: Jing hun,Drama,4.8,15.0,
Huan Ying Lai Long Can Guan,Drama,8.3,747.0,141.0
Huanyíng lái dào duo lì zhi jia,Drama,,,85.0
Hugo,Drama,6.1,154.0,89.0
Hugo 24,Drama,6.9,34.0,93.0
Hum Angrezon Ke Zamane Ke Jailor Hai,Drama,5.2,7.0,120.0
Humaling,Drama,6.2,7.0,50.0
Humano,Drama,,,90.0
Humming,Drama,,,101.0
"Hungria, A Escolha de Um Sonho",Drama,6.5,29.0,104.0
Hunter Among Us,Drama,,,104.0
Hyped UP Bunnies,Drama,,,61.0
I Am Going to Miss You,Drama,5.8,11.0,87.0
I Blew Out the Candles Before Making a Wish,Drama,6.8,16.0,116.0
I Can Only Imagine 2,Drama,7.1,1700.0,110.0
I Can't Say No to Myself,Drama,,,99.0
I Don't Speak English,Drama,6.1,22.0,90.0
"I Fell, It's Fine",Drama,6.2,71.0,110.0
I Grew an Inch When My Father Died,Drama,6.2,12.0,
"I Happy, I Lover.",Drama,,,97.0
I Know Who You Are,Drama,7.1,156.0,141.0
I Love Boosters,Drama,6.6,8300.0,113.0
I Love You My Narcissist,Drama,8.3,17.0,113.0
I Loved Lucy,Drama,5.0,6.0,68.0
I Need Mine,Drama,,,71.0
I Rarely Wake Up Dreaming,Drama,6.1,17.0,110.0
I Seduced My Older Therapist,Drama,7.4,9.0,
I See Buildings Fall Like Lightning,Drama,6.9,85.0,109.0
I Spy with My Little Eye,Drama,,,93.0
I Swallowed My Ex's Mafia Daddy Whole,Drama,4.9,10.0,86.0
I Swear to God,Drama,,,66.0
I Understand Your Displeasure,Drama,7.6,84.0,93.0
I Want More,Drama,5.3,101.0,114.0
I Want Your Sex,Drama,6.4,2300.0,90.0
I chto-to eshchyo,Drama,,,91.0
I u dobru i u zlu,Drama,4.7,8.0,
I'll Be Gone in June,Drama,7.1,38.0,125.0
I'm Desperate,Drama,4.7,7.0,101.0
"I, Nobody",Drama,6.0,700.0,168.0
"I, Object",Drama,7.2,24.0,92.0
IL Re Degli Specchi,Drama,,,
IMA,Drama,,,94.0
IWE ALA (An Ojude Oba Story),Drama,,,128.0
Ich ist ein Anderer,Drama,6.3,24.0,93.0
Ichata Love Ammabadunu Konabadunu,Drama,8.8,1000.0,149.0
Identitti,Drama,,,103.0
Identity: Temptation,Drama,,,50.0
Idhayam Murali,Drama,7.2,5600.0,150.0
Idioot,Drama,,,50.0
Idols,Drama,5.2,494.0,126.0
If I Go Will They Miss Me,Drama,6.8,147.0,95.0
If I Were Alive,Drama,6.8,21.0,101.0
If Only the Year Had 364 Days,Drama,,,80.0
Iki Destan Bir Vatan,Drama,,,150.0
Ikka,Drama,5.5,4600.0,140.0
Ikkis,Drama,6.1,27000.0,144.0
Il Dio dell'amore,Drama,6.1,127.0,100.0
Il cileno,Drama,6.6,23.0,99.0
Il giorno dei traditori,Drama,,,
Il mondo oltre,Drama,,,102.0
Illu,Drama,,,45.0
Illusion of Faith,Drama,,,98.0
Iluminada,Drama,,,
Im Spiegel meiner Mutter,Drama,6.7,16.0,95.0
Imani Bounka,Drama,,,
Imbu,Drama,,,
Imposters,Drama,6.9,299.0,102.0
In Every Moment I Look for You,Drama,,,55.0
In Memoriam,Drama,8.1,32.0,118.0
In Search of My Moehau,Drama,,,87.0
In Spite of Ourselves,Drama,5.2,18.0,
In This Moment,Drama,,,
In Waves,Drama,7.4,305.0,90.0
In a Whisper,Drama,6.9,277.0,111.0
In eterno amore,Drama,,,70.0
In the Blink of an Eye,Drama,6.1,7600.0,94.0
In the Grey,Drama,6.3,38000.0,98.0
Inborn,Drama,,,
Infernal,Drama,,,134.0
Influenca: Controlling Crowds,Drama,,,82.0
Inherited Hatred,Drama,,,
Inherited: The Movie,Drama,,,
Inner Flower,Drama,,,100.0
Insectasy,Drama,7.6,11.0,83.0
Instante,Drama,5.7,15.0,95.0
Insulation,Drama,,,85.0
Interns with Benefits,Drama,,,
Intrusive Thoughts,Drama,3.6,48.0,84.0
Io+Te,Drama,6.0,7.0,86.0
Iron Boy,Drama,7.6,73.0,90.0
Irumudi,Drama,7.5,1400.0,160.0
Is God Is,Drama,6.5,6200.0,100.0
Isabel,Drama,6.4,60.0,85.0
Ishkaboner Bibi,Drama,,,102.0
Ishqnama,Drama,8.8,2600.0,145.0
Ishues,Drama,8.4,9.0,77.0
Isänpäivä,Drama,6.9,56.0,
Isät meidän,Drama,,,80.0
It's All About Sam,Drama,,,
It's Always Almost Over,Drama,,,105.0
It's Always the Quiet Ones,Drama,,,80.0
It's My Time,Drama,6.2,60.0,107.0
It's OK,Drama,6.6,306.0,118.0
It's nice to get lost (Fajnie sie zgubic),Drama,,,
Itansan Oorun (Ray of Sunlight),Drama,,,
Itlu Kanmani,Drama,,,70.0
Ivan,Drama,,,
Iván & Hadoum,Drama,7.0,114.0,100.0
Izgubljeni sin,Drama,,,100.0
JC the University,Drama,6.7,34.0,162.0
Jabraat,Drama,7.6,9.0,
Jai Kanhaiyalall Ki,Drama,7.4,82.0,142.0
Jaisi Karni Waisi Bharni,Drama,,,
Jam Pasir Ajaib,Drama,,,112.0
Jana Nayagan,Drama,5.3,5800.0,183.0
Jangan Buang Ibu,Drama,7.3,66.0,119.0
Jangan Seperti Bapak,Drama,7.2,13.0,100.0
Jaras Enzar 2,Drama,3.7,272.0,89.0
Jardines del Bosque,Drama,,,90.0
Jat go Bou Mun dik Daan Sang,Drama,7.3,152.0,109.0
Jayamundhi Bhayamela Manasaa,Drama,6.9,7.0,133.0
Jazz Intimacy,Drama,7.0,12.0,
Jeena Dil Se,Drama,7.4,1600.0,138.0
Jeevandan - The Revival,Drama,,,93.0
Jeffrey Epstein: The Bad Sleep Well,Drama,,,
Jersey Boy,Drama,,,
Jerusalem '67,Drama,7.5,51.0,110.0
Jindagi Once More,Drama,7.4,41.0,150.0
Jivtar Ni Journey,Drama,8.7,10.0,104.0
Jockey,Drama,7.8,15000.0,147.0
Joe Speedboot,Drama,7.2,529.0,98.0
Johnny Jumper,Drama,5.8,7300.0,104.0
Jolly,Drama,9.4,105.0,119.0
Joseph: A Feared Master from Birth,Drama,6.1,16.0,84.0
Josephine,Drama,8.0,444.0,114.0
Jotaro,Drama,,,102.0
Joubone Amoni Kore 2,Drama,7.8,19.0,172.0
Judaa,Drama,9.0,338.0,130.0
Julián,Drama,7.1,21.0,85.0
Juminten Edan,Drama,,,108.0
Just A Girl,Drama,,,
Just Believe: Chapter One,Drama,,,
Just Mohabbat,Drama,,,
Just One More,Drama,6.1,124.0,104.0
Just an Illusion,Drama,7.3,1300.0,116.0
Justicia Por Propio Mano La Heredera Del Honor,Drama,,,62.0
Juvenile Inspector,Drama,,,
Jævla utlending - jeg elsker deg,Drama,,,100.0
K sebe nezhno,Drama,5.3,80.0,108.0
K2K,Drama,,,
KD: The Devil,Drama,6.1,4000.0,140.0
KJQ,Drama,9.2,1000.0,155.0
KUKA Is Money Cash,Drama,,,133.0
KUL dilemma,Drama,7.9,28.0,110.0
Ka Kha Ga Gha,Drama,7.6,9.0,111.0
Kaalinka Chapter 1,Drama,,,
Kaano,Drama,,,105.0
Kabanda,Drama,7.3,19.0,109.0
Kadhal Kadhai Sollava,Drama,5.2,564.0,123.0
Kadhal Reset Repeat,Drama,4.9,2200.0,135.0
Kado Untuk Ibu,Drama,8.8,40.0,92.0
Kafir: The Spirit Gate,Drama,5.8,201.0,108.0
Kai ge Wan Xiao,Drama,,,
Kairaba,Drama,,,
Kairos,Drama,7.6,26.0,96.0
Kaisen Zenya,Drama,7.7,22.0,138.0
Kaji,Drama,,,
Kajja: Karma Returns,Drama,,,137.0
Kak perezhit brak,Drama,,,80.0
Kaka Jamm Peya,Drama,6.1,9.0,86.0
Kaka sa yawan,Drama,,,90.0
Kalagahatta,Drama,,,116.0
Kalagamanam,Drama,8.6,1500.0,143.0
Kalam,Drama,,,53.0
Kalevala: The Story of Kullervo,Drama,5.8,1200.0,143.0
Kalighati,Drama,,,
Kalter Hund,Drama,,,125.0
Kamala Miss,Drama,,,
Kangula: Maa Kali Ra Danda Nacha,Drama,8.6,244.0,122.0
Kankan Dey Ohle,Drama,8.5,382.0,145.0
Kanna Muchhe,Drama,,,110.0
Kara,Drama,6.8,6100.0,159.0
Karanlik Sokaklar,Drama,7.4,9.0,
Karathey Babu,Drama,,,
Karavali,Drama,7.9,309.0,126.0
Karma,Drama,6.6,29.0,149.0
Kartavya,Drama,5.4,4000.0,108.0
Karuppu,Drama,6.1,11000.0,150.0
Karuthal,Drama,,,112.0
Kassa nevest,Drama,,,88.0
Kattalan,Drama,7.0,2600.0,120.0
Kattriket,Drama,8.1,68.0,116.0
Katukutu Buro,Drama,7.6,19.0,128.0
Kaunis rietas onnellinen,Drama,7.1,201.0,117.0
Kawan Kasoor,Drama,,,
Keep Real,Drama,7.4,81.0,
Keluarga Suami Adalah Hama,Drama,7.1,7.0,117.0
Kenatha Kanom,Drama,5.6,236.0,116.0
Kendada Seragu,Drama,7.1,133.0,118.0
Kesong Puti,Drama,5.0,297.0,78.0
Ketticè,Drama,5.6,22.0,107.0
"Keu Bole Biplobi, Keu Bole Dakat",Drama,8.4,1300.0,144.0
Kevin Patel 2 - At Day Care Service,Drama,,,
Khab,Drama,1.7,7.0,
Khadak Singh Chauhan,Drama,6.0,7.0,49.0
Khadam,Drama,7.8,70.0,118.0
Khakee(Khaki),Drama,9.1,419.0,177.0
Khalifa,Drama,6.8,7800.0,159.0
Khan Tumhara,Drama,,,135.0
Khao Kala,Drama,4.5,21.0,96.0
Kheyter,Drama,4.5,34.0,82.0
Kibris Türküsü,Drama,5.3,31.0,105.0
Kidilam Paru,Drama,6.7,6.0,
Kikirot-kirot,Drama,5.4,53.0,75.0
Kilanko: The Invincible Child,Drama,,,
Kill Code,Drama,4.0,3500.0,87.0
Kill for You,Drama,7.7,21.0,108.0
Killeidoscope,Drama,,,126.0
Killer Curve,Drama,6.3,36.0,
Killer Kids,Drama,,,
Killing Castro,Drama,8.2,57.0,113.0
King in the Land of the Princess,Drama,,,
King of Dope,Drama,4.9,267.0,117.0
Kingdom 5,Drama,7.6,70.0,
Kingston,Drama,,,96.0
Kirai illu,Drama,,,
Kirtaner Por Kirtan,Drama,6.5,37.0,139.0
Kisholoyer Golpo,Drama,,,105.0
Kismoter Keramoti,Drama,,,
Kiss and Be Friends,Drama,7.6,17.0,86.0
Kissa Court Kachahari Ka,Drama,6.4,24.0,119.0
Kjærast,Drama,6.7,11.0,
Kobikicho no Adauchi,Drama,7.0,110.0,120.0
Kokadeuta Nati Aru Hati 2,Drama,8.1,106.0,160.0
Koke,Drama,7.0,113.0,97.0
Kommersant,Drama,6.6,437.0,96.0
Komorebi - Die Glocke im Wald,Drama,,,93.0
Kong Qiang,Drama,7.4,67.0,160.0
Kong Tao,Drama,5.1,47.0,97.0
Koodothram,Drama,7.1,35.0,137.0
Korat Fight: The Dream,Drama,,,
Korol i Shut. Navsegda,Drama,5.0,169.0,118.0
Koti Jeupe,Drama,,,
Krakatoa,Drama,6.0,29.0,74.0
Kraken,Drama,5.0,5900.0,100.0
Kraken:The Black Book of Hours,Drama,5.8,185.0,111.0
Krasavitsa,Drama,6.0,127.0,103.0
Krasnyy prizrak 1812,Drama,,,99.0
Krazy Kadhal,Drama,,,103.0
Kreshika,Drama,,,
Krishna Aur Chitthi,Drama,9.1,611.0,121.0
Krishnashtami: the book of dry leaves,Drama,,,
Krishnavatar Part 1: Hridayam,Drama,7.5,2200.0,150.0
Kshame Irali Thande,Drama,,,106.0
Kuca,Drama,,,121.0
Kucing Hitam,Drama,,,
"Kuko, Drobcek a Ratafak znovu zasahujú",Drama,,,70.0
Kupeluk Kamu Selamanya,Drama,8.8,6.0,104.0
Kupilih Jalur Langit,Drama,6.1,14.0,98.0
Kuruppinte kuzhimadam,Drama,,,
Kwik Stop,Drama,8.6,26.0,60.0
Kyamwilu,Drama,,,
Kyk My in My Oë,Drama,,,67.0
Kör Gece,Drama,,,
L'Eden,Drama,,,
L'affaire Abdallah,Drama,7.8,21.0,101.0
L'amour n'existe pas,Drama,,,
L'estate che finì due volte,Drama,7.0,6.0,
L'héritier silencieux,Drama,,,
L'ikigaï,Drama,,,97.0
L'oratore,Drama,8.4,9.0,
L'âge d'or,Drama,6.2,26.0,113.0
L'écologie des sentiments,Drama,6.3,23.0,84.0
L'île de la Demoiselle,Drama,6.4,34.0,101.0
LGBT - A Legal Battle,Drama,8.3,16.0,106.0
LOSS Based on the Planets,Drama,7.4,13.0,
La Batalla de los Ángeles,Drama,,,90.0
La Bolla Delle Acque Matte,Drama,9.4,25.0,108.0
La Familia Perfecta,Drama,6.8,24.0,
La Fiera,Drama,6.1,906.0,113.0
La Gradiva,Drama,7.6,197.0,145.0
La Herencia de los Ramírez,Drama,,,
La Historia de Jose Pedraza,Drama,,,78.0
La Luz,Drama,7.3,108.0,120.0
La Mamma,Drama,,,
La Mujer de Mi Padre,Drama,,,60.0
La Nuit,Drama,,,87.0
"La Reina, el Buda y Buñuel",Drama,9.4,10.0,80.0
La Venganza,Drama,,,74.0
La Ventana,Drama,,,
La bambina di Chernobyl,Drama,,,90.0
La bola negra,Drama,7.3,399.0,155.0
La casaca de Dios,Drama,6.5,84.0,95.0
La chaleur,Drama,6.4,102.0,92.0
La corta vida de las flores,Drama,,,80.0
La frappe,Drama,6.2,24.0,105.0
La guerre des prix,Drama,6.6,208.0,96.0
La perra,Drama,5.2,42.0,112.0
La salita,Drama,7.0,31.0,90.0
La surprise du maire,Drama,,,
Laagni No Melo,Drama,6.9,109.0,153.0
Laddaland Housing Estate,Drama,6.5,17.0,99.0
Lady,Drama,6.8,76.0,96.0
Lady Diamond's Lost Heiress Returns,Drama,7.7,7.0,
Lagan Laagii Re,Drama,8.3,81.0,166.0
Lagnacha Shot,Drama,7.8,78.0,124.0
Lakshmikanthan Kolai Vazhakku,Drama,8.7,517.0,107.0
Lali,Drama,6.2,38.0,115.0
Lalibazar,Drama,7.4,32.0,137.0
Lamha,Drama,,,
Landlord,Drama,4.4,6000.0,156.0
Landmyn,Drama,,,
Lao Zhou Ye Jing Qing,Drama,,,65.0
Las Locas del Obelisco,Drama,8.8,14.0,120.0
Las Lágrimas de Bael,Drama,,,
Las Mantis,Drama,,,
Las Salvajes,Drama,,,55.0
Las Vegas Non Esiste,Drama,,,92.0
Last Chance to Save,Drama,7.6,224.0,116.0
Last Hit,Drama,6.0,1100.0,79.0
Last Routine,Drama,6.1,18.0,90.0
Last Supper,Drama,,,86.0
Last Supper Café,Drama,,,134.0
Latina,Drama,5.4,42.0,79.0
Laurita Garza,Drama,,,95.0
Layak Nalayakk,Drama,7.7,16.0,169.0
Le Compre La Muerte a mi Junior,Drama,,,85.0
Le Sorelle,Drama,,,83.0
Le dossier de l'aube,Drama,7.6,9.0,98.0
Le fils du ministre,Drama,,,
Le jeu de l'homme,Drama,,,70.0
Le premier rôle,Drama,,,86.0
Leader,Drama,7.6,7200.0,136.0
Learning You,Drama,7.9,827.0,88.0
Learning to Breathe Under Water,Drama,8.6,19.0,95.0
Leave,Drama,3.4,49.0,
Lechindi Mahila Lokam,Drama,4.2,127.0,111.0
Leftover,Drama,,,
Legends of the Lost Ark,Drama,7.7,14.0,105.0
Lehin,Drama,,,94.0
Leite em Pó,Drama,,,
"Lejos, Aqui",Drama,,,75.0
Lelaki yang Menyimpan Istri,Drama,,,
Lemonpeel,Drama,,,
Lenin,Drama,6.2,1600.0,159.0
Les,Drama,,,
Les Saturnides,Drama,,,70.0
Les Yeux Verts,Drama,5.9,16.0,
Les filles du ciel,Drama,6.8,42.0,96.0
Les héros du Louvre,Drama,,,105.0
Les roches rouges,Drama,6.7,44.0,90.0
Les Écorchés - Partie 3,Drama,,,113.0
Les åmes en peine,Drama,6.2,27.0,
Let Dan Go,Drama,7.4,13.0,
Let Them Be Seen,Drama,,,
Let Them Come,Drama,8.9,73.0,
Let's Love,Drama,4.9,113.0,82.0
Let's Murder Like It's 1999!,Drama,5.9,60.0,86.0
Leto budet obshchim,Drama,5.4,6.0,90.0
Letters to God,Drama,,,75.0
Lev Zahav,Drama,,38.0,87.0
Levitating,Drama,7.8,261.0,119.0
"Licht, kein Licht",Drama,,,83.0
Liebhaberinnen,Drama,6.3,20.0,98.0
Lieblingsmenschen: Die außergewöhnliche Freundschaft von Agnes und Amir,Drama,8.4,21.0,108.0
Lies in 3,Drama,,,
Life Could Be a Dream,Drama,6.2,14.0,82.0
Life Dyamage,Drama,5.8,10.0,120.0
Life Forgotten,Drama,,,
Life Is a Dream,Drama,,,75.0
Life Today,Drama,9.1,504.0,149.0
Life of Ben Hogan,Drama,,,
Life on Mercury,Drama,,,
"Life, Continued",Drama,,,59.0
Lift,Drama,6.7,17.0,98.0
Light in the Ruins,Drama,8.8,16.0,96.0
Lihim ni Fiona,Drama,8.2,7.0,50.0
Lilla Marie,Drama,,,85.0
Linebala,Drama,9.5,469.0,133.0
Linn Wyler,Drama,,,180.0
Lirika,Drama,7.1,27.0,73.0
Littermates,Drama,,,87.0
Little Doors,Drama,,,77.0
Little Towns,Drama,,,123.0
Little star,Drama,,,18.0
Litvyak,Drama,5.8,135.0,164.0
"Living Twice, Dying Thrice",Drama,3.8,12.0,103.0
Lo Naveena,Drama,7.6,55.0,123.0
Lo Que Nos Van Dejando,Drama,,,86.0
Lo que intentamos ser.,Drama,,,104.0
Loafers,Drama,6.8,14.0,87.0
Lockdown,Drama,,,
Lokkhi Elo Ghore,Drama,1.3,37.0,58.0
London,Drama,6.9,28.0,122.0
Lone Rider,Drama,,,87.0
Longing to Belong,Drama,,,
Look Behind,Drama,8.1,19.0,107.0
Look My Way,Drama,,,62.0
Looking at Madness,Drama,,,80.0
Loop,Drama,9.3,514.0,111.0
Los Días Libres,Drama,6.2,12.0,84.0
Los Días de Poncho,Drama,,,70.0
Los Vampires,Drama,,,
Los justos,Drama,6.6,62.0,89.0
Los nadadores,Drama,5.8,34.0,74.0
Lost Feathers,Drama,,,
Lost at Sea,Drama,4.2,7.0,78.0
Lost in the Moment,Drama,7.8,14.0,93.0
Love After Pain,Drama,,,173.0
Love Girl,Drama,,,
Love Go Go Go!,Drama,6.7,23.0,112.0
Love Hard,Drama,,,90.0
Love Is the Monster,Drama,,,95.0
Love Love: Fractures,Drama,8.7,8.0,
Love Loyalty & Death,Drama,,,83.0
"Love Me, Love Me",Drama,4.3,5900.0,99.0
Love Mocktail 3,Drama,6.4,345.0,134.0
Love Punch!,Drama,6.5,38.0,102.0
Love Seasons,Drama,8.3,335.0,145.0
Love Trap,Drama,7.8,7.0,
Love Untamed,Drama,,,95.0
Love You Dadu Dadu Ji,Drama,,,
Love and Lemon Trees,Drama,,,160.0
Love and Money,Drama,,,
Love at What Co$t,Drama,5.1,33.0,68.0
Love is Goodness,Drama,,,
Love on a Tightrope,Drama,7.5,26.0,115.0
"Love, Baby & Regrets 2026",Drama,,,
Lovely A. I. - L.A.I.,Drama,,,95.0
Loverman,Drama,,,
Lovita,Drama,,,136.0
Low Expectations,Drama,6.5,54.0,105.0
Lower than A Penny,Drama,,,
Luck My Life,Drama,5.2,32.0,103.0
Lucky,Drama,7.2,20.0,91.0
Lucky Strike,Drama,5.3,2100.0,103.0
Lucky the Superstar,Drama,4.6,222.0,122.0
Lucy Lost,Drama,8.0,45.0,85.0
Lucy Schulman,Drama,7.8,16.0,
Lulamba,Drama,,,
Lun Dao Wo,Drama,,,
Lunar Sway,Drama,6.8,35.0,98.0
Lunok,Drama,5.8,43.0,73.0
Lust,Drama,6.3,47.0,77.0
Ma fille tu seras libre,Drama,6.5,31.0,89.0
Maa Behen,Drama,5.5,4800.0,127.0
Maa Inti Bangaram,Drama,7.4,7300.0,154.0
Maama Wange,Drama,,,
Maami,Drama,,,47.0
Mabuhay,Drama,,,88.0
Macbeth,Drama,,,108.0
Mad Rush,Drama,6.5,8.0,76.0
Made in England,Drama,,,70.0
Made in Korea,Drama,6.0,2600.0,113.0
Madfabulous,Drama,5.7,215.0,108.0
Madham,Drama,4.7,1500.0,128.0
Madhuraapuri Sadana,Drama,7.0,5.0,128.0
Madhurame Jeevitham,Drama,8.6,802.0,127.0
Madhuvidhu,Drama,6.5,1900.0,125.0
Mafia: A Trace of Millions,Drama,,,
Magudam,Drama,5.3,647.0,183.0
Maharaja Hindustani,Drama,,,
Maid Robot 2,Drama,2.7,14.0,
Maid's Obsession,Drama,4.9,189.0,73.0
Maigret in Society,Drama,6.0,288.0,80.0
Main Vaapas Aaunga,Drama,8.0,12000.0,167.0
Maju (Jejak Pahit Si Kembang Gula),Drama,,,98.0
Mak: Salam Dari Syurga,Drama,,,93.0
Make Tonight Beautiful,Drama,,,53.0
Makkala Sainya,Drama,,,
Malaikat Malam,Drama,4.8,157.0,111.0
Malaki Duwe Numba,Drama,8.1,10.0,120.0
Malati Mangale,Drama,,,158.0
Male stvari,Drama,8.2,15.0,80.0
Mallory's Ghost,Drama,7.9,14.0,87.0
Maltepe Hikâyesi,Drama,,,
Malysh-karatist,Drama,3.6,63.0,101.0
Mama Nada,Drama,,,120.0
Mama No!,Drama,,,98.0
"Mama, Henry & Us Gospel Singers",Drama,,,79.0
Maman déteste ma belle-mère,Drama,,,
Mamochka,Drama,6.5,59.0,96.0
Mamá está acá,Drama,,,84.0
Man's Game,Drama,9.0,13.0,
Manav Market,Drama,8.6,534.0,156.0
Manga Maaya,Drama,8.3,1000.0,131.0
Mango Pachcha,Drama,8.5,39.0,95.0
Manhood,Drama,7.8,21.0,91.0
Manhunt,Drama,6.5,17.0,103.0
Manipulation,Drama,4.0,13.0,128.0
Manithan Deivamagalam,Drama,5.2,399.0,125.0
Manmelo,Drama,,,121.0
Manushtike Dekho,Drama,,,150.0
Mapas,Drama,,,115.0
Mar,Drama,,,10.0
Marali Manasaagide,Drama,9.0,224.0,146.0
Mardaani 3,Drama,6.0,11000.0,129.0
Mardini,Drama,8.5,23.0,128.0
Mareechika,Drama,4.8,311.0,142.0
Marie Madeleine,Drama,7.0,23.0,104.0
Married Alive,Drama,,,87.0
Married to a Jailbird,Drama,,,
Marrow,Drama,8.4,52.0,
Marvelous Mornings,Drama,6.0,64.0,87.0
Mary,Drama,,,70.0
Maslow'un lhtiyaçlar Hiyerarsisi,Drama,,,
Master,Drama,7.9,7.0,126.0
Mastini Pathshala 2,Drama,9.3,13.0,113.0
Math Ka Maharaj,Drama,,,
Mathe Male Hoyyuthide,Drama,6.6,109.0,120.0
Mawu-Sika,Drama,,,
May Contain: My Life,Drama,,,78.0
May Mara Prasangaya,Drama,,,120.0
Maya,Drama,5.6,10.0,137.0
Maya Bonchi,Drama,,,
Maya Satya Bhram,Drama,8.8,58.0,134.0
Mayilaa,Drama,7.0,12.0,97.0
Me Before Me,Drama,5.2,158.0,127.0
Me Robo Al Patron Y El Negocio Tambien,Drama,9.1,19.0,86.0
Medora: Empress of the Badlands,Drama,8.3,28.0,124.0
Meet Me at the Eclipse,Drama,7.8,89.0,118.0
Mehermunda,Drama,8.0,10.0,147.0
Meie Erika,Drama,8.0,232.0,125.0
Mekheelecheen Bulchut,Drama,,,
Melaleuca,Drama,8.0,24.0,
Melodies,Drama,,,90.0
Melodrama,Drama,7.2,12.0,
Meltdown,Drama,,,
Members of the Problematic Family,Drama,,,105.0
Memleket Tamircisi,Drama,,,
Memories Away,Drama,,,81.0
Memorizu,Drama,7.0,13.0,97.0
Men ya,Drama,5.4,18.0,105.0
Mengapa Aku Di Buli,Drama,,,52.0
Menya pozhiraet sobstvennaya krovat,Drama,,,72.0
Mera Lyari,Drama,2.3,121.0,96.0
Mercy,Drama,6.2,80000.0,99.0
Mermaid,Drama,3.7,26.0,93.0
Mesdames Thanh Sac,Drama,5.1,20.0,128.0
Mexicali,Drama,5.5,584.0,99.0
Mexico 86,Drama,6.4,2800.0,95.0
Michael,Drama,7.4,179000.0,127.0
Micidiale,Drama,,,71.0
Microstar,Drama,6.7,41.0,87.0
Middle of Middle East,Drama,,,76.0
Midnight Girls,Drama,8.6,13.0,104.0
Midwinter Break,Drama,6.0,1500.0,90.0
Mil pedazos,Drama,6.5,34.0,90.0
Mile kobiety,Drama,,,
Miles Underwater,Drama,,,
Minha Mãe Assassina,Drama,,,
Minotaur,Drama,7.7,425.0,135.0
Mirai,Drama,5.0,7.0,130.0
Mirmire,Drama,8.0,6.0,95.0
Mirror,Drama,,,93.0
Miss Mukherjee's Springtime,Drama,,,191.0
"Miss You, Love You",Drama,6.8,2300.0,97.0
Mission,Drama,8.8,26.0,87.0
Missouri,Drama,,,45.0
Missy's Voice,Drama,,,
Mistake,Drama,,,
Mister Sandman,Drama,,,97.0
Misty,Drama,,,60.0
Mitjyu,Drama,,,136.0
Mobile Ni Side Effect,Drama,,,104.0
Mobile Suit Gundam Hathaway: The Sorcery of Nymph Circe,Drama,7.0,427.0,108.0
Mobuko no Koi,Drama,8.7,18.0,122.0
Moda Kavida Vaatavarana,Drama,7.7,1100.0,118.0
Modha Rathiri,Drama,9.1,1100.0,150.0
Mokshya,Drama,,,
Mollywood Times,Drama,7.2,5100.0,150.0
Moments of Youth,Drama,7.1,22.0,
Mommy Blue,Drama,,,96.0
"Mommy, I Don't Want To",Drama,8.5,15.0,90.0
Mon,Drama,,,87.0
Monay,Drama,4.7,45.0,80.0
Money Talks,Drama,,,
Monica,Drama,,,124.0
Monochromatic,Drama,,,
Montmartre,Drama,8.7,9.0,103.0
Monument,Drama,6.5,71.0,113.0
Moolyam,Drama,8.5,23.0,60.0
Mor - Siyah,Drama,,49.0,
Morten,Drama,7.6,5.0,101.0
Moses the Black,Drama,5.2,307.0,104.0
Moses: Born of Water and Fire,Drama,5.6,70.0,70.0
Mot Thoi Ta Da Yeu,Drama,3.0,5.0,119.0
Mother Future Self,Drama,6.7,8.0,90.0
Mother Mary,Drama,5.4,9400.0,111.0
Mother Promise,Drama,7.0,94.0,166.0
Moulin,Drama,6.4,93.0,130.0
Mouse,Drama,7.9,119.0,120.0
Moynar Chor,Drama,,,
Mr Tunez - FURY,Drama,,,103.0
Mr. Hero,Drama,7.4,68.0,122.0
Mr. Village,Drama,,,81.0
Mr. Wonderful,Drama,6.9,25.0,107.0
Mr. Work from Home,Drama,4.6,1200.0,130.0
Mr. X,Drama,6.0,1400.0,146.0
Mruthyudevate,Drama,,,150.0
Mudanzas Debuti,Drama,,,
Mudharkanal,Drama,9.5,158.0,120.0
Mudville,Drama,,,87.0
Mukhbir: The Story of a Spy - The Movie,Drama,5.0,76.0,150.0
Mulan: Light a Fire,Drama,4.3,45.0,88.0
Murabi,Drama,8.8,89.0,
Murder in Music City,Drama,5.8,58.0,87.0
Murphy Vs Christmas,Drama,7.2,5.0,
Muse,Drama,,,69.0
Museum of Dreams,Drama,,,107.0
Muskox: Survival in the Arctic,Drama,,,52.0
Mustafa Mustafa,Drama,3.8,753.0,118.0
Mutt Cat,Drama,,,73.0
Mutter: The Diary of a Mother,Drama,,,99.0
Muy adentro,Drama,,,72.0
My 7 Grandmas,Drama,8.6,15.0,
My Best Friend's Secret Boyfriend,Drama,,,90.0
My Billionaire Devil,Drama,7.8,135.0,
My Daughter,Drama,7.0,77.0,78.0
My Dearest Assassin,Drama,5.7,1500.0,127.0
My Dearest Señorita,Drama,6.3,1200.0,113.0
My Ex Almost Killed Me,Drama,,,
My Forever Valentine,Drama,,,
My Friend,Drama,,,90.0
"My Husband, My Wound",Drama,6.4,12.0,92.0
My Life with Shurastey,Drama,,,
My Little Moon,Drama,7.3,18.0,80.0
"My Momma and Her Clients State That I Am a Tender, Cute, Stylish, and Fashionable Artist!",Drama,,,61.0
My Name,Drama,6.0,55.0,120.0
My Sanity,Drama,7.4,114.0,114.0
My Semba,Drama,6.1,29.0,95.0
My Share of Sky,Drama,,,
My Son Let Me Die,Drama,,,
My Wife Cries,Drama,5.2,92.0,92.0
My name is not Charlie Wang,Drama,,,65.0
Mystery Arena,Drama,5.4,82.0,117.0
Mystery in Bloom,Drama,,,
Myth 26,Drama,,,
Más allá de la montaña,Drama,,,
Mémoire de fille,Drama,4.4,31.0,117.0
N.I.M.: Artificial Intelligence,Drama,4.6,138.0,81.0
N121 - Bus de nuit,Drama,4.7,120.0,90.0
Na Willa,Drama,7.9,297.0,118.0
Naalppathukalile Pranayam,Drama,3.6,10.0,108.0
Nabchi 48-sigan,Drama,,,90.0
Nagabandham - The Secret Treasure,Drama,6.7,5700.0,185.0
Nagasaki,Drama,,,
Nagi Notes,Drama,6.0,107.0,110.0
Nando Between Two Worlds - A Sintonia Film,Drama,4.5,303.0,109.0
Nangong Cheng,Drama,7.2,10.0,197.0
Narapisach,Drama,,,
Narciso,Drama,6.6,87.0,101.0
Nari Choritro Bejay Jotil,Drama,6.2,149.0,132.0
Nate and Moriah in Venice,Drama,6.5,11.0,100.0
National Theatre Live: End,Drama,6.9,15.0,92.0
National Theatre Live: Les Liaisons Dangereuses,Drama,8.4,87.0,180.0
National Theatre Live: The Playboy of the Western World,Drama,7.0,82.0,150.0
National Theatre at Home: Man and Boy,Drama,7.9,22.0,
National Theatre at Home: Summerfolk,Drama,8.6,10.0,
National Theatre at Home: The Authenticator,Drama,,,
Natwar,Drama,,,75.0
Navya Chakra - Psycon World,Drama,7.0,54.0,100.0
Nawab Cafe,Drama,5.0,68.0,137.0
Nawar Achiya: Belles de nuit,Drama,,,110.0
Naxos,Drama,8.8,5.0,89.0
Ndozivepi,Drama,,,99.0
Necrobusiness,Drama,,,
Nee Forever,Drama,5.4,489.0,133.0
Neeli,Drama,,,
Neeli Hakki,Drama,6.8,22.0,109.0
Nel tepore del ballo,Drama,6.0,28.0,100.0
Nem Én Vagyok,Drama,7.7,42.0,99.0
Nenuevaru,Drama,8.3,2000.0,141.0
Nesvyataya Valentina,Drama,4.0,45.0,104.0
Neutrals,Drama,,,75.0
Never Dance with the Devil,Drama,8.1,15.0,118.0
Never Gunna Leave You,Drama,,,57.0
Never Reject the Queen's Daughter,Drama,,,
Nevermind,Drama,5.8,10.0,141.0
New High Score,Drama,,,
New Temptation,Drama,4.9,40.0,73.0
Newborn,Drama,5.1,364.0,102.0
Next Door,Drama,,,106.0
Next Life,Drama,8.5,35.0,112.0
Nghi He So Nghi Huu,Drama,7.0,15.0,117.0
Ngone Mwaitu,Drama,,,
Ngwato,Drama,,,
Nha Minh Di Thoi,Drama,6.2,13.0,115.0
Nibba Nibbi,Drama,8.1,1100.0,121.0
Nick and Ellie,Drama,,,
Nightborn,Drama,5.6,2300.0,92.0
Nim Shab,Drama,4.9,56.0,100.0
Nina Roza,Drama,6.7,136.0,103.0
Nine,Drama,,,82.0
Nini,Drama,,,
Nisamehe Baba,Drama,,,
Nizhal,Drama,8.0,1100.0,101.0
No Evidence of Man,Drama,7.7,28.0,94.0
No Lastname,Drama,1.0,5.0,87.0
No Man's City,Drama,,,95.0
No Me Dejes Solo,Drama,,,70.0
No Ordinary Heist,Drama,5.7,939.0,99.0
No Other Love,Drama,6.1,154.0,119.0
No Perfect Man,Drama,,,65.0
No Place to Hide,Drama,,,107.0
No Rest for the Wicked,Drama,8.1,33.0,103.0
No Return,Drama,,,82.0
No Silêncio,Drama,,,
No Translation Required,Drama,,,
No quieras olvidarme,Drama,,,81.0
Nobody Loves Kay,Drama,8.1,44.0,117.0
Nobody's Violence,Drama,5.8,17.0,118.0
Noches Solitarias,Drama,8.9,57.0,
Noite Azul,Drama,,,91.0
None of This Is True,Drama,,,
Nooru Saami,Drama,7.4,1500.0,129.0
Norok,Drama,,,
Nosso segredo,Drama,6.5,26.0,107.0
Not Pure,Drama,,,
Not a Hero,Drama,6.1,13.0,97.0
Notebook,Drama,,,
Notes for Tomorrow,Drama,6.4,6.0,
Nothing to Lose,Drama,5.6,593.0,99.0
Now Again: Part One,Drama,,,55.0
Now Again: Part Two,Drama,,,87.0
Nowhere to Lay My Eyes,Drama,7.5,10.0,72.0
Noxturne,Drama,,,
Nu e locul tau aici,Drama,7.2,32.0,154.0
Nuclear Boy,Drama,6.6,94.0,78.0
Nuda Propiedad,Drama,,,
Nukkad Naatak,Drama,6.1,455.0,105.0
Numb,Drama,,,102.0
Number One,Drama,6.5,273.0,104.0
Numbskull Revolution,Drama,,,95.0
Nuptials,Drama,4.2,12.0,88.0
Não Quero Te Perder,Drama,6.4,6.0,
Négy évszak,Drama,,,76.0
O Advogado de Deus,Drama,5.8,35.0,117.0
O Deserto de Luiza,Drama,,,
O Garoto do Cachecol Vermelho,Drama,,,
O Mez da Grippe,Drama,,,95.0
O Pappous Mas,Drama,,,49.0
O Profeta,Drama,6.5,24.0,94.0
O Thandri Katha,Drama,,,140.0
O Velho Salazar,Drama,,,60.0
O filho da puta,Drama,,,72.0
O' Romeo,Drama,5.2,24000.0,178.0
Oba Eleto,Drama,,,
Objet A,Drama,6.2,12.0,95.0
Odium for Ardor,Drama,,,78.0
Odore! Yakuza,Drama,,,104.0
Odun'baku,Drama,,,63.0
Odzyskany,Drama,5.0,6.0,88.0
Oedipus King of AI,Drama,,,65.0
Of Womb,Drama,,,90.0
Off the Air,Drama,5.6,372.0,92.0
Ohh My Dog,Drama,8.2,17000.0,141.0
Oiii Police,Drama,,,
Oka Court Case,Drama,9.6,2000.0,135.0
"Okay, It's Time to Go",Drama,,,111.0
Olorisa,Drama,,,135.0
Olorisha,Drama,,,135.0
Om Shanti Shanti Shantihi,Drama,5.8,167.0,130.0
Omlo,Drama,8.3,226.0,88.0
On Defiance,Drama,,,78.0
On Our Own,Drama,7.0,61.0,94.0
Once More,Drama,,,131.0
Once Upon a Time in a Cinema,Drama,6.5,211.0,93.0
Once a Week for Life,Drama,7.2,120.0,111.0
One Fateful Night with the Jerk CEO,Drama,,,
One Hour Girlfriend,Drama,5.8,170.0,58.0
One Last Love Letter,Drama,7.4,31.0,122.0
One Last Ride,Drama,,,
One Mile: Chapter One,Drama,5.7,3800.0,89.0
One Mile: Chapter Two,Drama,5.0,2600.0,83.0
One More Game,Drama,6.3,22.0,98.0
One Night Only,Drama,6.3,4900.0,102.0
One of the Good Ones,Drama,7.6,45.0,84.0
Onekdin Por,Drama,7.1,14.0,127.0
Only Good Feelings,Drama,,,90.0
Only Rebels Win,Drama,6.4,65.0,105.0
Only What We Carry,Drama,6.6,21.0,93.0
Onobiren: A Woman's Story,Drama,9.0,17.0,
Onye Ije,Drama,,,
Oozhi,Drama,,,10.0
Opa Papa,Drama,,,104.0
Operation Aruna Reddy,Drama,2.1,17.0,134.0
Operation Sindoor First Strike,Drama,,,
Operations,Drama,,,62.0
Oraison,Drama,,,90.0
Orange Flavoured Wedding,Drama,6.8,28.0,115.0
Orange Torches,Drama,8.3,23.0,73.0
Orevwa,Drama,,,
Original Sound,Drama,8.2,36.0,98.0
Oru Durooha Saahacharyathil,Drama,6.1,3100.0,135.0
Osamelý vlk,Drama,,,85.0
Oscar Shaw,Drama,4.6,756.0,93.0
Otets,Drama,5.6,63.0,106.0
Other People's Things,Drama,,,69.0
Otium,Drama,,,79.0
Otter,Drama,,,
Oublie pas le gruau,Drama,,,75.0
Our Bodies & Other Shames,Drama,,,
Our Family Pride,Drama,7.1,12.0,
Our Father,Drama,8.7,7.0,100.0
Our Little Secret,Drama,,,
Our Place to Forget,Drama,,,90.0
Our Town,Drama,7.3,11.0,
Out,Drama,,,
Out There,Drama,7.5,12.0,80.0
Out of Character,Drama,,,70.0
Out of Darkness,Drama,,,
Out of Options,Drama,,,96.0
Outcome,Drama,4.5,12000.0,83.0
Outer Heavens,Drama,,,79.0
Owner of a Lonely Heart,Drama,,,50.0
Oxidado,Drama,8.1,38.0,
Oye Bhole Oye 2,Drama,7.0,1600.0,142.0
Paavakoothu,Drama,,,85.0
Pahan kiertämä,Drama,,,
Paige Ishq Puware,Drama,,,
Pain & Harmony,Drama,,,114.0
Pair o Deez,Drama,,,
Paithalattam,Drama,6.7,354.0,85.0
Pal Bhar Ke Liye,Drama,,,
Pale Night,Drama,,,
Palitan 2,Drama,5.6,39.0,94.0
Pallaburusu,Drama,7.4,2000.0,145.0
Pallichattambi,Drama,5.9,4700.0,150.0
Panda,Drama,7.1,22.0,146.0
Pankh Hote to Udd Jate,Drama,,,130.0
Panor 2,Drama,6.1,149.0,125.0
Pansamantala,Drama,6.3,296.0,72.0
Panyi I Sea You,Drama,7.4,9.0,
Papam Pratap,Drama,4.9,1300.0,150.0
Paper Tiger,Drama,6.7,373.0,115.0
Par-dessus bord,Drama,8.4,6.0,66.0
Para Que No Se Te Olvide,Drama,,,88.0
Paradeisa,Drama,,,79.0
Paradise,Drama,6.7,56.0,90.0
Paral Ko Aago,Drama,,,133.0
Parallel Tales,Drama,6.0,519.0,139.0
Parasakthi,Drama,6.5,8400.0,161.0
Paree - Chapter 2,Drama,,,
Paree: Chapter 1,Drama,7.6,8.0,136.0
Parijaat,Drama,,,
Paris Paris,Drama,,,78.0
Paris ni Saku Etoile,Drama,8.2,31.0,119.0
Parityag Patrak,Drama,,,82.0
Pasakalye,Drama,4.3,12.0,93.0
Pathetic Beauty,Drama,,,77.0
Pati Patni Aur Woh Do,Drama,5.8,8900.0,117.0
Patriot,Drama,6.2,2600.0,180.0
Pavane,Drama,6.9,1800.0,113.0
Pavuram,Drama,,,
Paydert,Drama,7.2,20.0,127.0
Peaky Blinders: The Immortal Man,Drama,6.5,89000.0,112.0
Pedda Pitta,Drama,,,
Peddi,Drama,5.2,9000.0,182.0
Peeli,Drama,,,104.0
Pele de Rinoceronte,Drama,,,
Pennum Porattum,Drama,6.0,2400.0,120.0
People & Things,Drama,,,
People in a Circle,Drama,,,119.0
Per Aspera Ad Astra,Drama,6.4,1300.0,111.0
Per amore tuo,Drama,,,
Per un po',Drama,5.6,7.0,110.0
Peregovorshchik «Operatsiya Damask»,Drama,,,92.0
Perfect,Drama,6.9,18.0,94.0
Perfect Strangers,Drama,,,75.0
Perfektie,Drama,7.8,109.0,
Perla,Drama,8.9,16.0,101.0
Pervaya,Drama,4.5,43.0,97.0
Pesni dzhinnov,Drama,5.7,6.0,93.0
Peter,Drama,6.9,82.0,141.0
Petrolheads,Drama,8.8,9.0,
Pferd am Stiel,Drama,7.5,14.0,80.0
Phases of the Moon,Drama,,,
Phera,Drama,8.2,1600.0,139.0
Phillip Philadelphia,Drama,,,
Phonibabu Viral,Drama,,,
Phool Pishi O Edward,Drama,8.2,527.0,139.0
Phula,Drama,8.9,20.0,146.0
Piccolo miracolo,Drama,6.6,27.0,103.0
Picture,Drama,9.6,543.0,159.0
Picture Boyz,Drama,9.3,125.0,112.0
Picture Perfect Marrage,Drama,,,
Piece of the Wall,Drama,,,72.0
Pieces to Puzzles,Drama,,,63.0
Pipes,Drama,,,112.0
Piring,Drama,3.9,8.0,70.0
Pitico: Hermes Ayres Azevedo (1881-1959) - Historiador Da Província,Drama,,,74.0
Pitt Siyapa,Drama,6.9,1200.0,132.0
Play Me,Drama,,,85.0
Play or Get Played,Drama,5.5,47.0,97.0
Plight: A Fight for Justice 2025,Drama,,,
Pochi attimi,Drama,,,
Poe's Ghost's,Drama,,,
Poem of a Battleship (Juddhojahajer Kobita),Drama,,,134.0
Pogum Idam dooram illai,Drama,,,
Point of Theft,Drama,,,
Point of views,Drama,,,53.0
Pok,Drama,,,109.0
Poka nebo smotrit,Drama,7.0,20.0,
Pommalaattam,Drama,,,140.0
Ponderosa,Drama,5.6,13.0,90.0
Ponto Cego,Drama,,,
Poon,Drama,,,
Por amor seguiremos,Drama,,,70.0
Por mais um dia,Drama,,,84.0
Pora Banshi,Drama,,,143.0
Porobasi,Drama,,,104.0
Portraits of a Family,Drama,,,84.0
Posledni Mejdan,Drama,,,
Pour le meilleur,Drama,6.3,34.0,107.0
Powder,Drama,8.5,14.0,
Power Ballad,Drama,6.7,7400.0,98.0
Practical Magic 2,Drama,,,110.0
Pramen,Drama,6.0,29.0,88.0
Prathichaya,Drama,5.7,1300.0,157.0
Pratyabartan,Drama,8.4,33.0,133.0
Pratyabartan: The Homecoming,Drama,8.0,8.0,101.0
Prema Kadali,Drama,7.0,6.0,178.0
Presidentin kyyditys,Drama,6.6,65.0,87.0
Pressure,Drama,7.3,24000.0,100.0
Pretty Babies,Drama,6.3,21.0,92.0
Pretty Girls Kill,Drama,5.1,10.0,
Project Baby,Drama,,,110.0
Project Hail Mary,Drama,8.2,524000.0,156.0
Projecto Global,Drama,6.3,132.0,140.0
Promised Spaces,Drama,7.0,22.0,76.0
Propeller: One-Way Night Coach,Drama,5.8,2000.0,61.0
Prosecution,Drama,7.1,145.0,113.0
Psycho,Drama,5.9,49.0,145.0
Psycho Daddy,Drama,9.0,14.0,77.0
Psycho Killer,Drama,4.7,6500.0,91.0
Public Enemy,Drama,,,123.0
Pucallpa la Europea,Drama,,,105.0
Puella Magi Madoka Magica the Movie -Walpurgisnacht Rising-,Drama,,,120.0
Pukam Pukai,Drama,,,
Punjab '95,Drama,8.8,106000.0,169.0
Purushaha,Drama,4.7,25.0,140.0
Pustye mesta,Drama,,,148.0
Pyaar Prema Kalyanam,Drama,7.4,1400.0,126.0
Pyaar Prema Pei,Drama,,,45.0
Póstumo,Drama,6.7,19.0,
Qian jin bu huan,Drama,,,
Qualcosa di Lilla,Drama,7.2,19.0,
Quand ils savent,Drama,7.2,8.0,78.0
Quase Inverno,Drama,,,93.0
Queen City the Hornets Nest,Drama,,,95.0
Queen at Sea,Drama,7.7,251.0,121.0
Queen of the Trap,Drama,,,
Queens of Dope City,Drama,,,72.0
Quiet Confessions,Drama,,,
Qun Xing Shan Yao Shi,Drama,6.1,75.0,131.0
Quy Tu Vuot Giau,Drama,,,118.0
Qué más puedes hacerme,Drama,,,89.0
RK Deeksha,Drama,,,123.0
Radiators Popped as Pipes Rattled,Drama,,,50.0
Rah E Guzar,Drama,,,
Raices De Odio,Drama,,,73.0
Rain Reign,Drama,7.2,14.0,100.0
Rainbow on Mars,Drama,3.8,174.0,112.0
Raised Elbows,Drama,,,
Raised by the Rain,Drama,,,
Raja Shivaji,Drama,6.7,24000.0,195.0
Raja the Raja,Drama,3.4,54.0,135.0
Rajni Ki Baraat,Drama,7.6,22.0,124.0
Rakky,Drama,9.3,413.0,122.0
Ramani Kalyanam,Drama,7.3,395.0,130.0
Rammita Koo Pirati,Drama,,,
Ramyaa,Drama,6.0,22.0,110.0
Ramón Vázquez,Drama,,,
Ran Shao ba! Ba Ba,Drama,,,
Ranapati Shivray Swari Agra,Drama,5.8,1700.0,167.0
Rao Bahadur,Drama,8.0,4400.0,145.0
Ravi the secret Chef,Drama,,,
Raylarin Ötesinde,Drama,6.7,35.0,
Razor,Drama,4.3,151.0,130.0
Reach the Sky,Drama,6.4,284.0,71.0
Real Life Chronicles: Forgiveness,Drama,,,56.0
Rebecca Horn - Die Seele Der Dinge,Drama,,,90.0
Receipts,Drama,,,153.0
Reckless,Drama,5.2,1300.0,91.0
Recuerdos Perdidos,Drama,,,
Red Cloud: New Day,Drama,,,81.0
Red Light Teachers,Drama,6.8,20.0,94.0
Redeem Street,Drama,,,
Reel Luv,Drama,,,
Reel Too Real,Drama,,,97.0
Rehmat,Drama,6.2,13.0,157.0
Relevant Evil,Drama,,,
Remarkably Bright Creatures,Drama,7.6,48000.0,111.0
Remi & Nneoma (A Ruth and Naomi Story),Drama,,,118.0
Reminders of Him,Drama,6.3,12000.0,114.0
Reminiscence,Drama,,,
Rencana Besar untuk Mati dengan Tenang,Drama,,,116.0
"Repose en paix, si tu peux",Drama,,,83.0
Repurcussions,Drama,,,91.0
Requiem,Drama,,,120.0
Rescued,Drama,8.8,12.0,126.0
Resilience,Drama,,,107.0
Restless in the Dust,Drama,,,80.0
Resurrection,Drama,,,
Resurrection: A Biohazard Story,Drama,7.5,98.0,74.0
Retrieval,Drama,,,96.0
Retrospection,Drama,,,84.0
Return from Tomorrow,Drama,,,117.0
Return to Silent Hill,Drama,4.0,25000.0,106.0
Reunion: The Last Supper,Drama,,,94.0
Revolver Rinko,Drama,6.0,1100.0,124.0
Rhapsody Rhapsody,Drama,8.0,10.0,106.0
Rich Kid,Drama,8.6,1500.0,126.0
Richest Love,Drama,,,
RiffTrax Presents: High Treason,Drama,,,68.0
Rifle Queen,Drama,,,175.0
Right on Time,Drama,,,
Rio de Sangue,Drama,6.1,254.0,106.0
Ripple,Drama,,,156.0
Rishton Ki Aakhari Baazi,Drama,,,87.0
Rising Embers,Drama,,,150.0
Risky Love with My Boyfriend's Dad,Drama,,,
River,Drama,,,
Road to Everywhere,Drama,,,96.0
Road to L'Etape Du Tour,Drama,7.7,9.0,107.0
Robo y Extorsión En Las Carreteras,Drama,,,84.0
Rock Springs,Drama,5.9,95.0,96.0
Roditelskiy dom,Drama,5.1,50.0,97.0
Rogue Elephants,Drama,,,
Roid,Drama,7.7,308.0,127.0
Roll No. 1,Drama,,,160.0
Roller Cokesters,Drama,,,68.0
Roma elastica,Drama,5.6,47.0,107.0
Romantic Affairs,Drama,,,
Romzsa Tódor,Drama,5.3,15.0,79.0
Rondo,Drama,,,
Rosamaro,Drama,,,
Rose,Drama,7.6,1100.0,94.0
Rosebush Pruning,Drama,5.2,1500.0,97.0
Rotten Tree,Drama,,,80.0
Route Algéricaine,Drama,,,108.0
Rowe's Realm of Horror,Drama,,,70.0
Roya,Drama,5.6,62.0,92.0
Ru!s,Drama,,,
Rubaab,Drama,7.8,62.0,150.0
Rumah Singgah,Drama,,,113.0
Rumah Tanpa Cahaya,Drama,,,102.0
Run,Drama,,,
Run Amok,Drama,6.1,107.0,96.0
Run Me Wild,Drama,7.5,19.0,86.0
Runnng Out of Love,Drama,,,
Runway Ka RajKumar,Drama,,,
Rusambo,Drama,,,98.0
Rédemptions,Drama,7.6,69.0,
Révolté,Drama,8.9,10.0,114.0
SCAD Acting Showcase 2026,Drama,,,
Saangi,Drama,,,
Saas Bina Chain Kaha Re,Drama,,,
Saas Mirchi Bahu Achar,Drama,,,122.0
Saat Aku Bersuara,Drama,,,85.0
Saccharine,Drama,5.9,4400.0,113.0
Sachien Loves Shalini,Drama,,,103.0
Sacred Creatures,Drama,8.2,5.0,105.0
Sad Girlz,Drama,7.5,106.0,90.0
Sadali,Drama,7.6,20.0,89.0
Saffron Kingdom,Drama,7.6,16.0,84.0
Safia/Safdar,Drama,6.6,69.0,105.0
Sagaran,Drama,5.0,202.0,71.0
Said: Black Blow,Drama,6.7,12.0,95.0
Saint Paisios,Drama,8.7,90.0,125.0
Sainte-Marie-aux-Mines,Drama,6.4,41.0,86.0
Saishuu Gakushou Hibike! Euphonium Zenpen,Drama,9.0,19.0,120.0
Salbardi,Drama,6.0,81.0,145.0
Salt of the Earth,Drama,4.9,22.0,112.0
Saltwater Gospel,Drama,,,
Salvation,Drama,6.9,671.0,117.0
Samam,Drama,,,117.0
Samanta Nobody,Drama,,,100.0
Samarpit Father's Love,Drama,8.6,14.0,115.0
Samaya legkaya lodka v mire,Drama,,,99.0
Sammarth,Drama,8.8,295.0,146.0
San Xin Liang Yi,Drama,5.0,5.0,
Sana y Salva,Drama,,,112.0
Sand,Drama,,,20.0
Sandy,Drama,,,80.0
Sanjeev,Drama,8.9,44.0,70.0
Sankeerthana,Drama,,,
Sannidhanam P.O.,Drama,6.8,3700.0,130.0
Sans Toote Par Saath Na Chhoote,Drama,,,131.0
Santiago: The Camino Therapy,Drama,6.4,249.0,113.0
Sarah Is Missing,Drama,,,80.0
Saraswathi,Drama,5.1,271.0,121.0
Sargam (A Gujarati Film),Drama,7.3,9.0,139.0
Sarkari Damad,Drama,8.4,8.0,170.0
Sarkari Nyayabele Angadi,Drama,,,
Sarpanch,Drama,8.5,42.0,145.0
Sarvantharyami,Drama,,,
Sathi Leelavathi,Drama,3.6,174.0,131.0
Sathyavan Savithiri,Drama,,,135.0
Sattendru Maarudhu Vaanilai,Drama,4.0,135.0,120.0
Sauce,Drama,5.4,44.0,73.0
Sauvage,Drama,5.0,35.0,101.0
Savage House,Drama,6.1,1300.0,113.0
Saving the Alpha CEO,Drama,,,
Say Her,Drama,,,84.0
Sayap Garuda,Drama,,,
Scandal Queen,Drama,5.9,48.0,100.0
Scare Out,Drama,5.2,747.0,104.0
Scarred,Drama,,,
Scent of Pho,Drama,6.8,75.0,111.0
Schöne Seelen,Drama,6.3,14.0,117.0
Scissors,Drama,4.8,73.0,78.0
Scorch Marks,Drama,,,90.0
Scorpio Nights 4,Drama,6.1,82.0,83.0
"Scratchy, Cage and Tumbleweed",Drama,,,90.0
Sea of Glass,Drama,,,129.0
Seahorse,Drama,7.7,9.0,83.0
Second Chance (The fight against cancer),Drama,,,
Secret Sins,Drama,,,
Secretos de Dublín,Drama,,,
See You When I See You,Drama,7.5,112.0,101.0
Seeing You,Drama,5.3,29.0,90.0
Seemingly Curtis Cuspiltch,Drama,,,53.0
Seemingly Perfect Family,Drama,5.5,60.0,
Seetha Payanam,Drama,5.1,2300.0,150.0
Segilola: The Villain,Drama,,,117.0
Segundo Amor,Drama,,,71.0
Sekundy do nulya,Drama,,,85.0
Sem vyorst do rassveta,Drama,5.6,127.0,102.0
Semi-Famous,Drama,,,
Semolina Pilchard,Drama,9.4,10.0,124.0
Sender,Drama,,,70.0
Seni Merayu Tuhan,Drama,6.9,16.0,115.0
Senior Moments,Drama,,,94.0
September 21,Drama,6.9,2200.0,124.0
September Afternoon,Drama,,,
Sereng,Drama,,,160.0
Serial Fates,Drama,,,50.0
Serious Crime Innocence,Drama,,,97.0
Set Free,Drama,6.2,9.0,
Set Me Free: Director's Cut,Drama,7.1,467.0,164.0
Sex Drive,Drama,,,
Sex Trip,Drama,4.9,384.0,79.0
"Sex, Religion & a Mannequin",Drama,,,127.0
Señales,Drama,,,
Sfarsitul lumii,Drama,7.3,21.0,115.0
Shadow Errand,Drama,,,
Shadows of Beirut,Drama,,,87.0
Shadows of Fame,Drama,,,
Shah Shani,Drama,,,151.0
Shaka Oh Shaka,Drama,9.1,14.0,123.0
Shakkar,Drama,,,97.0
Shame and Money,Drama,6.8,174.0,129.0
Shanghai Daughter,Drama,5.2,12.0,94.0
Shantara,Drama,,,137.0
Shared Moments,Drama,,,53.0
Sharlotte's Web,Drama,7.4,12.0,
Shatak,Drama,3.5,20000.0,112.0
Shatir,Drama,,,125.0
Shattered Silence,Drama,,,
She Cried in the Rain,Drama,,,
She Get It from Her Mama,Drama,,,120.0
She Likes to Watch,Drama,6.2,55.0,85.0
She Who Must Not Be Named,Drama,7.5,11.0,116.0
Sheep in the Box,Drama,6.1,617.0,126.0
Sherr,Drama,,,130.0
Shiboyugi: Playing Death Games to Put Food on the Table 44: Cloudy Beach,Drama,7.4,98.0,89.0
Shikhandi,Drama,,,137.0
Shineba Iinoni,Drama,8.9,14.0,95.0
Shiuli,Drama,8.9,8.0,113.0
Shivaleela,Drama,6.2,113.0,148.0
Shivam Shaivam: The 1989 File Case,Drama,,,127.0
Shivam Shaivam: The 1989 file Case,Drama,,,127.0
Shortcut,Drama,,,
Shree Baba Neeb Karori Maharaj,Drama,8.6,74.0,145.0
Shreemati Sindoora,Drama,9.4,1000.0,151.0
Shri Krishna,Drama,9.0,557.0,136.0
Shu Dao San,Drama,,,
Shubh Mangal Dhamal,Drama,7.0,254.0,135.0
Shurale,Drama,4.5,85.0,90.0
Shut Down 2,Drama,,,91.0
Si wang du ju,Drama,6.3,36.0,100.0
Si wang zhi wo: Gui qian shou,Drama,7.6,22.0,112.0
Siddha,Drama,,,133.0
Side Effects May Include...,Drama,,,88.0
Side Heroes,Drama,,,
"Sie glauben an Engel, Herr Drowak?",Drama,7.0,108.0,127.0
Silent Crimes,Drama,,,
Simulacre,Drama,,,136.0
Sinclair,Drama,,,
Sindella,Drama,,,
Sindoor Ka Sauda,Drama,,,
Sinful Nights with My Exs Uncle,Drama,7.4,25.0,
Sing Geetham,Drama,6.6,1000.0,140.0
Single Mum,Drama,6.1,16.0,82.0
Sinsin and The Mouse,Drama,6.5,12.0,108.0
Siping,Drama,5.9,56.0,74.0
Sirena,Drama,5.3,246.0,96.0
Sitni lopovi,Drama,6.4,18.0,110.0
Six Days in Evergreen,Drama,8.8,21.0,
Six Months in a Pink and Blue Building,Drama,6.8,34.0,103.0
Six String Sky,Drama,8.3,11.0,85.0
Skamer,Drama,6.7,125.0,98.0
Skateboarding Is Not for Girls,Drama,6.1,8.0,79.0
Skintown,Drama,7.9,25.0,99.0
Sky,Drama,7.8,2000.0,134.0
Slaraffenland,Drama,,,90.0
Slay,Drama,,,89.0
Sleeping with the Frienemy,Drama,,,88.0
Slide Through Elaines Eyes,Drama,,,
Slippery Ground,Drama,,,
Small Talk,Drama,7.8,9.0,71.0
Smile... The Worst is Yet to Come,Drama,8.5,30.0,84.0
Smoke & Ashes,Drama,6.7,8.0,118.0
Snake Milkers and the Miserable lady,Drama,5.3,29.0,
Snakes 5,Drama,6.5,67.0,108.0
Snuff,Drama,,,62.0
Soar,Drama,,16.0,90.0
Sob Khobori Bishesh Noy,Drama,,,113.0
Sohla: Celebration Under the Grey Sky,Drama,,,105.0
Sold to Death,Drama,5.1,54.0,92.0
Soleil Levant,Drama,9.4,8.0,49.0
Solidarity,Drama,,,
Solo Fanáticos,Drama,8.4,16.0,77.0
Something Fishy,Drama,,,57.0
Something Real,Drama,6.6,101.0,
"Sometime the Wolf, or, the Meanness of the Blue at Dawn",Drama,,,
Somnia,Drama,,,95.0
Son Of,Drama,6.7,1200.0,120.0
Son-in-Law,Drama,4.2,246.0,103.0
Song Hy Lam Nguy,Drama,3.6,13.0,113.0
Sophia Setembro de 1963,Drama,,,84.0
Sorry Momo,Drama,,,96.0
"Soumsoum, la nuit des astres",Drama,6.3,79.0,101.0
Sour Minnows,Drama,7.2,27.0,83.0
Southside Kev,Drama,7.0,18.0,103.0
Sovok,Drama,,,95.0
Soy Mario,Drama,6.7,16.0,93.0
Spa,Drama,5.7,309.0,118.0
Spalla a Spadda,Drama,,,47.0
Spare Queens,Drama,5.4,5.0,92.0
Spare: a Copy with a Human Mind,Drama,,,128.0
Spark,Drama,,,
Sparkles,Drama,,,
Sparks,Drama,4.9,27.0,78.0
Spasti bessmertnogo,Drama,8.2,161.0,105.0
Spaziergang nach Syrakus,Drama,6.8,70.0,97.0
Speakeasy,Drama,,,63.0
Special Delivery,Drama,,,
Spectacular by Comparison,Drama,9.2,42.0,93.0
Spectrum,Drama,,,90.0
Spiritbox,Drama,,,45.0
Splash City,Drama,7.5,22.0,100.0
Sr.,Drama,,,87.0
Srinivasa Mangapuram,Drama,3.8,141.0,150.0
Stand Up,Drama,6.8,6.0,
Stand by Me,Drama,,,90.0
Star Vehicle,Drama,,,82.0
Starfish,Drama,,,
Starter,Drama,,,
Staryy oryol,Drama,7.7,11.0,94.0
State Vs. Robinson,Drama,,,52.0
State of Fear,Drama,4.9,765.0,103.0
Status: Rejected,Drama,,,90.0
Staubwelt,Drama,,,76.0
Stay Gold,Drama,,,97.0
Stella,Drama,,,87.0
Stepdaddy,Drama,5.4,103.0,72.0
Stepmother,Drama,5.9,20.0,55.0
Stepnye bogi,Drama,4.0,26.0,84.0
Stepping Off WIth Juvey-D,Drama,,,50.0
Still,Drama,,,
Still Hope,Drama,6.1,291.0,113.0
Storie d'ombra e di zucchero,Drama,,,84.0
Storm Bird,Drama,,,
Storm Rider: Legend of Hammerhead,Drama,5.7,5200.0,105.0
Strand 45,Drama,,,92.0
Strangers in the Park,Drama,6.5,1200.0,115.0
Strawberries,Drama,5.9,38.0,101.0
Stray Kids,Drama,7.2,26.0,
Street Flow 3,Drama,5.2,461.0,112.0
Street Smart,Drama,,,101.0
Strings Attached,Drama,,,
Stur,Drama,5.7,24.0,111.0
Subedaar,Drama,6.0,14000.0,145.0
Sublime Gracia,Drama,,,118.0
Sud Shakarambh,Drama,,,115.0
Sugar,Drama,6.2,34.0,106.0
Sugar Mommy,Drama,5.1,67.0,75.0
Sugriva,Drama,8.9,1000.0,96.0
Sujata,Drama,,,148.0
Sukhamano Sukhamann,Drama,5.3,796.0,107.0
Sukhibavaa,Drama,6.8,4300.0,126.0
Sultan's Heart,Drama,7.1,16.0,
Sultana,Drama,7.9,432.0,120.0
Sulutan,Drama,5.7,233.0,74.0
Summer 2000: The X-Cetra Story,Drama,8.8,6.0,104.0
Summer Lost,Drama,,,82.0
Summer War,Drama,5.7,12.0,104.0
Summer of '76,Drama,,,
Summer of Three,Drama,8.3,7.0,85.0
Summer's End,Drama,,,
Summer's Silence,Drama,,,
Sumpa Kingdom,Drama,,,
Sundi,Drama,,,120.0
Sundutan,Drama,5.1,81.0,73.0
Sunny Dancer,Drama,7.3,838.0,106.0
Sunny Di Honey,Drama,7.6,7.0,117.0
Super Duperr,Drama,6.7,187.0,133.0
Supergirl,Drama,5.8,86000.0,108.0
Supporting Role,Drama,6.8,25.0,
Sur le sentier,Drama,,,102.0
Surfacing,Drama,5.3,165.0,114.0
Surrender to It,Drama,8.2,45.0,
Susana and Elvira: No Plan B,Drama,4.5,173.0,
Sushi,Drama,,,
Sutorang,Drama,,,
Suyodhana,Drama,5.2,623.0,130.0
Suzzanna: Witchcraft,Drama,5.3,249.0,135.0
Svigt,Drama,,,70.0
Swachanthamruthyu,Drama,,,
Swallowtail & Dragonfly,Drama,8.1,23.0,107.0
Swapnasundari,Drama,9.2,410.0,137.0
Sweater,Drama,,,
Sweet Brother,Drama,,,
Sweet Candy Peach,Drama,8.6,10.0,86.0
Sweet Escape,Drama,,,
Sweet Milk Lake,Drama,7.1,11.0,94.0
Sweetly It Turns,Drama,,,
Sweety Naughty Crazy,Drama,6.6,430.0,142.0
Swipe Right,Drama,,,
Symphony of Light and Shadow,Drama,,,70.0
System,Drama,6.0,4200.0,123.0
TN 2026,Drama,3.4,937.0,125.0
Table for Two,Drama,,,
Tadaimatteierubasyo,Drama,9.2,13.0,
Tai,Drama,5.8,44.0,101.0
Take Me Home,Drama,7.4,81.0,91.0
Takeover,Drama,6.9,23.0,89.0
Talking to Strangers,Drama,,,
Taming the Beast,Drama,,,130.0
Tanah Runtuh,Drama,8.1,12.0,113.0
Tanec s medvedem,Drama,,,110.0
Tangled Illusions,Drama,,,
Tangles,Drama,7.6,93.0,102.0
Tanit,Drama,6.8,6.0,
Tanto il Finale lo Conosciamo,Drama,,2026.0,48.0
Tanya i kosmonavt,Drama,,,
Tarung: Unforgiven,Drama,7.1,126.0,100.0
Tastamashy ana,Drama,,,
Tayo lang ang nakakaalam,Drama,,,110.0
Tayuan 2,Drama,6.6,94.0,70.0
Tear Gas,Drama,5.2,10.0,
Teenage Sex and Death at Camp Miasma,Drama,7.2,6600.0,112.0
Tell Everyone,Drama,7.3,63.0,112.0
Tell Me Everything,Drama,7.4,84.0,109.0
Tell Me What You Feel,Drama,5.7,37.0,104.0
Teman Tegar Maira,Drama,,,97.0
Temperatura vselennoy,Drama,7.8,5.0,
Tempest,Drama,8.8,22.0,93.0
Ten Thousand Reasons for Revenge,Drama,5.9,45.0,86.0
Ten Will,Drama,,,
Tenement,Drama,7.2,214.0,92.0
Tera Yaar Hoon Main,Drama,3.5,43.0,146.0
Test,Drama,7.6,37.0,113.0
Tethersnipe,Drama,,,180.0
Tex McKenzie - My horse is the only person I trust,Drama,,,94.0
Texas Rhapsody,Drama,,,77.0
Thaai Kizhavi,Drama,7.5,2700.0,150.0
Thalaivar Thambi Thalaimayil,Drama,6.9,3300.0,113.0
Thanh Am Vuot Dai Duong,Drama,,,117.0
That One Summer,Drama,9.4,34.0,90.0
The 1PunchDanMovie,Drama,,,80.0
The Abyss,Drama,4.9,154.0,82.0
The Accompanist,Drama,8.0,23.0,110.0
The Accused,Drama,,,
The Almajiri,Drama,,,133.0
The Amazing Digital Circus: The Last Act,Drama,7.5,6200.0,95.0
The American Coyote,Drama,7.9,14.0,
The Anniversary,Drama,,,88.0
The Arab,Drama,7.4,31.0,106.0
The Argument,Drama,,,
The Arrogant Bastard,Drama,,,
The Art of Abuse,Drama,,,
The Art of Telling Lies,Drama,4.9,241.0,90.0
The Ascent,Drama,8.1,12.0,99.0
The Ashes of Love,Drama,,,84.0
The Bay,Drama,3.8,1200.0,87.0
The Beloved,Drama,7.1,960.0,135.0
The Bench,Drama,,,19.0
The Billionaires Second Chance Love,Drama,,,
The Birds Tell Me All There Is to Know,Drama,,,
The Birthday Party,Drama,6.0,93.0,114.0
The Birthday Trip,Drama,6.2,19.0,99.0
The Blessed Ones,Drama,7.6,5.0,95.0
The Blind Girl and an Elephant,Drama,,,80.0
The Block Crew,Drama,7.9,12.0,
The Blood Countess,Drama,5.7,112.0,118.0
The Bloom After,Drama,,,89.0
The Bluff,Drama,5.8,19000.0,103.0
The Boatman,Drama,7.4,40.0,106.0
The Boy with the Light-Blue Eyes,Drama,9.2,141.0,99.0
The Bride!,Drama,5.6,37000.0,126.0
The Brink of War,Drama,6.7,1300.0,117.0
The Butterfly Tree,Drama,,,
The Caged Bird 2,Drama,,,
The Calf Doll,Drama,7.9,7.0,
The Camphorwood Custodian,Drama,6.8,61.0,113.0
The Charitable Sisterhood of the Second Trinity Victory Church,Drama,7.4,6.0,86.0
The Cheating Wife,Drama,5.0,36.0,81.0
The Circle of Liars,Drama,8.8,33.0,90.0
The Class: Online,Drama,,,52.0
The Cringy Life of a Replaceable Kid,Drama,,,163.0
The Crush,Drama,5.1,38.0,105.0
The DDDallas Cowboy,Drama,,,60.0
The Day She Returns,Drama,6.5,126.0,84.0
The Day You Found Us,Drama,,,
The Deadly Little Mermaid,Drama,2.2,62.0,84.0
The Death of Robin Hood,Drama,6.0,16000.0,122.0
The Deity in the Dark and other Stories (Remastered),Drama,,,66.0
The Detective Who Tempted the Suspect,Drama,,,
The Devil Wears Prada 2,Drama,6.3,107000.0,119.0
The Devil in the Flesh,Drama,7.2,12.0,73.0
The Devil is a Liar,Drama,,,
The Diary of Manipur,Drama,,,
The Distance We Drift,Drama,,,90.0
The Divine Ideal of Killing,Drama,4.4,18.0,133.0
The Divine Tragedy,Drama,6.6,30.0,101.0
The Dog Stars,Drama,6.5,2000.0,118.0
The Dosage Makes the Poison,Drama,,,
The Drama,Drama,7.1,118000.0,105.0
The Dreamed Adventure,Drama,6.3,154.0,167.0
The Dreamer Cinderella,Drama,7.8,60.0,94.0
The Drift,Drama,3.3,486.0,83.0
The Education of Jane Cumming,Drama,7.3,63.0,114.0
The Email,Drama,6.2,24.0,
The Empty Church,Drama,5.7,13.0,
The End of It,Drama,6.2,55.0,102.0
The End of the Punchline,Drama,,,72.0
The Ethansponge Investigation Part 3,Drama,4.6,10.0,88.0
The Execution of Julie Ann Mabry,Drama,6.5,56.0,105.0
The Exhibitor,Drama,5.7,43.0,
The Faded Footprints,Drama,7.4,11.0,78.0
The Formula,Drama,8.8,5.0,90.0
The Fort,Drama,3.9,64.0,
The Freedom Machine,Drama,,,50.0
The Friend's House Is Here,Drama,6.5,93.0,96.0
The Fuel of Youth,Drama,,,52.0
The Furious,Drama,5.2,144.0,106.0
The Game of Life,Drama,5.3,112.0,94.0
The Garden We Dreamed,Drama,8.2,77.0,102.0
The Gardener,Drama,5.6,36.0,107.0
The Ghost and the Gun,Drama,,,110.0
The Giant Falls,Drama,5.9,661.0,100.0
The Golden Bullet (2026),Drama,,2026.0,
The Good Assassin,Drama,9.4,5.0,
The Good Shepherd,Drama,,,
The Grandmaster's Gift,Drama,,,
The Great Grand Superhero: Aliens Ka Aagman,Drama,6.9,2900.0,112.0
The Great Patriot,Drama,,,109.0
The Green Lamp,Drama,,,100.0
The Ground Beneath Our Feet,Drama,6.0,115.0,90.0
The Guests,Drama,,,
The Gymnast,Drama,6.0,16.0,84.0
The Hail Mary,Drama,7.7,126.0,125.0
The Heart of Home,Drama,,,57.0
The Hostage's Hero,Drama,6.0,9.0,89.0
The Hot Pot,Drama,,,45.0
The House on Lidderman Street,Drama,,,80.0
The Immigrant's Wife,Drama,,,52.0
The Incomer,Drama,7.3,172.0,102.0
The India Story,Drama,6.5,5200.0,150.0
The Indian Lenin Babu Jagdeo,Drama,9.0,15.0,145.0
The Ink-Stained Hand and the Missing Thumb,Drama,,,127.0
The Invisible Guest,Drama,6.8,99.0,121.0
The Invite,Drama,7.5,53000.0,107.0
The Isolate Thief,Drama,5.7,1000.0,95.0
The Journey of a Star,Drama,,,94.0
The Kerala Story 2 Goes Beyond,Drama,5.7,7400.0,131.0
The Kid,Drama,4.4,242.0,120.0
The Kids,Drama,4.9,34.0,49.0
The King of the Internet,Drama,6.2,33.0,135.0
The King’s Warden,Drama,7.1,1400.0,116.0
The Last Admission,Drama,,,78.0
The Last Chapter,Drama,,,
The Last Chinese Canadian on Earth,Drama,,,75.0
The Last Convert,Drama,,,62.0
The Last Day,Drama,7.3,40.0,99.0
The Last Flight,Drama,5.8,145.0,111.0
The Last Guest: Reimagined - The Origin,Drama,8.5,53.0,87.0
The Last Resort,Drama,6.5,210.0,98.0
The Last Ride: A Philadelphia Story,Drama,,,89.0
The Last Ryde,Drama,9.1,22.0,
The Last Sunday of High School,Drama,8.1,10.0,65.0
The Last Sunrise,Drama,5.7,1200.0,106.0
The Lastborn,Drama,,,
The Latcher,Drama,7.7,7.0,80.0
The Leader,Drama,8.0,76.0,104.0
The Legend of Moranak Meada Mother,Drama,,,
The Legend of Morgana,Drama,,,
The Legend of Udham Singh,Drama,5.8,1000.0,
The Lightkeeper,Drama,5.7,11.0,
The Lion at My Back,Drama,8.1,25.0,106.0
The Listeners,Drama,,,
The Little Blue Book,Drama,,,60.0
The Little Ring,Drama,,,115.0
The Loneliest Man in Town,Drama,7.3,116.0,86.0
The Long Haul,Drama,8.3,18.0,91.0
The Lost Children of Tuam,Drama,9.1,18.0,84.0
The Lotto Winner,Drama,6.0,67.0,120.0
The Loved One,Drama,6.4,259.0,99.0
The Mafia Mouse,Drama,8.5,6.0,70.0
The Magnificent Mendez,Drama,7.1,25.0,109.0
The Maharashtra Files,Drama,7.8,32.0,135.0
The Male Gaze: Courage Under Fire,Drama,,,101.0
The Male Gaze: Naughty Boys,Drama,6.1,32.0,94.0
The Male Gaze: Wandering Hearts,Drama,,,106.0
The Male Gaze: Wild Youth,Drama,6.8,30.0,98.0
The Man I Love,Drama,5.3,447.0,95.0
The Man Whom the Trees Loved,Drama,,,73.0
The Man from Oghuz: Harvest,Drama,,,55.0
The Man with a Hat,Drama,7.7,13.0,125.0
The Man with the Big Hat,Drama,,,85.0
The Man with the Plan,Drama,,,105.0
The Marked Woman,Drama,5.5,3500.0,109.0
The Measure of A Man,Drama,7.2,18.0,111.0
The Meltdown,Drama,6.4,71.0,108.0
The Millet Diary,Drama,,,147.0
The Misty Cloud,Drama,,,136.0
The Moment,Drama,6.1,5700.0,103.0
The Moments After,Drama,,,
The Motherload,Drama,,,92.0
The Murder of Benjamin,Drama,6.1,10.0,
The Narmada Story,Drama,6.4,21.0,121.0
The Nerd's AI Fake Tamed the College Crushes,Drama,,,
The New Dawn,Drama,,,69.0
The Nightmare,Drama,,,
The Odyssey,Drama,2.3,297.0,86.0
The Ogre's Bride,Drama,7.3,45.0,122.0
The Old Man,Drama,8.6,7.0,
The Old Man and the Parrot,Drama,7.1,13.0,
The One Time Story,Drama,,,
The Only Living Pickpocket in New York,Drama,7.3,232.0,88.0
The Orchestration of Audrey,Drama,,,64.0
The Origin of Ultraman,Drama,6.4,10.0,105.0
The Origin of the World,Drama,6.2,30.0,
The Other Brother,Drama,5.6,7.0,
The Other Truth,Drama,,,94.0
The Passion According to G.H.B.,Drama,5.1,31.0,82.0
The Penthouse,Drama,,,102.0
The Perfect Escape,Drama,,,
The Perfect Victim,Drama,8.7,23.0,94.0
The Peril at Pincer Point,Drama,7.8,42.0,83.0
The Pirate King,Drama,8.9,42.0,105.0
The Plan,Drama,8.2,49.0,74.0
The Power of Positive Murder,Drama,,,
The Private Tutor,Drama,,,
The Proctor,Drama,9.2,19.0,120.0
The Professor's Secret,Drama,7.5,21.0,
The Promise,Drama,8.9,8.0,
The Protagonist,Drama,,,79.0
The Queen,Drama,,,26.0
The Quiet Beekeeper,Drama,6.5,272.0,104.0
The Ram of Iron,Drama,,,60.0
The Rays and Shadows,Drama,7.4,1100.0,199.0
The Red Bag,Drama,8.6,629.0,
The Red Hangar,Drama,7.2,188.0,83.0
The Red Line,Drama,6.1,1400.0,135.0
The Rendezvous: Vendetta,Drama,,,
The Return of Omotara Johnson,Drama,,,
The Revisionist,Drama,5.9,14.0,90.0
The Rip,Drama,6.8,144000.0,113.0
The Rise of Ashoka,Drama,5.6,68.0,133.0
The River We Cannot Leave,Drama,,,
The Royal Dilemma,Drama,,,
The Safety Catch,Drama,,,90.0
The Same Frame,Drama,,,70.0
The Samurai and the Prisoner,Drama,7.0,595.0,147.0
The Sanctuary,Drama,9.3,19.0,
The Saviors,Drama,7.6,66.0,90.0
The Secret Set Up,Drama,,,70.0
The Sentence,Drama,,,48.0
The Shadow of Greed: Oba Cut,Drama,,,124.0
The Shape of Invisible Skies,Drama,8.4,9.0,118.0
The Shine of Darkness,Drama,,,
The Shut Up Fairy,Drama,,,124.0
The Soil,Drama,,,120.0
The Soldier,Drama,,,73.0
The Solitary Spectator,Drama,,,139.0
The Son of Kingpin,Drama,,,
The Space Theatre: A Picnic Indoors,Drama,,,
The Squirrel,Drama,6.9,73.0,92.0
The State of Us,Drama,8.4,12.0,90.0
The Station,Drama,6.2,28.0,112.0
The Story of Heaven and Hell (The Making of a Ballet),Drama,2.9,50.0,
The Strawberry,Drama,8.5,17.0,97.0
The Sun Never Sets,Drama,6.7,63.0,102.0
The Swedish Connection,Drama,6.9,5300.0,102.0
The Swing Set Spanish,Drama,,,
The Tablet,Drama,,,79.0
The Tale of Nicky Newark,Drama,,,
The Thai Interpreter,Drama,7.2,30.0,110.0
The Theft of the Caravaggio,Drama,5.2,256.0,90.0
The Things Left Unspoken,Drama,6.7,1200.0,114.0
The Thrifty Angel,Drama,,,113.0
The Trade,Drama,,,99.0
The Trek,Drama,6.7,29.0,104.0
The Tropic Sun and His Eyes,Drama,8.3,6.0,
The Truth Hurts Series,Drama,,,90.0
The Truth Hurts Series - Broken Dreams,Drama,,,59.0
The Truthers,Drama,5.3,2400.0,106.0
The Tunpu,Drama,,,90.0
The Twist,Drama,6.8,7.0,
The Un-Monolithic Black Man,Drama,,,45.0
The Unbelievable Boyfriend,Drama,,,133.0
The Undertaker 2: Afterlife,Drama,7.0,117.0,127.0
The Unknown,Drama,6.3,210.0,139.0
The Unlawful Act,Drama,8.7,14.0,
The Unlawful Act: Part 2,Drama,9.0,10.0,
The Violin Case,Drama,8.0,15.0,
The Violinist,Drama,7.7,17.0,114.0
The Virus of Restlessness,Drama,,,
The Voices of Our Mother,Drama,4.5,325.0,93.0
The Void of Miss Haven,Drama,,,120.0
The Wandering Creature (and Other Tales),Drama,,,
The Wedding Entertainer (The Tale of Moishe Badhan),Drama,3.7,130.0,103.0
The Weight,Drama,7.3,226.0,115.0
The Weight of Eyes,Drama,6.1,25.0,81.0
The Whisper Man,Drama,,,111.0
The White Room,Drama,,,105.0
The Wizard's Endearment,Drama,7.8,6.0,95.0
The Wolf Will Tear Your Immaculate Hands,Drama,,,
The Wolf and the Lamb,Drama,3.2,394.0,96.0
The Wonder Bar,Drama,,,
The Wonderful Counsellor II,Drama,,,
The Worthless Son-in-Law Is the Final Boss,Drama,7.3,15.0,
The Wrong Girls,Drama,6.0,619.0,99.0
The Xenophobes,Drama,,,126.0
The Yod Cycle,Drama,,,
"The lights, they fall",Drama,5.5,22.0,87.0
The show must go on (vas-y pleure),Drama,,,
The world of Wifer Calendez,Drama,,,90.0
Thee Puka Chaaram,Drama,,,61.0
Theeyor Koodam,Drama,9.5,526.0,104.0
Therachaapa,Drama,7.3,1100.0,151.0
These Are My Friends!,Drama,,,
They Bloom at Dawn,Drama,,,
They Fight,Drama,4.6,221.0,98.0
They Humiliated the Billionaire's Parents,Drama,,,
They Took My Daughter,Drama,5.6,48.0,
Thimmarajupalli TV,Drama,4.7,141.0,124.0
Thin Line,Drama,,,
Think Good,Drama,6.7,30.0,94.0
This Is Birmingham,Drama,2.8,235.0,109.0
This Is I,Drama,6.3,451.0,130.0
Thit-thee Khu,Drama,7.0,17.0,98.0
Three Bridges,Drama,,,135.0
Three Colors: Pan-African,Drama,7.8,24.0,123.0
Three Lies Deep: The Movie,Drama,,,54.0
Three Ways of Returning,Drama,,,81.0
Thrown,Drama,,,67.0
Thudakkam,Drama,6.1,312.0,140.0
Thursday Night Is Too Dark,Drama,,,
"Ti amo, ti voglio bene, grazie",Drama,,,92.0
Ti psyhi tha paradoseis mori? Meros proto,Drama,6.0,191.0,103.0
Tides,Drama,,,
Tiefschlag,Drama,,,
Tierra De Viboras,Drama,,,65.0
Tiga Mutiara,Drama,,,57.0
Tighee,Drama,8.0,225.0,107.0
Tight Lettuce,Drama,8.6,24.0,95.0
Tiket Sehala,Drama,6.4,18.0,103.0
Time Stream: A Time Travel Adventure Through Seven Ages of Britain,Drama,,,
Time Warp,Drama,8.3,11.0,112.0
Time and Tide,Drama,6.0,12.0,96.0
Timings,Drama,6.9,15.0,100.0
Tirik,Drama,,,91.0
Titanic Ocean,Drama,6.2,66.0,130.0
Titip Bunda di Surga-Mu,Drama,6.1,10.0,112.0
Tlhaho Ya Mosadi,Drama,,,
To Your Island,Drama,7.1,23.0,119.0
Toaster,Drama,4.7,4300.0,120.0
Tod meiner Jugend,Drama,8.3,232.0,90.0
Todos mis viajes son viajes de regreso,Drama,4.2,5.0,
Together Till the End,Drama,5.5,8.0,84.0
"Toh, Ti ani Fuji",Drama,5.0,109.0,125.0
Toki No Oto,Drama,,,117.0
Tom & Cherry,Drama,,,155.0
Tom Clancy's Jack Ryan: Ghost War,Drama,5.7,32000.0,105.0
Tomar Jonno,Drama,,,111.0
"Tomorrow, You Pretty Ghost",Drama,6.6,25.0,
Tony,Drama,7.6,4900.0,106.0
Too Many Beasts,Drama,6.9,49.0,95.0
Too Much Too Soon,Drama,5.1,9.0,
Toofan ek Nasha,Drama,,,109.0
Totschweigen,Drama,8.0,24.0,88.0
Touché,Drama,,,118.0
Tougher,Drama,8.0,8.0,64.0
Tox,Drama,5.9,25.0,
Toxench Zanv,Drama,8.9,42.0,151.0
Toxic,Drama,3.7,10000.0,192.0
Toxicity,Drama,5.0,37.0,97.0
Toy Story 5,Drama,7.4,74000.0,102.0
Traces,Drama,8.2,60.0,85.0
Tragic Villain,Drama,5.5,58.0,90.0
Tranquility: Aeterna,Drama,2.9,126.0,87.0
Trans-Fiction (Digital Friends),Drama,,,126.0
Trans-Plast-Otany,Drama,,,
Transcend,Drama,8.2,6.0,72.0
Transfer Trimurthulu,Drama,6.4,108.0,153.0
Trapped Outside,Drama,6.4,66.0,101.0
Trassa «More - more»,Drama,3.1,37.0,85.0
Trauma,Drama,,,
Treat Her Like a Lady,Drama,6.9,97.0,
Trial of Hein,Drama,7.3,116.0,122.0
Trials of Matrimony,Drama,,,119.0
Trigger: The Rebel of Law,Drama,,,
Trijya: Radius,Drama,7.0,108.0,91.0
Triloka,Drama,8.7,16.0,100.0
Triple Deception,Drama,,,46.0
Triple Threat,Drama,4.9,20.0,91.0
Tru Game of Love,Drama,7.6,6.0,
True Pretense,Drama,,,
Truly Naked,Drama,6.4,1300.0,102.0
Tsar Mother,Drama,,,69.0
Tsumi no Toge,Drama,,,91.0
Tu Duniya Chhe Mari 2026 Gujarati Pvt,Drama,,,115.0
Tu Geeta Hu Kurbaan,Drama,,,
Tu Nombre En El Papel,Drama,7.8,5.0,102.0
Tu Reina,Drama,,,108.0
Tu Yaa Main,Drama,6.1,7400.0,143.0
Tubero,Drama,,,53.0
"Tuhan, Benarkah Kau Mendengarku?",Drama,6.2,11.0,113.0
Tuklas,Drama,6.2,60.0,93.0
Tula Pahata,Drama,7.7,529.0,140.0
Tumorrou,Drama,9.0,46.0,
Turgaud,Drama,7.7,6.0,124.0
Turkey Invites You reception in Cannes-France - Engin Akyürek,Drama,9.0,23.0,180.0
Turn,Drama,8.0,25.0,125.0
Turn 2,Drama,9.2,13.0,
Tutor Emanuelle,Drama,4.3,12.0,
Twisted Fruit,Drama,,,
Twisted Love,Drama,,,
Two Little Nightmares,Drama,,,
Two Times Too Many,Drama,6.3,12.0,68.0
Two Ugly People,Drama,,,100.0
Typerät lapset,Drama,,,79.0
Tyst faller snön,Drama,6.0,15.0,72.0
Tyulpany,Drama,4.5,49.0,89.0
Täiuslikud võõrad,Drama,7.4,308.0,90.0
Türkiye's Pavilion at the Cannes Film Market - Engin Akyürek,Drama,9.2,14.0,240.0
Uang Passolo,Drama,7.1,18.0,95.0
Uchronia,Drama,7.5,23.0,97.0
Udovac,Drama,7.5,13.0,
Ugly Story,Drama,7.0,2200.0,123.0
Ukuta wa Chuki,Drama,,,
Ullberg: Wind in the Sails,Drama,,,74.0
Ulya,Drama,7.4,52.0,102.0
Um Coração Incendiário,Drama,,,55.0
Un Maldito Lío,Drama,,,99.0
Un amor Inevitable,Drama,,,
Un coeur meurtri,Drama,,,
Un hombre de verdad,Drama,6.5,18.0,82.0
Un mari toxique,Drama,,,
Un portero muy improbable,Drama,6.0,43.0,
Una Directora Extraordinaria,Drama,,,85.0
Una chica en la estación,Drama,,,97.0
Unbeatable: Road to Tokyo,Drama,,,
Unbroken Faith 2,Drama,,,
Unchained,Drama,,,106.0
Uncle,Drama,7.9,7.0,80.0
Undefeated,Drama,,,
Under Suspicion: Kate McCann,Drama,5.5,69.0,63.0
Under the River,Drama,,,
Under the Turban,Drama,,,85.0
Une affaire turque,Drama,7.3,71.0,92.0
Unexpected Family,Drama,6.5,576.0,121.0
Unforgettable love and promises,Drama,,,71.0
Unfortunate Fortune,Drama,8.2,16.0,
Union County,Drama,6.8,227.0,97.0
Unkind,Drama,,,
Unleashed V8 Revelations,Drama,,,140.0
Unmiley,Drama,,,69.0
Unraveled Loyalties,Drama,,,
Unspoken Bonds,Drama,,,87.0
Until She Remembers,Drama,5.6,29.0,107.0
Until We Meet Again,Drama,7.0,113.0,124.0
Until the Very Last Page,Drama,,,100.0
Untitled Football Film,Drama,,,
Untitled Stripper Project,Drama,,,70.0
Unwrapping Fate,Drama,,,64.0
Uphill,Drama,,,
Upon Her Lips: Kiss Me,Drama,,,83.0
Upon Her Lips: She Likes Girls,Drama,,,
Urban Addicts,Drama,,,75.0
Urukundo Niki?,Drama,,,
Us in the End,Drama,8.7,84.0,103.0
Usa V/s Raj,Drama,,,
Ustaad Bhagat Singh,Drama,4.1,2400.0,150.0
Utsaber Ratri,Drama,,,74.0
Uttar Da Puttar,Drama,8.5,13000.0,103.0
Uttara,Drama,,,
Vaanki Chuki Love Story,Drama,7.6,51.0,156.0
Vaari,Drama,,,
Vaazha II: Biopic of a Billion Bros,Drama,8.0,7200.0,160.0
Vaazhai 2,Drama,5.9,8.0,
Vadal the storm,Drama,,,
Vadhala,Drama,3.5,45.0,130.0
Valley of the Shadow,Drama,7.4,40.0,85.0
Vandyke,Drama,,,76.0
Vanishing Point,Drama,6.7,268.0,140.0
Vanitas - ein Stillleben,Drama,,,
Varavu,Drama,5.4,1100.0,143.0
Variations on Violence,Drama,6.3,6.0,71.0
Variations on a Theme,Drama,7.1,31.0,65.0
Varugai Pathivedu,Drama,7.1,7.0,123.0
Vasudeva,Drama,,,63.0
Veer Murarbaji,Drama,8.1,9.0,
Velleppam,Drama,3.0,25.0,127.0
Venganza Cumplida El Angel de La Muerte,Drama,,,72.0
Vengeance,Drama,3.8,35.0,149.0
Venkatramayya Gari Taluka,Drama,,,142.0
Vesna,Drama,6.1,20.0,93.0
Via Negativa,Drama,,,97.0
Viale Donne Speciali,Drama,9.2,6.0,111.0
Viatge al país dels blancs,Drama,6.9,109.0,110.0
Vidhaata 2026,Drama,6.7,9.0,129.0
Vijaynagar'er Hirey,Drama,6.5,117.0,110.0
Vinara O Vema,Drama,9.6,1200.0,124.0
Vindication: Search and Rescue,Drama,8.2,37.0,75.0
Violeta Rauch,Drama,8.1,13.0,65.0
Virage imprévu,Drama,,,
Virages,Drama,6.5,8.0,89.0
Viral Krishna,Drama,,,77.0
Virgin of the Throne,Drama,,,
Virginia Woolf's Night & Day,Drama,6.0,275.0,95.0
Virus patoloske dobrote,Drama,8.8,21.0,99.0
Vishwanath and Sons,Drama,7.6,2700.0,161.0
Visitation,Drama,7.2,18.0,118.0
Viva,Drama,6.0,100.0,113.0
Viva Hot Babes: Muling pagbukaka,Drama,,,74.0
Vivaah,Drama,,,101.0
Vo Ladki,Drama,7.2,6.0,
Voice of State,Drama,,,46.0
Voicemails for Isabelle,Drama,7.3,50000.0,118.0
Void,Drama,,,125.0
Voluntarily Bald,Drama,,,60.0
Vores løfte,Drama,7.1,163.0,109.0
Vremena lyubvi,Drama,,,73.0
Vygotsky,Drama,,,105.0
Väsinud Valgus,Drama,4.7,7.0,61.0
Wagon Wheel,Drama,,,
Wailing to the Waves,Drama,,,79.0
Waisi Wali Auratein,Drama,,,
Wait for Me to be Successful Later,Drama,7.7,479.0,110.0
Waiting for Sarah,Drama,,,156.0
Wake Up!,Drama,,,135.0
Wang hong lao ba,Drama,,,122.0
Warat,Drama,5.8,212.0,86.0
Watching Mr. Pearson,Drama,9.0,40.0,82.0
We Are Aliens,Drama,7.4,28.0,117.0
We Are All Strangers,Drama,7.1,139.0,157.0
We Go Again,Drama,8.2,57.0,
We finally killed everyone we loved,Drama,,,
We in This Together,Drama,8.1,14.0,
We're Nothing at All,Drama,7.1,217.0,128.0
Web of Secrets,Drama,,,52.0
Welcome to the Fishbowl,Drama,,,
What About the Boys 2,Drama,,,86.0
What I'd Do for Love,Drama,,,87.0
What Is to Come,Drama,7.2,7.0,82.0
Wheels of the Heart,Drama,,,140.0
When We Get There,Drama,5.9,46.0,106.0
When the Glass Breaks,Drama,,,110.0
When the Night Falls,Drama,6.7,27.0,100.0
When the Rain Comes,Drama,,,
When the Sunflowers Withered,Drama,,,109.0
Where Beauty Hides,Drama,,,
Where Sweet Dreams Die,Drama,8.9,69.0,98.0
Where To,Drama,7.5,57.0,95.0
Where You At,Drama,,,45.0
Where the Sun Shines Bright,Drama,,,
While They Were Away,Drama,,,62.0
Whispers of the North,Drama,6.5,6.0,
Whispers of the River,Drama,8.5,61.0,72.0
White Prince,Drama,,,77.0
White Shadow,Drama,,,98.0
Who Could Kill a Sweet Old Lady,Drama,4.7,112.0,87.0
Wicker,Drama,7.5,284.0,105.0
Wildcards,Drama,,,
Wilderness,Drama,8.7,10.0,101.0
Wildman,Drama,,,
Will You Be My Girlfriend?.,Drama,5.6,306.0,97.0
Wind Up: The Movie,Drama,7.3,28.0,88.0
"Winnipeg, el barco de la esperanza",Drama,7.3,11.0,78.0
Wired,Drama,,,101.0
Wish You Well,Drama,5.2,18.0,108.0
Wishful Thinking,Drama,7.4,73.0,105.0
With Love,Drama,7.6,6800.0,141.0
"With Love, Hazel",Drama,,,
Wolfgang,Drama,,,98.0
Woman to Woman,Drama,4.9,69.0,99.0
Women on Trial,Drama,7.4,23.0,102.0
Wont He Do It,Drama,8.1,8.0,76.0
Words of Love,Drama,6.8,28.0,95.0
World War Bigfoot,Drama,6.3,8.0,72.0
Worry no more,Drama,,,60.0
Worth More Than Gold,Drama,8.4,17.0,90.0
Worthy,Drama,,,
Wovon sollen wir träumen,Drama,6.3,12.0,108.0
Wreckage,Drama,5.5,11.0,73.0
Wrong Generation,Drama,,,
Wu Yu zhi Ren,Drama,,,116.0
Wurzeln und Flügel,Drama,,,79.0
Wuthering Heights,Drama,6.1,90000.0,136.0
XY9,Drama,,,65.0
Xi xiang ji,Drama,,,
Xiao Dong Tian,Drama,,,
Xiao Na,Drama,,,
YN - The Movie,Drama,7.2,13.0,
Yaar Jigree Kasooti Degree,Drama,8.2,870.0,168.0
Yaarra Antha Paiyan Naanthan Antha Paiyan,Drama,7.9,1000.0,125.0
Yamaguchi-kun wa Warukuna,Drama,,,96.0
Yang Bertahan,Drama,,,49.0
Yang Lain Boleh Hilang Asal Kau Jangan,Drama,8.2,13.0,113.0
Yazi Mi Tura Mi?,Drama,,,
Year Round Living,Drama,,,
Yeh Mera Ghar,Drama,8.0,6.0,131.0
Yellow Letters,Drama,7.2,2000.0,127.0
Yesterday the Eye Didn't Sleep,Drama,7.1,78.0,100.0
Yin hun deng 2,Drama,,,78.0
Yo,Drama,,,81.0
Yo no moriré de amor,Drama,7.3,105.0,94.0
You Are Here,Drama,9.4,11.0,
You Can't Win,Drama,4.4,213.0,108.0
Young Female Playwright,Drama,7.5,21.0,
Your Fault: London,Drama,6.0,5000.0,123.0
Your Flesh: Three Ways to Love You,Drama,,,83.0
Your Heart Will Be Broken,Drama,4.8,925.0,134.0
Your Man Will be Mine,Drama,,,75.0
Yu wen de zi wei,Drama,,,120.0
Yéin,Drama,,,
Za lyubov,Drama,,,91.0
Zabet,Drama,2.1,13.0,78.0
Zadlaagui zahia,Drama,,,111.0
Zakhma Toh Chardikala Tak,Drama,9.3,4000.0,150.0
Zamana,Drama,5.1,4000.0,130.0
Zejtune,Drama,7.4,133.0,108.0
Zen me ke neng wo jia de zu xian shi ni jia de gui,Drama,,,88.0
Zende Shoor,Drama,6.0,133.0,
Zheni izvan upotreba,Drama,,,
Zhi Ai Ni,Drama,,,
Zhizn posle smerti,Drama,,,61.0
Zolotoy dubl,Drama,6.0,75.0,120.0
Zrinski,Drama,,,52.0
Zumeca,Drama,,,
butterfly_girl_85,Drama,8.2,13.0,105.0
threeASFOUR: FULL CIRCLE,Drama,,,93.0
Árru,Drama,6.4,61.0,95.0
Çocuklugun Ölümü,Drama,,,
Ölü Köpekler Isirmaz,Drama,6.8,33.0,103.0
Öyle Degil,Drama,,,
3 Good Guys,Fantasy,4.8,13.0,107.0
A Better Place,Fantasy,,,91.0
A Casa,Fantasy,9.1,40.0,89.0
A Fairy Fail,Fantasy,,,
A Knife of the Weapon Gleams with Blood,Fantasy,,,95.0
A Little Resistance,Fantasy,8.4,18.0,106.0
A Storm of Syndicates,Fantasy,,,
A Super Progressive Movie,Fantasy,5.4,730.0,86.0
A Vast Algorithm of Humanity: The Movie,Fantasy,,,129.0
A Werewolf Boy,Fantasy,7.4,86.0,125.0
Aadu 3,Fantasy,6.2,2000.0,168.0
Abar Hawa Bodol,Fantasy,6.4,47.0,139.0
Above Budapest,Fantasy,,,
Achappa's Album,Fantasy,6.6,7.0,121.0
Achilles Returns,Fantasy,5.2,1600.0,50.0
Agadha,Fantasy,7.7,1100.0,137.0
Alberi erranti,Fantasy,6.1,9.0,180.0
Alicia in Wonderland,Fantasy,3.7,12.0,93.0
All Wishes Come True!,Fantasy,7.9,944.0,144.0
All the Unknowable Things,Fantasy,,,
An LA Christmas Story,Fantasy,,,100.0
Anda,Fantasy,6.0,6.0,76.0
Ane fuera de la caverna,Fantasy,,,
Angel Lust,Fantasy,6.9,14.0,105.0
Angkunon Tika,Fantasy,,,90.0
Archival,Fantasy,,,
Arena Branca,Fantasy,,,118.0
Aria-Remix,Fantasy,5.4,56.0,91.0
Armageddon Road,Fantasy,8.1,12.0,85.0
Artefakty,Fantasy,,,
Attack of the Kraken,Fantasy,4.5,16.0,
Avatar Aang: The Last Airbender,Fantasy,7.8,24000.0,99.0
B.M.Ts Plan B 2,Fantasy,,,67.0
BLEACH: Thousand-Year Blood War - The Calamity,Fantasy,9.2,14000.0,80.0
Baab,Fantasy,6.8,32.0,97.0
Bad Beast,Fantasy,5.3,33.0,94.0
Bana Ana,Fantasy,,,
Bardogento,Fantasy,,,
Behrupiyo,Fantasy,5.6,49.0,152.0
Belleza Natural,Fantasy,,,75.0
Bellyache,Fantasy,,,
Berliner Züge,Fantasy,,,
Beyond Files,Fantasy,,,
Bhooth Bangla,Fantasy,5.0,24000.0,163.0
Bikini Office Girl,Fantasy,,,
Bisarjan,Fantasy,,,121.0
Black Holes Suck,Fantasy,4.6,75.0,91.0
Black Water Gate,Fantasy,,,56.0
Bo me zhi wo de qing chun zhu le gui,Fantasy,5.2,12.0,99.0
Bogatyri,Fantasy,3.0,54.0,91.0
Boonie Bears: The Hidden Protector,Fantasy,7.0,105.0,118.0
Bus: Chuyen Xe Mot Chieu,Fantasy,,,94.0
Candy and the Pizza Ggirl,Fantasy,4.3,57.0,100.0
Cardboard Wars,Fantasy,8.7,74.0,53.0
Cautiverio,Fantasy,,,
Chimney Town: Frozen in Time,Fantasy,5.9,26.0,98.0
Chiranjeevi Hanuman: The Eternal,Fantasy,,,
Chronovisor,Fantasy,6.8,47.0,99.0
Colony,Fantasy,6.5,12000.0,122.0
Colores Perdidos,Fantasy,,,
Cosmic Princess Kaguya!,Fantasy,7.1,3200.0,143.0
Coyote vs. Acme,Fantasy,7.7,2300.0,101.0
Crocodile,Fantasy,7.0,25.0,100.0
Curse of Crom 2: Crom's Fury,Fantasy,7.5,17.0,102.0
Da Xi Yang,Fantasy,,,102.0
Dance of the Damned,Fantasy,7.0,96.0,101.0
Daughters of the Forest,Fantasy,8.6,78.0,95.0
Days of future: Minecraft,Fantasy,,,92.0
Death Do Us Part,Fantasy,,,
Deathkeeper,Fantasy,6.9,22.0,95.0
Demon Dancer: Sua/Nara,Fantasy,6.3,100.0,82.0
Demon Squad: Tooth and Claw,Fantasy,3.5,157.0,97.0
Demons,Fantasy,4.4,6.0,105.0
Detrimentum Part I,Fantasy,,,110.0
Diari Hitam: Lembaran Baru Liriell,Fantasy,,,
Die Königin des Schicksals,Fantasy,,,95.0
Die fantastischen Geschichten des Professor Kluck,Fantasy,,,47.0
Doctor Gaf,Fantasy,4.9,47.0,99.0
Donde Duermen los Sueños,Fantasy,,,76.0
Donkey Princess,Fantasy,6.1,19.0,90.0
Doraemon: Nobita and the New Castle of the Undersea Devil,Fantasy,6.2,194.0,102.0
Double Occupancy,Fantasy,6.2,515.0,130.0
Dream Machine: AHRIMAN,Fantasy,,,119.0
Dungeons & Dickheads,Fantasy,,,57.0
Echoes of Dread,Fantasy,7.5,14.0,81.0
Edifício Bonfim,Fantasy,,,90.0
Eiga Chiikawa: Ningyo no Shima no Himitsu,Fantasy,7.4,460.0,99.0
Eiga Kureyon Shin-chan Kikikaikai! Ora no Yôkai Bake-shon,Fantasy,6.6,34.0,101.0
El Convento,Fantasy,5.0,37.0,100.0
Elra Kaaleliyatte Kaala,Fantasy,8.0,240.0,130.0
Epic REDD Recordz,Fantasy,,,70.0
Etheric Realms of the Night (The Complete Album Film),Fantasy,,,51.0
Eto vsyo ona!,Fantasy,,,
Evolution,Fantasy,5.3,182.0,94.0
Fairy Tales Can Come True: The Beginning,Fantasy,,,
Fantasy Football,Fantasy,,,
Fascination Street,Fantasy,,,86.0
Fing!,Fantasy,7.1,60.0,96.0
Five Friends 2: Mount Klawih,Fantasy,7.0,102.0,122.0
Forgotten Island,Fantasy,6.8,166.0,109.0
Frogtown,Fantasy,,,86.0
GG Bond: Race Through Time,Fantasy,8.1,19.0,86.0
Gale: Yellow Brick Road,Fantasy,3.7,209.0,104.0
Garuda: Dare to Dream,Fantasy,8.3,47.0,78.0
Ghabadkund,Fantasy,7.2,1100.0,132.0
God Skin,Fantasy,7.2,19.0,
Groom from Mars,Fantasy,8.7,243.0,80.0
"Ha-Chan, Shake Your Booty!",Fantasy,7.2,134.0,122.0
Han ye deng zhu,Fantasy,6.5,77.0,90.0
Harry Potter and the Sorcerer's Stone in Shared Reality,Fantasy,,,
Harusnya Horror,Fantasy,3.6,251.0,106.0
Hell & Heaven,Fantasy,,,65.0
Hell Grind,Fantasy,4.0,73.0,95.0
Hell Hath No Fury,Fantasy,4.0,128.0,99.0
Hell Trotter,Fantasy,5.0,33.0,103.0
Hidden Secrets: The Movie,Fantasy,,,
Hip Hip Hurray,Fantasy,6.6,7.0,145.0
Hot Spot,Fantasy,4.7,234.0,101.0
Huanyíng lái dào duo lì zhi jia,Fantasy,,,85.0
"I, Object",Fantasy,7.2,24.0,92.0
Iberah,Fantasy,,,
Il fascino dell'ombra,Fantasy,,,86.0
Imposters,Fantasy,6.9,299.0,102.0
In LA Without a Car,Fantasy,,,66.0
Indrajaal,Fantasy,7.2,1100.0,136.0
Infernal,Fantasy,,,134.0
Iyanu: The War of Twin Princes,Fantasy,4.6,9.0,
Jesus Is King Part One the King Is Born,Fantasy,,,190.0
Julián,Fantasy,7.1,21.0,85.0
Kadhal Aura - Madness of Love,Fantasy,,,143.0
Kalevala: The Story of Kullervo,Fantasy,5.8,1200.0,143.0
Karakkam,Fantasy,4.1,2400.0,110.0
Karuppu,Fantasy,6.1,11000.0,150.0
Ketok Mejik,Fantasy,7.5,6.0,114.0
Khreshchatyk 48/2,Fantasy,6.6,17.0,86.0
Koodothram,Fantasy,7.1,35.0,137.0
Korean Kanakaraju,Fantasy,7.7,2400.0,150.0
Korol i Shut. Navsegda,Fantasy,5.0,169.0,118.0
Koshchey. Tayna zhivoy vody,Fantasy,3.8,34.0,80.0
Kraken,Fantasy,5.0,5900.0,100.0
Krazy Kadhal,Fantasy,,,103.0
Krishnavatar Part 1: Hridayam,Fantasy,7.5,2200.0,150.0
Krølle Bølle,Fantasy,6.6,62.0,80.0
"Kuko, Drobcek a Ratafak znovu zasahujú",Fantasy,,,70.0
Kung Fu,Fantasy,5.7,188.0,127.0
"Kyma, l'onde mystérieuse",Fantasy,6.4,30.0,89.0
LEGO Spider-Man: Maximum Carnage (AI Film),Fantasy,,,
La trilogie des mythes congolais,Fantasy,,,
Las Mantis,Fantasy,,,
Legend of Qingqiu,Fantasy,,,88.0
Legend of the White Dragon,Fantasy,,,97.0
Les Écorchés - Partie 3,Fantasy,,,113.0
Letom vsyakoe byvaet. Pobeg iz Skolbora,Fantasy,2.7,13.0,108.0
Life Dyamage,Fantasy,5.8,10.0,120.0
Little Brownie Kuzya 2,Fantasy,5.3,304.0,98.0
Lords of the Darkness,Fantasy,,,99.0
Lost in the Moment,Fantasy,7.8,14.0,93.0
Lucifer's Lawyer,Fantasy,,,
Lucy Lost,Fantasy,8.0,45.0,85.0
Machiavelli Story of yum66,Fantasy,,,
Mahadev Tak Ka Safar,Fantasy,8.5,7.0,
Mahaprabhu Jagannath,Fantasy,,,109.0
Mantra Muugdha,Fantasy,7.8,317.0,180.0
Marcus James: The Movie 2,Fantasy,7.9,20.0,
Master of the Universe,Fantasy,2.8,1500.0,81.0
Masters of the Universe,Fantasy,6.4,114000.0,140.0
Matador Bolero,Fantasy,,,97.0
Mavka: The True Myth,Fantasy,5.8,307.0,90.0
Medusa,Fantasy,,,50.0
Meercats Explode Dandelion,Fantasy,,,86.0
Mikael: Pemburu Dua Alam,Fantasy,5.2,132.0,120.0
Minecraft Movie Edition,Fantasy,6.8,16.0,128.0
Minine the Movie,Fantasy,,,
Mismantler,Fantasy,,,79.0
Mister Sandman,Fantasy,,,97.0
Mitoloji Mafyasi,Fantasy,,,
Moana,Fantasy,5.8,14000.0,115.0
Mokshya,Fantasy,,,
Monarque,Fantasy,,,
Monkey King - Rebirth,Fantasy,7.7,20.0,93.0
Monster Mia,Fantasy,8.0,23.0,81.0
Mortal Kombat II,Fantasy,6.3,86000.0,116.0
Motherwitch,Fantasy,6.9,59.0,104.0
Mu-Ki-Ra,Fantasy,,,
Mudville,Fantasy,,,87.0
"Mum, I'm Alien Pregnant",Fantasy,6.9,175.0,95.0
Mumbo Jumbo,Fantasy,6.6,91.0,83.0
Mutter: The Diary of a Mother,Fantasy,,,99.0
My Neighbor Is a Witch,Fantasy,4.7,104.0,94.0
Mythos,Fantasy,,,
Nagabandham - The Secret Treasure,Fantasy,6.7,5700.0,185.0
Natalie and the Gila Monster,Fantasy,,,60.0
Navya Chakra - Psycon World,Fantasy,7.0,54.0,100.0
Naxos,Fantasy,8.8,5.0,89.0
Nesvyataya Valentina,Fantasy,4.0,45.0,104.0
Never After Dark,Fantasy,6.5,153.0,105.0
Nightmares Unleashed 2: Joseph's Revenge,Fantasy,,,
Nini,Fantasy,,,
No Rock Unturned,Fantasy,,,79.0
No Signal,Fantasy,,,
No quieras olvidarme,Fantasy,,,81.0
Northeast Mysteries,Fantasy,,,
Nostalgia de un futuro que no pudo ser,Fantasy,,,61.0
Noxturne,Fantasy,,,
Number One,Fantasy,6.5,273.0,104.0
Odium for Ardor,Fantasy,,,78.0
Oozhi,Fantasy,,,10.0
PAW Patrol: The Dino Movie,Fantasy,6.2,1700.0,88.0
Pale Magic,Fantasy,,,76.0
Panda Plan 2: The Magical Tribe,Fantasy,4.4,609.0,100.0
Per Aspera Ad Astra,Fantasy,6.4,1300.0,111.0
Phenomena,Fantasy,7.2,32.0,86.0
Phi Phong: The Blood Demon,Fantasy,5.8,122.0,120.0
Phillip Philadelphia,Fantasy,,,
Photographer,Fantasy,10.0,166.0,130.0
Pinocchio,Fantasy,4.7,371.0,102.0
Pinocchio: Unstrung,Fantasy,5.6,2300.0,82.0
Piztiak,Fantasy,,,
Posledniy bogatyr. Kolobok,Fantasy,1.1,2400.0,109.0
Power Rangers the Grid Wreckage Fan Film,Fantasy,,,
Practical Magic 2,Fantasy,,,110.0
Pretty,Fantasy,6.7,1500.0,123.0
Priklyucheniya zhyoltogo chemodanchika,Fantasy,5.1,163.0,94.0
Princess Mkatu,Fantasy,,,
Princezna stokrat jinak,Fantasy,5.8,28.0,118.0
Puella Magi Madoka Magica the Movie -Walpurgisnacht Rising-,Fantasy,,,120.0
Pyaar Prema Pei,Fantasy,,,45.0
Póstumo,Fantasy,6.7,19.0,
RK Deeksha,Fantasy,,,123.0
Raakaasa,Fantasy,6.7,4000.0,130.0
Rahu Ketu,Fantasy,4.5,3300.0,140.0
Raijin,Fantasy,,,93.0
Raja the Raja,Fantasy,3.4,54.0,135.0
S1R: Bedel,Fantasy,7.7,26.0,98.0
Sachien Loves Shalini,Fantasy,,,103.0
Samam,Fantasy,,,117.0
Seasons,Fantasy,,,
Secret of Kalinga,Fantasy,5.1,6100.0,120.0
Seven Fables: An Anthology,Fantasy,,,106.0
Sfarsitul lumii,Fantasy,7.3,21.0,115.0
Sheep in the Box,Fantasy,6.1,617.0,126.0
Shell V-Power Games - Budapest,Fantasy,9.0,30.0,240.0
Shiboyugi: Playing Death Games to Put Food on the Table 44: Cloudy Beach,Fantasy,7.4,98.0,89.0
Shkola Baby-Yagi,Fantasy,5.4,22.0,94.0
Sihirli Annem: Periler Okulu,Fantasy,4.1,37.0,
Silas en die Ysbeer op Tafelberg,Fantasy,,,
Sing Geetham,Fantasy,6.6,1000.0,140.0
Sinking Road,Fantasy,8.3,21.0,56.0
Skate to Hell,Fantasy,3.2,395.0,100.0
Slash III,Fantasy,8.0,10.0,113.0
Sleep No More,Fantasy,5.7,116.0,96.0
Smeshariki. Skvoz vselennye,Fantasy,5.5,62.0,85.0
SnowBorn Saga: The Hunt for the Hollow Frost,Fantasy,,,
SnowBorn Saga: The Witches' Reckoning,Fantasy,,,
Snowborn Saga: The First Goblin War,Fantasy,,,
Somnia,Fantasy,,,95.0
"Soumsoum, la nuit des astres",Fantasy,6.3,79.0,101.0
Sparks,Fantasy,4.9,27.0,78.0
Star Wars: The Mandalorian and Grogu,Fantasy,6.8,93000.0,132.0
Starbright,Fantasy,3.7,539.0,148.0
Starlight,Fantasy,,,85.0
Staubwelt,Fantasy,,,76.0
Stone Elegy,Fantasy,,,15.0
Strings,Fantasy,6.4,7.0,
Sukhamano Sukhamann,Fantasy,5.3,796.0,107.0
Super Miss Saves the Jungle,Fantasy,6.1,64.0,82.0
Suzzanna: Witchcraft,Fantasy,5.3,249.0,135.0
Svefnthorn: The Bolbýrs,Fantasy,,2025.0,
Swapped,Fantasy,7.3,24000.0,98.0
Sweet Brother,Fantasy,,,
Swipe Wrong,Fantasy,,,
Tale of the Six,Fantasy,,,
Tales of the Monkey Mountain,Fantasy,,,74.0
That Time I Got Reincarnated as a Slime the Movie: Tears of the Azure Sea,Fantasy,6.2,1100.0,105.0
The Adventures of Gabriel and Marcy,Fantasy,,,85.0
The Amazing Spider-Fuser,Fantasy,,,
The Awakening,Fantasy,6.3,11.0,96.0
The Book Movie,Fantasy,,,
The Boy with the Light-Blue Eyes,Fantasy,9.2,141.0,99.0
The Burning of Broken Beak,Fantasy,6.9,18.0,97.0
The East,Fantasy,,,56.0
The Enchanting Cranium Mystery,Fantasy,,,79.0
The Galactic Ghoul,Fantasy,8.0,12.0,85.0
The House on the Moon,Fantasy,5.4,10.0,
The Incomer,Fantasy,7.3,172.0,102.0
The Ink-Stained Hand and the Missing Thumb,Fantasy,,,127.0
The Keris,Fantasy,3.7,18.0,132.0
The Kingdom of Rexmonte,Fantasy,,,151.0
The Land of Sometimes,Fantasy,4.7,199.0,93.0
The Last Cinema,Fantasy,,,
The Legend of Morgana,Fantasy,,,
The Magic Faraway Tree,Fantasy,6.3,5300.0,110.0
The Man I Love,Fantasy,5.3,447.0,95.0
The Man Whom the Trees Loved,Fantasy,,,73.0
The Man from Oghuz: Harvest,Fantasy,,,55.0
The Monkey Hero,Fantasy,3.4,8.0,115.0
The Mummy,Fantasy,4.4,1200.0,95.0
The Odyssey,Fantasy,8.5,453000.0,172.0
The Ogre's Bride,Fantasy,7.3,45.0,122.0
The Peril at Pincer Point,Fantasy,7.8,42.0,83.0
The Pout-Pout Fish,Fantasy,5.0,1100.0,92.0
The Princess and the Goblin,Fantasy,,,62.0
The Raja Saab,Fantasy,3.1,12000.0,190.0
The Random Guest,Fantasy,,,102.0
The Ribbon Hero,Fantasy,6.0,500.0,109.0
The Shape of Invisible Skies,Fantasy,8.4,9.0,118.0
The Super Mario Galaxy Movie,Fantasy,6.3,73000.0,98.0
The Tale of Tsar Saltan,Fantasy,5.1,659.0,110.0
The Tropic Sun and His Eyes,Fantasy,8.3,6.0,
The Unknown,Fantasy,6.3,210.0,139.0
The Wandering Creature (and Other Tales),Fantasy,,,
The Wizard's Endearment,Fantasy,7.8,6.0,95.0
Three Wishes for Cinderella,Fantasy,5.2,27.0,86.0
Titanic Ocean,Fantasy,6.2,66.0,130.0
To Your Island,Fantasy,7.1,23.0,119.0
Toy Story 5,Fantasy,7.4,74000.0,102.0
Tropical Parasite,Fantasy,,,80.0
Tsarevna-lyagushka 2,Fantasy,4.1,74.0,95.0
Twente Short: Beyond the Screen,Fantasy,,,90.0
Tycoon,Fantasy,4.6,17.0,89.0
Unstoppable,Fantasy,6.6,45.0,80.0
Vaa Vaathiyaar,Fantasy,4.4,1300.0,129.0
Vasudheva Sutham,Fantasy,,,146.0
Vidar and the War of Three Worlds,Fantasy,8.8,57.0,
Vinski 2,Fantasy,6.3,35.0,
Viral Krishna,Fantasy,,,77.0
Volver a los 17,Fantasy,,,95.0
Washed Up,Fantasy,,,
Weld Queendom,Fantasy,9.4,10.0,62.0
Wicked of Oz,Fantasy,4.4,44.0,78.0
Wicker,Fantasy,7.5,284.0,105.0
Wishful Thinking,Fantasy,7.4,73.0,105.0
Wolfgang,Fantasy,,,98.0
Woodwalkers 2,Fantasy,5.4,270.0,102.0
Written in Blood,Fantasy,7.4,25.0,94.0
Xiao Na,Fantasy,,,
Xuan ji wei zhi zhen guo shen ding,Fantasy,,,72.0
YaYa's Band,Fantasy,,,
Young Blood,Fantasy,6.0,7.0,92.0
Za lyubov,Fantasy,,,91.0
Zhu Xian,Fantasy,,,125.0
0187 UFO,Horror,,,
10 Bouldery Terrace,Horror,,,120.0
100 Days Love Story,Horror,6.6,2200.0,119.0
28 Years Later: The Bone Temple,Horror,7.2,124000.0,109.0
2:59,Horror,,,
402 Rumah Sakit Angker Korea,Horror,6.2,32.0,110.0
418,Horror,,,
A,Horror,,,68.0
A Casa,Horror,9.1,40.0,89.0
A House Most Haunted,Horror,4.9,48.0,
A Malevolent World,Horror,,,70.0
A Messy Tribute to Motherly Love,Horror,5.5,26.0,85.0
A Mind in Chaos,Horror,1.8,13.0,
A Mother's Recall,Horror,5.1,32.0,85.0
A Taste of Youth,Horror,,,90.0
A Wicked Muse,Horror,7.8,25.0,
A casa esconde mistérios,Horror,,,
Aatma,Horror,,,
Abandoned,Horror,9.3,15.0,81.0
Accursed,Horror,7.3,36.0,
Addiction,Horror,8.5,13.0,84.0
Adored,Horror,8.0,6.0,
After-School Exorcism Club: Girls' Night,Horror,,,87.0
Agora,Horror,,,
Ai Lao shan,Horror,,,90.0
Air Shift,Horror,4.9,53.0,90.0
Ajurne,Horror,,,50.0
Al Arafa Wal Laana,Horror,1.6,9.0,100.0
Aladdin,Horror,2.9,165.0,83.0
Aladdin's Revenge,Horror,3.7,95.0,75.0
Alas Roban,Horror,5.1,292.0,111.0
Alien Storm,Horror,6.2,375.0,
Alien Valley,Horror,4.3,307.0,60.0
Alive Till Dawn,Horror,4.0,10.0,90.0
Alone in the Darkness,Horror,6.2,6.0,
Amaravathiki Aahvanam,Horror,5.6,2100.0,141.0
American Dollhouse,Horror,6.5,33.0,87.0
American Zoo,Horror,8.2,9.0,85.0
Amityverse: End Game,Horror,,,
Amityverse: Infinity,Horror,6.0,41.0,
Amityville Rex,Horror,3.0,61.0,69.0
Amityville: Descendants of Darkness,Horror,5.7,61.0,
Amityvillenado,Horror,3.5,179.0,111.0
Anaconda: Blood Coil,Horror,2.2,207.0,71.0
Ancestral Beasts,Horror,6.1,9.0,
And Her Body Was Never Found,Horror,8.0,40.0,75.0
Andakagasam,Horror,,,120.0
Angelus Tenebrarum,Horror,,,
Animal Trap,Horror,7.6,17.0,78.0
"Anna, Postmortem",Horror,,,90.0
Anumana Pakshi,Horror,,,
Apartment 226,Horror,,,
Apocalypse Tape 1990,Horror,,,95.0
Aquarium,Horror,9.3,67.0,93.0
Arbor Day: The Root of Evil,Horror,,,
Aria-Remix,Horror,5.4,56.0,91.0
Armageddon Road,Horror,8.1,12.0,85.0
Aroopi,Horror,5.2,1900.0,115.0
As I Walked Out in the Evening,Horror,,,
Attack of the Killer Tomatoes: Organic Intelligence,Horror,8.4,33.0,96.0
Attack of the Kraken,Horror,4.5,16.0,
Babysitters Vs. Vamps,Horror,5.5,22.0,
Back 2 Back,Horror,,,60.0
Backrooms,Horror,6.8,185000.0,126.0
Backrooms Bigfoot,Horror,3.7,19.0,
Bad Cherub,Horror,,,
Bad Voodoo,Horror,4.5,955.0,86.0
Bagworm,Horror,6.7,35.0,96.0
Bakma,Horror,,,117.0
Ban Ye Jiao Ni Bie Hui Tou 2,Horror,,,
Bang,Horror,,,46.0
Banned from Broadcast: My Three Wives,Horror,5.5,13.0,98.0
Bannister Doll Heist,Horror,5.2,46.0,75.0
Bare Skin,Horror,4.1,334.0,142.0
Based on the Original Night of the Living Dead,Horror,3.1,327.0,87.0
Batraticus,Horror,,,81.0
Be My Valentine,Horror,5.2,363.0,60.0
Before Granny Gets Us,Horror,5.5,112.0,103.0
Behrupiyo,Horror,5.6,49.0,152.0
Beliath,Horror,5.4,49.0,
Best Served Cold,Horror,4.3,55.0,98.0
Betaal,Horror,,,50.0
Betty's Revenge,Horror,3.4,119.0,74.0
Beware the creepypasta curse,Horror,,,
Beyond Mamushi,Horror,7.7,72.0,50.0
Beyond Sasquatch,Horror,4.4,34.0,
Beyond the Abyss,Horror,,,
Beyond the Nest,Horror,6.1,68.0,93.0
Bhabiji Ghar Par Hain: Fun on the Run,Horror,3.9,3500.0,135.0
Bhanupriya Bhooter Hotel,Horror,5.9,862.0,129.0
Bhediya 2,Horror,,,
Bhootam Bhayyam,Horror,5.0,6900.0,163.0
Bhooteshwar,Horror,,,
Bhooth Bangla,Horror,5.0,24000.0,163.0
Bhuchal-Bhandar,Horror,,,
Bhuter Prem,Horror,,,107.0
Big Break,Horror,8.1,15.0,
Big Buck Massacre,Horror,,,80.0
Black Box,Horror,5.1,3300.0,85.0
Black Chariot,Horror,,,113.0
Black Zombie,Horror,7.1,45.0,90.0
Blackbird,Horror,,,
Bleederville,Horror,,,89.0
Blood & Rust,Horror,5.7,64.0,
Blood Covenant,Horror,4.6,20.0,90.0
Blood Moon Rite 8,Horror,7.6,61.0,130.0
Blood River,Horror,,,11.0
Blood Secret,Horror,,,81.0
Blood Thirsty,Horror,4.3,7.0,70.0
Blood Totem,Horror,2.3,28.0,
Blood Witch,Horror,3.7,159.0,80.0
Bloody Stuffing,Horror,,,66.0
Bloody Summer Camp 2: Red Horizon,Horror,7.1,13.0,107.0
Bloody Tennis,Horror,6.1,21.0,90.0
Blue Murder,Horror,5.5,76.0,101.0
Blush Burn Shudder,Horror,,,54.0
Body Count,Horror,,,
Bodyhackers,Horror,5.5,11.0,83.0
Bone Keeper,Horror,4.8,3400.0,90.0
Boys Never Compromise,Horror,9.1,611.0,127.0
Breeder,Horror,7.0,54.0,97.0
Bride Beyond,Horror,,,86.0
Bride of Frankenstein,Horror,3.3,40.0,88.0
Broken,Horror,6.6,34.0,114.0
Broken Harmony,Horror,5.8,7.0,121.0
Buddy,Horror,7.2,732.0,95.0
Bury the Devil,Horror,4.3,411.0,86.0
Báthory,Horror,,,60.0
C,Horror,,,69.0
Cabaret Absinthe,Horror,6.0,5.0,71.0
Cahim 2,Horror,5.3,149.0,84.0
Calle Solana,Horror,,,50.0
Camp Night,Horror,,,85.0
Cancelled,Horror,,,
Captive,Horror,,,92.0
Capture,Horror,5.0,759.0,85.0
Captured!,Horror,6.1,8.0,74.0
Carnival Tales,Horror,4.1,13.0,99.0
CarousHELL 4,Horror,4.9,36.0,66.0
Cassette 2,Horror,,,51.0
Cat Cam,Horror,6.1,13.0,
Cek Khodam,Horror,5.4,16.0,110.0
Cerita Lila,Horror,8.2,35.0,106.0
Children of Beltane,Horror,,,112.0
Chirudo,Horror,6.6,102.0,88.0
Christmas at Aunt Betty's,Horror,,,84.0
Chronicles of Depression,Horror,,,116.0
Chum,Horror,2.9,1500.0,87.0
Ciller Corn,Horror,,,
Cinhar,Horror,4.3,10.0,
Cinnamon,Horror,,,95.0
Cinzar,Horror,2.5,16.0,80.0
Class Clown,Horror,4.3,22.0,96.0
ClayFighter,Horror,,,98.0
Cleaver 3: Maximum Cleavage,Horror,4.1,45.0,85.0
Clown Nightmare 2,Horror,,,
Clownsquatch,Horror,,,
Cold Storage,Horror,6.0,28000.0,99.0
Colony,Horror,6.5,12000.0,122.0
Compliance,Horror,,,105.0
Confessions of a Shaman,Horror,6.2,29.0,126.0
Control Your Fear,Horror,,,
Corbin,Horror,,,
Corporate Retreat,Horror,3.7,796.0,90.0
Corpse Syndrome,Horror,,,75.0
Corpus,Horror,7.2,17.0,102.0
Cracula,Horror,8.4,5.0,97.0
Crazed Intent,Horror,8.8,56.0,75.0
Creature of the Pines,Horror,7.7,7.0,
Crippled,Horror,8.9,10.0,
Cruel Hands,Horror,4.2,225.0,76.0
Curse of Crom 2: Crom's Fury,Horror,7.5,17.0,102.0
Cursed Hearse,Horror,2.4,74.0,96.0
DOC_05,Horror,5.0,54.0,70.0
Daemonium,Horror,6.9,21.0,82.0
Dahlias Video Diary,Horror,,,54.0
Dakhul,Horror,,,
Dance of the Damned,Horror,7.0,96.0,101.0
Danger Devil,Horror,,,127.0
Danur: The Last Chapter,Horror,4.7,236.0,98.0
Dare Kasan to Asobo,Horror,4.4,7.0,
Dark,Horror,6.2,1300.0,110.0
Dark Distortion,Horror,4.7,50.0,94.0
Dark Giant,Horror,5.8,790.0,136.0
Dark Night,Horror,4.7,1700.0,118.0
Dark Places,Horror,5.3,28.0,
Darsha,Horror,,,138.0
Day 11,Horror,6.5,191.0,116.0
Days of Fire,Horror,,,90.0
Dead Bloom,Horror,5.2,72.0,79.0
Dead Eyes,Horror,6.9,46.0,81.0
Dead Eyes Behind the Painted Smile,Horror,,,75.0
Dead Mail,Horror,,,
Deadlocked: Dad of the Dead,Horror,5.8,21.0,
Deadly Killer,Horror,2.4,335.0,148.0
Death Border,Horror,,,80.0
Death Came Knocking,Horror,,,
Death House,Horror,,,
Death Marriage,Horror,7.9,8.0,
Death Mask,Horror,,,80.0
Death around the corner,Horror,,,
Deathkeeper,Horror,6.9,22.0,95.0
Deathwoods,Horror,8.5,46.0,83.0
Deep Water,Horror,5.4,11000.0,106.0
Delivery Man,Horror,,,95.0
Demon Squad: Tooth and Claw,Horror,3.5,157.0,97.0
Demonetize,Horror,7.6,20.0,90.0
Depths of Fear,Horror,8.6,85.0,75.0
Descend Beyond,Horror,,,113.0
Desert Fiends 2,Horror,7.9,19.0,
Destroy All Horror Hosts?!,Horror,,,119.0
Diary of a Serial Killer,Horror,4.1,18.0,80.0
Die Die Delta Pi II: The Burnt One,Horror,5.1,80.0,67.0
"Ding, Dong, Die!",Horror,,,108.0
Dinogeist,Horror,5.6,40.0,87.0
Dinosaur Hunt,Horror,2.7,90.0,88.0
Disappointment Girls,Horror,,,
Disgusting Man,Horror,7.0,11.0,96.0
Dishti Bomma,Horror,,,129.0
Distort 2: The Dead Among the Trees,Horror,5.3,28.0,88.0
Disturbed,Horror,6.1,39.0,
Do Not Disturb,Horror,,,135.0
Do Not Enter,Horror,4.3,5000.0,91.0
Do Not Look,Horror,6.8,12.0,98.0
Doct. Julu,Horror,,,45.0
Doctor Deathface,Horror,,,100.0
Doctor Plague,Horror,2.6,169.0,83.0
"Dom, v kotorom lyudi ne zhivut",Horror,4.3,7.0,78.0
Don't Look in the Dark,Horror,7.0,6.0,71.0
Don't Sleep Alone,Horror,9.1,19.0,90.0
Donovon Pike II: A Second Slice,Horror,,,
Double Side,Horror,,,
Doxby's Analog Horror Archive,Horror,,,
Dracula Eternal,Horror,5.9,94.0,85.0
Dracula in Space,Horror,3.1,106.0,81.0
Drag,Horror,7.6,50.0,86.0
Drax,Horror,,,97.0
Dread,Horror,5.5,357.0,67.0
Dreck,Horror,,,106.0
Driller Killer 2,Horror,,,
Drunken Woman,Horror,7.5,505.0,
Dual,Horror,,,
Dummy,Horror,2.6,111.0,78.0
E,Horror,,,89.0
Earth to Colby,Horror,,,
Echo,Horror,,,111.0
Echo Point,Horror,,,62.0
Ed,Horror,,,
El Convento,Horror,5.0,37.0,100.0
El rastro del lobo,Horror,,,
Electric Meat,Horror,,,95.0
Ella solo come carne,Horror,4.3,46.0,72.0
Elurra,Horror,,,64.0
Envelop,Horror,2.2,213.0,82.0
Epic Redd Recordz 2,Horror,9.0,17.0,
Episode 12,Horror,4.1,16.0,95.0
Eric,Horror,7.5,522.0,132.0
Erica,Horror,6.0,9.0,85.0
Es frisst,Horror,,,
Escape Inútil,Horror,,,72.0
Escape from Cannibal Zero,Horror,,,64.0
Eski Ev,Horror,,,
Etheric Realms of the Night (The Complete Album Film),Horror,,,51.0
Evil Dead Burn,Horror,6.3,41000.0,110.0
Evil Dress,Horror,5.4,108.0,75.0
Evil Eye,Horror,4.3,8.0,110.0
Evil Follows,Horror,4.2,82.0,
Evil Spirit of Multiple Deaths,Horror,,,
Evil's Return,Horror,6.3,56.0,83.0
Exhibition of Evil,Horror,4.8,107.0,
Faces of Death,Horror,5.8,10000.0,97.0
Family Movie,Horror,7.1,71.0,81.0
Farm House,Horror,3.5,65.0,61.0
Feed,Horror,3.6,228.0,82.0
Fey,Horror,5.4,5.0,100.0
Fifteen,Horror,7.0,51.0,97.0
Finders Keepers,Horror,,,
Finding A World That Shouldnt Exist,Horror,,,45.0
First Night with Devva,Horror,,,130.0
Five Friends 2: Mount Klawih,Horror,7.0,102.0,122.0
"Florida, Man",Horror,,,
Flytrapper,Horror,6.5,16.0,74.0
Forbidden Fruits,Horror,5.2,6800.0,103.0
Fourth Floor,Horror,3.7,1000.0,134.0
Francesca: Director's Cut,Horror,,,
Frankenstein's Bride,Horror,2.2,197.0,86.0
Friday the 69th,Horror,7.9,35.0,93.0
Férias em Pânico (A aventura começa aqui),Horror,,,61.0
Gale: Yellow Brick Road,Horror,3.7,209.0,104.0
Game Over,Horror,,,
Game001,Horror,3.6,6.0,68.0
Game002,Horror,,,66.0
Game003,Horror,,,69.0
Game004,Horror,,,68.0
Game005,Horror,,,89.0
Gaskins: The Hitchhiker Killer,Horror,,,
Gator Face,Horror,8.6,132.0,80.0
Geeus Red Code,Horror,8.8,12.0,130.0
Geeus Red Code 2,Horror,,,45.0
Geeus Red Summer,Horror,,2026.0,46.0
Gekijoban Mononoke Dai-San-Sho: Hebigami,Horror,7.1,27.0,
Gerald Baxter's Nightmares,Horror,,,92.0
GetAway,Horror,,,87.0
Ghabadkund,Horror,7.2,1100.0,132.0
Ghost Board,Horror,5.1,204.0,125.0
Ghost Country,Horror,3.5,22.0,
Ghost Diaries,Horror,7.7,19.0,72.0
Ghost in the Cell,Horror,6.9,2100.0,106.0
Ghostfluencer,Horror,5.4,9.0,105.0
Give Me Back My Body!,Horror,4.4,39.0,81.0
Give Me Something Good,Horror,8.2,10.0,40.0
Go to Sleep,Horror,4.2,152.0,84.0
Goblin II,Horror,6.9,80.0,83.0
God of Frogs,Horror,3.9,90.0,101.0
Godhead,Horror,7.6,26.0,
Godzilla 'NES' Creepypasta,Horror,,,
Goetic,Horror,,,110.0
Goggayya,Horror,,,138.0
Golpo Ekhon O Baki,Horror,,,
Goody Goody,Horror,7.2,5.0,80.0
Gore,Horror,,,48.0
Gorünmezler: Cin Carpmasi,Horror,,,
Grace of God,Horror,5.4,12.0,
Gracie,Horror,,,
Granny,Horror,5.1,308.0,124.0
Grin,Horror,,,81.0
Grind,Horror,7.8,74.0,104.0
Gringa Bitch,Horror,,,71.0
Grizzly Attack,Horror,3.9,40.0,71.0
Gu dao ju mang,Horror,,,67.0
Gudang Merica,Horror,5.3,15.0,98.0
Guest House,Horror,,,105.0
Hag,Horror,,,
Half Dead Bride,Horror,,,
Hallowarrior,Horror,8.2,6.0,
Halloween Curse ASMR,Horror,,,77.0
Hand of Satan,Horror,6.9,31.0,74.0
Harbinger,Horror,6.6,21.0,83.0
Hased: Cin Carpmasi,Horror,,,70.0
Haternet,Horror,,,79.0
Haunted Ghosts of the Past,Horror,5.1,4000.0,140.0
Haunted House,Horror,,,64.0
Haunted Universities 4,Horror,6.3,35.0,128.0
He Always Starts with the Right Hand,Horror,,,
Hell Hath No Fury,Horror,4.0,128.0,99.0
Hell Trotter,Horror,5.0,33.0,103.0
Hell Yes,Horror,,,
Hell of the Blind Dead,Horror,,,70.0
Hellmare,Horror,8.9,14.0,80.0
Her Private Hell,Horror,4.5,2900.0,110.0
Heritage,Horror,6.5,7.0,70.0
Higuma!! The Killer Bear,Horror,4.9,29.0,100.0
Hive,Horror,4.7,1000.0,91.0
Hokum,Horror,6.7,59000.0,107.0
Holy Father,Horror,,,
Home Sweet Home,Horror,5.3,8.0,
Honey,Horror,3.6,2400.0,120.0
Hope,Horror,6.9,1200.0,160.0
Horror and Love,Horror,,,75.0
Horrorcane,Horror,4.7,18.0,76.0
Horse Mask,Horror,,,117.0
House Sitter,Horror,3.2,117.0,87.0
House of Ka,Horror,5.0,73.0,
House on Haunted Hill,Horror,3.1,26.0,
Housemaid,Horror,4.3,378.0,89.0
Huanyíng lái dào duo lì zhi jia,Horror,,,85.0
Human Hibachi 3: The Last Supper,Horror,4.5,185.0,
Hungry,Horror,5.0,3400.0,93.0
Hunting Party,Horror,6.8,73.0,92.0
Hyoketsu,Horror,5.6,9.0,98.0
Hélios 44,Horror,,,
Hüddam 6: Cinnet,Horror,3.5,44.0,
I Am the Bride (La Novia),Horror,,,
I Hate Found Footage,Horror,4.8,119.0,61.0
I Know Exactly How You Die,Horror,3.5,249.0,88.0
I Live here to,Horror,,,
I Love Paris,Horror,8.4,6.0,
Ice Beast,Horror,5.4,558.0,50.0
Ice Cream Man,Horror,3.8,4100.0,86.0
Il Regalo - The Gift,Horror,,,85.0
Imposters,Horror,6.9,299.0,102.0
In My Blood,Horror,,,20.0
Inborn,Horror,,,
Incubation,Horror,6.2,7.0,
Indian Institute of Zombies,Horror,5.2,1100.0,137.0
Infirmary,Horror,6.7,30.0,87.0
Inside That House,Horror,,,
Insidious Possession,Horror,6.5,11.0,
Insidious Tales,Horror,4.2,207.0,65.0
Insidious: Out of the Further,Horror,6.2,8000.0,106.0
Invoking Scream,Horror,,,90.0
Iron Lung,Horror,5.8,32000.0,125.0
It Feeds,Horror,7.3,8.0,75.0
It Hunts,Horror,6.5,59.0,98.0
It Wants Blood 2,Horror,3.5,17.0,
It Wants Nightmares,Horror,9.0,7.0,
Its Presence Between Us,Horror,8.1,10.0,90.0
Ivan,Horror,,,
Jason Voorhees Nightmares,Horror,7.4,20.0,137.0
Jastimari,Horror,7.4,25.0,90.0
Jitters,Horror,4.4,150.0,93.0
Jodi,Horror,,,88.0
Joel D. Wynkoop's Beast Mode,Horror,8.9,11.0,80.0
Judge Michael: Rise of the Law,Horror,8.1,119.0,65.0
Juminten Edan,Horror,,,108.0
Junction Row,Horror,5.8,8.0,
Juvenile Inspector,Horror,,,
Kafir: The Spirit Gate,Horror,5.8,201.0,108.0
Kanimangalam Kovilakam,Horror,5.2,718.0,122.0
Kanwilan athan pi-sat maeo dam,Horror,,,82.0
Karabasan,Horror,,,90.0
Karakkam,Horror,4.1,2400.0,110.0
Karen the Beauty Queen Butcher,Horror,3.0,54.0,102.0
Kassandra,Horror,,,
Kat Crime: Tales of the Occult,Horror,6.9,479.0,88.0
Khadam,Horror,7.8,70.0,118.0
Kible: Bitlisli Belkis,Horror,3.4,114.0,84.0
Kijsada Paradise,Horror,6.0,31.0,113.0
Kill Trip,Horror,2.8,244.0,
Killeidoscope,Horror,,,126.0
Killer Whale,Horror,3.7,5700.0,89.0
King Kaew,Horror,4.1,124.0,101.0
King of the Vampires,Horror,,,70.0
Klaus - The Devil's Primate,Horror,,,69.0
Korean Kanakaraju,Horror,7.7,2400.0,150.0
Kraken,Horror,5.0,5900.0,100.0
Krampus in Space,Horror,4.3,33.0,75.0
Kucing Hitam,Horror,,,
Kybele'nin Laneti: Istila,Horror,,,72.0
La Mancha,Horror,,,74.0
La Noche Que Nunca Termina,Horror,6.0,5.0,85.0
La Presencia del Vacío,Horror,,,98.0
La Sangre de la Bruja: el secreto que nadie se atrevió a contar,Horror,,,
La Santa Muerte La Verdad Oculta,Horror,,,68.0
La eterna noche de Jana Goldman,Horror,,,
La isla de las Muñecas,Horror,8.0,11.0,
La silla,Horror,6.0,48.0,76.0
Laddaland Housing Estate,Horror,6.5,17.0,99.0
Lady Parts,Horror,7.5,16.0,65.0
Lakesville,Horror,,,
Lastri 'Arwah Kembang Desa',Horror,,,104.0
Lau Chu Hoa,Horror,7.6,40.0,94.0
Leave,Horror,3.4,49.0,
Lee Cronin's The Mummy,Horror,6.1,69000.0,134.0
Legado,Horror,,,
Lenore,Horror,5.7,22.0,88.0
Les Saturnides,Horror,,,70.0
Les Écorchés - Partie 3,Horror,,,113.0
Levitating,Horror,7.8,261.0,119.0
Leviticus,Horror,6.4,15000.0,88.0
Life at Sandy's,Horror,8.3,10.0,75.0
Lockbox,Horror,4.8,789.0,105.0
Lords of the Darkness,Horror,,,99.0
Los Días Libres,Horror,6.2,12.0,84.0
Los Vampires,Horror,,,
Love Bites,Horror,,,60.0
Lovely A. I. - L.A.I.,Horror,,,95.0
Lure,Horror,3.4,283.0,93.0
MG 24,Horror,,,
Ma Xo,Horror,7.2,49.0,102.0
Machina's little murder,Horror,7.2,6.0,69.0
Mag-iina,Horror,,,105.0
Magic 3: The Final Ritual,Horror,3.9,26.0,89.0
Maharaja Hostel,Horror,7.3,1100.0,129.0
Maiin Haan,Horror,4.1,24.0,80.0
Malam 3 Yasinan,Horror,6.1,10.0,102.0
Mamochka,Horror,6.5,59.0,96.0
Man-O-Wolf: The Axe Wielding Werewolf from Hell,Horror,,,
Mantra Muugdha,Horror,7.8,317.0,180.0
Mapas,Horror,,,115.0
Mapeta - The Mystery,Horror,,,90.0
Marine Spirit,Horror,8.1,15.0,
Marriage Bites,Horror,3.7,150.0,109.0
Marrow,Horror,8.4,52.0,
Martin vuelve,Horror,,,
Maya - Tamil,Horror,,,137.0
Meat Cleaver Campout Massacre,Horror,,,
Meat Cleaver Campout Massacre Part 2 Nightmares,Horror,,,77.0
Meet the Sickos,Horror,,,80.0
Midnight Incense,Horror,,,
Midnightmare 4,Horror,,,65.0
Mikael: Pemburu Dua Alam,Horror,5.2,132.0,120.0
Mildred Moyer: Diary of a (Loveable) Psychopath: True Crime,Horror,,,
Mini Lights Mini Lights,Horror,,,78.0
Minnie's Midnight Massacre,Horror,3.8,259.0,79.0
Mismantler,Horror,,,79.0
Mister Sandman,Horror,,,97.0
Models vs. Werewolves,Horror,6.3,46.0,
Monitor,Horror,6.2,45.0,88.0
Monster History 101,Horror,,,77.0
Moodswing Whiskey,Horror,7.7,12.0,72.0
Motherwitch,Horror,6.9,59.0,104.0
Mr. Reset and the Society of Turnbuckle & Bone,Horror,7.6,29.0,63.0
Muffled,Horror,,,
"Mum, I'm Alien Pregnant",Horror,6.9,175.0,95.0
Murder Boy,Horror,,,72.0
Mutant Yeti,Horror,,,
Mutter: The Diary of a Mother,Horror,,,99.0
My Neighbor Is a Witch,Horror,4.7,104.0,94.0
My Sister's Bones,Horror,4.5,427.0,81.0
Mystery of the Manor,Horror,,,
Myths & Mutants 2: Slaughter Grindhouse Edition,Horror,,,93.0
Más caliente que el infierno,Horror,5.7,34.0,77.0
NFT: Cursed Images,Horror,3.4,195.0,73.0
Namaslay,Horror,7.8,63.0,112.0
Nameless,Horror,3.8,31.0,66.0
Nar'sata: Sekutu Setan,Horror,5.7,20.0,135.0
Necropolis,Horror,3.9,105.0,127.0
Neighbor,Horror,6.3,31.0,
Nervous,Horror,6.3,7.0,100.0
Never After Dark,Horror,6.5,153.0,105.0
New Dead Friends,Horror,,,65.0
New Jersey Devil,Horror,5.1,647.0,132.0
Nghi He So Nghi Huu,Horror,7.0,15.0,117.0
Nha_Trang_2004.avi,Horror,,,62.0
Nico,Horror,,,70.0
Nicole Russin-McFarland's the Masque of the Red Death,Horror,,,50.0
Night After Night,Horror,,,88.0
Night People,Horror,,,114.0
Night Terrors: Blood Date on Trade Street,Horror,,,90.0
Night of Blood,Horror,2.7,112.0,
Night of the Vamp-Friars,Horror,7.0,5.0,78.0
NightBound 2 Eternal Darkness,Horror,,,45.0
Nightborn,Horror,5.6,2300.0,92.0
Nightmare Transmission,Horror,,,80.0
Nightmares Unleashed 2: Joseph's Revenge,Horror,,,
No Rest for the Wicked,Horror,8.1,33.0,103.0
Northeast Mysteries 2,Horror,,,61.0
"Nos veremos esta noche, mi amor",Horror,7.8,28.0,79.0
Not,Horror,,,
Not There,Horror,,,
Nuptials,Horror,4.2,12.0,88.0
Obscuria,Horror,,,
Obsession,Horror,,,35.0
Ocelli,Horror,,,80.0
Oddities,Horror,7.5,29.0,91.0
Of Womb,Horror,,,90.0
Oldburgh,Horror,4.4,33.0,111.0
Onsen Shark 2: Kyushu Daikessen,Horror,,,88.0
Operation Wandering Soul,Horror,,,92.0
Orgy of the Dead 2,Horror,7.2,15.0,64.0
Ouija Hell House,Horror,6.0,100.0,
Our Effed Up World,Horror,5.4,23.0,67.0
OwlPellet,Horror,,,47.0
Paket Santet,Horror,,,98.0
Panor 2,Horror,6.1,149.0,125.0
Paraly'Myth,Horror,,,
Paranormal Adventures 5: The Black Eyed Children,Horror,,,61.0
Paranormal Investigations,Horror,,,76.0
Paree - Chapter 2,Horror,,,
Paree: Chapter 1,Horror,7.6,8.0,136.0
Passenger,Horror,5.5,19000.0,97.0
Pay to Die,Horror,,,
Peak Form,Horror,,,
Pee Nak 5,Horror,5.4,64.0,120.0
Pemikat Jiwa,Horror,,,82.0
Pemuja,Horror,6.4,43.0,92.0
Penunggu Rumah: Buto Ijo,Horror,7.2,18.0,78.0
People Places Things,Horror,,,81.0
Perfect Soul,Horror,6.2,53.0,125.0
Pergunte ao Huggy Wuggy 2,Horror,,,
Peril on the Canvas,Horror,,,52.0
Petaka Gunung Welirang,Horror,8.0,49.0,105.0
Pewaris Susuk,Horror,5.8,17.0,94.0
Phi Phong: The Blood Demon,Horror,5.8,122.0,120.0
Pinocchio: Unstrung,Horror,5.6,2300.0,82.0
Pirates of the 7 Seas,Horror,,,
Plaguepits,Horror,,,80.0
Polaroid black,Horror,,,
Polong,Horror,6.7,189.0,120.0
Ponderosa,Horror,5.6,13.0,90.0
Ponnapurathu Yakshi,Horror,2.0,7.0,
Poon,Horror,,,
Popeye's Return,Horror,3.4,127.0,70.0
Popeye: Requiem,Horror,3.9,67.0,71.0
Popeye: Resurrection,Horror,3.4,35.0,75.0
Portal to the Dead,Horror,,,80.0
Possessed,Horror,6.2,24.0,96.0
Poultrygeist 2: Dawn of the Chicken Dead,Horror,,,
Prakambanam,Horror,5.7,2500.0,150.0
Prank Night,Horror,4.7,140.0,95.0
Pretty,Horror,6.7,1500.0,123.0
Pretty Lethal,Horror,5.8,16000.0,88.0
Prey,Horror,,,
Primal Darkness,Horror,5.3,621.0,75.0
Privadas de Suas Vidas,Horror,5.4,75.0,111.0
Project Sacrifice,Horror,5.4,129.0,106.0
Psycho Killer,Horror,4.7,6500.0,91.0
Psychopath: The White Rabbit Killer,Horror,5.2,215.0,99.0
Puzzled Literature,Horror,,,74.0
Quy Bat Hon,Horror,,,103.0
Raakaasa,Horror,6.7,4000.0,130.0
Rabisu,Horror,3.1,164.0,78.0
Rahasyamaya Tanpura,Horror,,,57.0
Rao Bahadur,Horror,8.0,4400.0,145.0
Raptor Attack,Horror,3.2,109.0,95.0
Ratface,Horror,,,
Rats 2,Horror,,,
Ravam: Sound of Soul,Horror,,,
Ready or Not 2: Here I Come,Horror,6.5,72000.0,108.0
Reaper Road,Horror,,,
Recluse,Horror,7.8,25.0,106.0
Recorded 2,Horror,5.5,43.0,
Red Days 2: Cecilia,Horror,6.4,14.0,110.0
Red Dead Halloween,Horror,,,
Red Goes to Hell: The Final Herring,Horror,,,97.0
Red Hill Road,Horror,,,
Red Rabbit Lodge,Horror,3.1,166.0,86.0
Red Riding,Horror,4.3,378.0,86.0
Relevant Evil,Horror,,,
Remanente: Voltagem,Horror,7.1,7.0,80.0
Resurrection: A Biohazard Story,Horror,7.5,98.0,74.0
Return to Silent Hill,Horror,4.0,25000.0,106.0
Ridin the Clown: Chapter 3,Horror,,,69.0
Rinrada,Horror,5.4,14.0,108.0
Rise of the Succubus (Part 1),Horror,,,
Rise of the Succubus (Part 2),Horror,,,
Risu-ukko,Horror,,,61.0
Road Kill,Horror,1.7,20.0,70.0
Robot Dracula,Horror,,,
Rock Springs,Horror,5.9,95.0,96.0
Rom Coms Must Die,Horror,8.1,8.0,
Roma elastica,Horror,5.6,47.0,107.0
Rosario,Horror,5.9,14.0,94.0
Rosie: The Saffron Chapter,Horror,7.7,38.0,120.0
Rotkäppchen - A dark Fairy Tale,Horror,,,77.0
Rowe's Realm of Horror,Horror,,,70.0
Rubber Nose Massacre,Horror,7.8,14.0,79.0
Ríos de Sangre,Horror,,,
S86,Horror,7.4,12.0,69.0
Saccharine,Horror,5.9,4400.0,113.0
Salmokji: Whispering Water,Horror,5.6,1400.0,95.0
Saming,Horror,,,78.0
Samsara,Horror,,,77.0
Sanctus House,Horror,3.0,78.0,
Sanguine,Horror,6.0,109.0,103.0
Sarah Is Missing,Horror,,,80.0
Sasquatch Within,Horror,7.2,46.0,
Satan's Cellar,Horror,8.7,8.0,75.0
Satan's Peak,Horror,7.9,9.0,
Savor,Horror,,,
Sawtooth Mountain,Horror,5.4,72.0,84.0
Say Cheese,Horror,5.4,43.0,69.0
Say Cheese 2,Horror,,,
Scaremail,Horror,,,98.0
Scary Movie 6,Horror,4.8,52000.0,100.0
Scary Story Slumber Party Volume 2,Horror,,,
Scorch Marks,Horror,,,90.0
Scream 7,Horror,5.5,65000.0,114.0
Scream Lives,Horror,,,60.0
Scream it,Horror,,,
Seat Edge,Horror,7.6,581.0,128.0
Secret of Kalinga,Horror,5.1,6100.0,120.0
Send Help,Horror,6.7,151000.0,113.0
Sengkolo: The Catastrophe of One Suro,Horror,6.2,18.0,104.0
Session,Horror,,,47.0
Setannya Cuan,Horror,8.1,9.0,106.0
Sewing A Nightmare,Horror,,,53.0
Seyatin-i Cin,Horror,2.5,12.0,75.0
Shadow Death,Horror,3.0,42.0,50.0
Shadow Reaper,Horror,8.9,15.0,78.0
Shank,Horror,,,105.0
Shark Thrash,Horror,5.6,228.0,84.0
Sharks vs. Mermaids,Horror,2.2,69.0,82.0
Shattered Dreams,Horror,,,
Sheep's Clothing,Horror,,,
Shimakaze in the Backrooms 2,Horror,,,
Shocktopus,Horror,3.7,98.0,71.0
Showdown in Secret City,Horror,7.4,296.0,95.0
Si wang zhi wo: Gui qian shou,Horror,7.6,22.0,112.0
Siccin 9,Horror,4.3,319.0,91.0
Sick & Twisted Tales,Horror,,,
Side Effects May Include...,Horror,,,88.0
Sihir Tanah Kubur,Horror,4.7,13.0,86.0
Sinner Supper Club,Horror,,,70.0
Skate to Hell,Horror,3.2,395.0,100.0
Skunk Ape,Horror,9.0,10.0,
Slash III,Horror,8.0,10.0,113.0
Slasher summer,Horror,,,
Slasher: The Missing File,Horror,7.7,13.0,104.0
Slaughter Night,Horror,7.4,66.0,71.0
Slay,Horror,,,89.0
Sleep No More,Horror,5.7,116.0,96.0
Sleepwalker,Horror,3.8,652.0,89.0
Smile in the dark,Horror,,,
Snake Manor,Horror,4.2,51.0,
Snakes 5,Horror,6.5,67.0,108.0
Snapshot,Horror,6.9,14.0,85.0
Songko,Horror,,,108.0
Soulm8te,Horror,5.8,6100.0,99.0
Souls Chapel,Horror,4.9,84.0,
Southern Scares,Horror,3.7,181.0,73.0
Space Mutation,Horror,2.8,13.0,90.0
Speed Demon,Horror,3.4,545.0,92.0
Spider Island,Horror,7.1,16.0,95.0
Spiralbound,Horror,,,76.0
Spirit Board: Doorway to Death,Horror,,,65.0
Spirit com,Horror,,,60.0
Spiritbox,Horror,,,45.0
Spoiling You,Horror,,,107.0
Sprunki: The Movie,Horror,7.7,77.0,98.0
Squatch,Horror,3.0,34.0,
Stabby Chic,Horror,2.1,48.0,71.0
Start Young,Horror,,,
Still on Strings,Horror,,,
Strange Spirits,Horror,,,61.0
Strawstalker,Horror,4.9,266.0,
Suffocation,Horror,6.2,6.0,
Summerween,Horror,2.7,174.0,86.0
Sundown,Horror,,,79.0
Sunset Strip Killers,Horror,3.9,169.0,88.0
Superbuhei,Horror,,,105.0
Suppress Us,Horror,,,65.0
Suvarna,Horror,8.1,1000.0,103.0
Suzzanna: Witchcraft,Horror,5.3,249.0,135.0
Sweet Brother,Horror,,,
Säärane mulk,Horror,,,90.0
Tahle párty je DEAD,Horror,,,100.0
Tales from the Shiny DIner,Horror,2.8,26.0,
Tales of the Forgotten: Act 2,Horror,,,144.0
Talking to a Stranger,Horror,7.0,26.0,
Tape Me,Horror,4.6,24.0,122.0
Tarot: Yeniden Dogus,Horror,4.9,8.0,75.0
Tavvai,Horror,7.6,2400.0,135.0
Ted Bunny,Horror,4.0,106.0,91.0
Teddy,Horror,,,66.0
Teenage Sex and Death at Camp Miasma,Horror,7.2,6600.0,112.0
Tekenchu: The Rite of the Nahuales,Horror,5.0,156.0,
Tell Me Some Creepier Stories,Horror,5.7,9.0,
Terrifier 4 (Roblox film),Horror,,,
Terror Australis,Horror,,,
Terror Tales,Horror,8.8,17.0,80.0
Terror of X Director's Cut,Horror,7.5,11.0,100.0
Thalassophobia,Horror,,,
Tham My Vien Am Phu,Horror,,,97.0
The 2nd Fourth Wall,Horror,,,
The 2nd Fourth Wall II,Horror,,,
The Actor's Curse: A Tale of Twisted Fate,Horror,4.7,103.0,86.0
The Amazing Digital Circus: The Last Act,Horror,7.5,6200.0,95.0
The American Veteran Sleep Experiment: Test 2,Horror,,,120.0
The Awakening,Horror,6.3,11.0,96.0
The Backrooms Chaser,Horror,,,79.0
The Barn Part III,Horror,,,95.0
The Bay,Horror,3.8,1200.0,87.0
The Beast of Riverside Hollow,Horror,7.2,15.0,107.0
The Beast of Whisper ridge,Horror,,,67.0
The Bell: A Call to Die,Horror,6.9,12.0,91.0
The Bigfoot Experiment,Horror,3.9,27.0,83.0
The Black Bible,Horror,5.5,105.0,144.0
The Black-Eyed Children 2,Horror,,,72.0
The Blood Countess,Horror,5.7,112.0,118.0
The Bosk,Horror,2.6,76.0,89.0
The Box in the Attic,Horror,5.2,1900.0,73.0
The Boy from Below,Horror,4.4,476.0,97.0
The Boy with the Light-Blue Eyes,Horror,9.2,141.0,99.0
The Bride!,Horror,5.6,37000.0,126.0
The Burning of Broken Beak,Horror,6.9,18.0,97.0
The Cigarette,Horror,2.8,19.0,83.0
The Class: Online,Horror,,,52.0
The Comet Lodge Files the Unearhed,Horror,,,75.0
The Consequences of Monsters,Horror,,,60.0
The Convenience Store,Horror,5.1,332.0,83.0
The Corpse 2,Horror,4.9,37.0,126.0
The Covenant,Horror,4.1,16.0,89.0
The Crimson Clover 13,Horror,,,57.0
The Cure,Horror,4.7,1100.0,91.0
The Data Centers,Horror,,,45.0
The De4d Echoes,Horror,4.6,18.0,115.0
The Dead Place,Horror,6.8,42.0,
The Deadly Little Mermaid,Horror,2.2,62.0,84.0
The Demonatrix,Horror,7.2,14.0,90.0
The Deprogrammer,Horror,,,89.0
The Devil's Mark,Horror,8.7,15.0,104.0
The Devil's Mouth,Horror,4.7,15000.0,106.0
The Devil's Threshold,Horror,,,51.0
The Djinn's Curse 2,Horror,3.3,13.0,97.0
The Doll People Tapes,Horror,6.7,25.0,74.0
The Dreadful,Horror,3.9,2500.0,94.0
The Drop,Horror,,,
The End of the Punchline,Horror,,,72.0
The Exotic Zoo of Terror,Horror,5.3,17.0,
The Eyes,Horror,5.6,146.0,105.0
The Fairfield County Four,Horror,2.8,301.0,76.0
The Final Episode,Horror,,,
The Final Night,Horror,,,76.0
The Flesh People,Horror,4.1,38.0,105.0
The Following Content,Horror,5.0,8.0,76.0
The Format,Horror,8.8,57.0,
The Four Gates of Death,Horror,3.7,130.0,78.0
The Game 2 Its Happening,Horror,,,
The Genesis Project,Horror,4.2,248.0,116.0
The Ghost Marriage,Horror,,,98.0
The Ghost Who Stayed to Get Married,Horror,6.7,6.0,
The Ghost of Banana Tree,Horror,,,
The Girl Inside the Photograph,Horror,5.4,10.0,108.0
The Glorious Dead,Horror,7.6,8.0,80.0
The Golden Sarcophaga,Horror,3.6,9.0,112.0
The Goodman's Croft,Horror,,,70.0
The Great Crimson: The Movie,Horror,,,
The Green Monster,Horror,4.1,15.0,87.0
The Grimm Backward,Horror,,,72.0
The Guard Room,Horror,6.4,21.0,94.0
The Guy Who Didn't Like Musicals: Reprised!,Horror,8.1,46.0,
The Hanged Woman,Horror,3.9,236.0,91.0
The Hatred Spirit,Horror,,,
The Haunting of Pennhurst,Horror,,,81.0
The Hellgate,Horror,5.3,43.0,
"The Hole, 309 Days to the Bloodiest Tragedy",Horror,6.1,16.0,113.0
The Hoodoos,Horror,5.0,108.0,
The House That Zombies Built,Horror,,,
The House on Haunted Grounds,Horror,3.6,380.0,69.0
The House on Lidderman Street,Horror,,,80.0
The Hunt,Horror,7.1,23.0,
The Ice,Horror,,,
The Interrogation Room,Horror,,,
The Killer Balloon: 'Til Death Do Us Part,Horror,,,97.0
The Killers Arès,Horror,,,
The Laksman,Horror,4.6,98.0,67.0
The Last Admission,Horror,,,78.0
The Last Apocalypse,Horror,2.7,92.0,78.0
The Last Footage,Horror,5.5,14.0,88.0
The Last Generation,Horror,,,55.0
The Last House,Horror,5.5,50000.0,112.0
The Last Ritual: Road to Hell,Horror,6.2,6.0,100.0
The Last Temptation of Becky,Horror,7.8,27.0,89.0
The Latcher,Horror,7.7,7.0,80.0
The Leaching,Horror,7.7,20.0,
The Living Corpse,Horror,,,
The Mage,Horror,,,97.0
The Mask One: Faceless,Horror,,,90.0
The Mid-Night Driver,Horror,6.7,12.0,
The Miracle of Violence,Horror,,,
The Monster Within,Horror,6.2,31.0,81.0
The Mortuary Assistant,Horror,3.7,4200.0,91.0
The Mountain,Horror,,,97.0
The Mummy,Horror,4.4,1200.0,95.0
The Mummy: Reckoning,Horror,4.1,22.0,86.0
The Nameless Ballad,Horror,,,87.0
The New Dawn,Horror,,,69.0
The Night Mother Return Home,Horror,7.5,22.0,90.0
The Others: Doom from the Stars,Horror,5.0,33.0,89.0
The Past,Horror,,,
The Peril at Pincer Point,Horror,7.8,42.0,83.0
The Princess & The Dragon,Horror,7.8,8.0,90.0
The Raid,Horror,2.3,16.0,85.0
The Raja Saab,Horror,3.1,12000.0,190.0
The Raven,Horror,7.4,2500.0,97.0
The Rope Curse 4,Horror,,,115.0
The Second Child,Horror,5.6,8.0,104.0
The Seven Tales of Poe,Horror,,,59.0
The Shadow in My Sleep,Horror,,,45.0
The Shadows,Horror,4.7,17.0,100.0
The Shining Play,Horror,,,65.0
The Shrine,Horror,4.8,30.0,96.0
The Shug,Horror,,,
The Snow Demon,Horror,2.7,22.0,69.0
The Source Behind the Scenes,Horror,,,52.0
The Stain,Horror,5.4,180.0,96.0
The Strangers: Chapter 3,Horror,4.2,8100.0,91.0
The Tao Exorcist,Horror,4.8,17.0,110.0
The Texas Chain Saw Massacre (Rotoscoped Animated Version),Horror,,,
The Thing in the Coffin,Horror,7.4,7.0,62.0
The Third Shift a Paranormal Horror Story,Horror,3.0,103.0,70.0
The Town That Takes,Horror,5.6,27.0,93.0
The Trek,Horror,6.7,29.0,104.0
The Trepidation: Deadest Night,Horror,1.9,32.0,111.0
The Truth About Freddy's 3,Horror,,,66.0
The Undertaker 2: Afterlife,Horror,7.0,117.0,127.0
The Vampire Project,Horror,5.8,22.0,98.0
The Vanishing Tour,Horror,8.5,17.0,91.0
The Veil of Night,Horror,,,
The Virus Veins Grindhouse Mixtape,Horror,,,46.0
The Voices of Our Mother,Horror,4.5,325.0,93.0
The Waiting Man,Horror,,,98.0
The Wandering Creature (and Other Tales),Horror,,,
The Warren Museum: A True Case of the Nightmare Society,Horror,7.4,258.0,113.0
The Watchers,Horror,,,124.0
The Weight of Eyes,Horror,6.1,25.0,81.0
The Weirdest Masterpiece Ever,Horror,,,56.0
The Whistler,Horror,4.2,715.0,96.0
The Whitby Goth Weekend Horror,Horror,8.1,9.0,
The Withering,Horror,8.9,11.0,123.0
The Wolf Will Tear Your Immaculate Hands,Horror,,,
The Wolf and the Lamb,Horror,3.2,394.0,96.0
The Wrath of the Jinn,Horror,,,106.0
The Yeti,Horror,3.6,1500.0,93.0
There Is No Salvation,Horror,,,89.0
They Wait in Shadows,Horror,4.7,49.0,95.0
They Will Kill You,Horror,6.3,50000.0,94.0
Thingy,Horror,5.4,50.0,
This House Is Totally Haunted,Horror,,,73.0
This Isn't the End,Horror,,,82.0
Thrash,Horror,5.0,33000.0,86.0
Three Evil Islands,Horror,4.1,31.0,100.0
Threshold,Horror,9.4,15.0,65.0
Tiba Tiba Setan,Horror,5.3,26.0,113.0
Tiger Attack,Horror,4.6,36.0,70.0
Tiresias,Horror,5.5,33.0,83.0
To Beyond,Horror,,,73.0
Toe Tags,Horror,,,
Together Till the End,Horror,5.5,8.0,84.0
Tolong Saya! Dowajuseyo,Horror,,,92.0
"Tomorrow, You Pretty Ghost",Horror,6.6,25.0,
Tour Diary,Horror,,,80.0
Trah Wingit the Prequel,Horror,,,70.0
Trail of Splatter,Horror,7.9,19.0,87.0
Transcendental,Horror,,,82.0
Transylvania Tapes,Horror,,,
"Trauma or, Monsters All",Horror,7.0,12.0,118.0
Trick and Treats,Horror,3.5,130.0,100.0
Trick or Terror,Horror,,,61.0
Trick or Terror 2,Horror,,,61.0
Tropical Parasite,Horror,,,80.0
Tropical SOV: Bizarro Sci-fi Samba,Horror,,,95.0
Tu Yaa Main,Horror,6.1,7400.0,143.0
Tumbadchi Manjula,Horror,7.2,425.0,152.0
Turn It Up!,Horror,5.3,10.0,91.0
Twisted,Horror,4.5,1600.0,93.0
U.V.F: Underground Video Films,Horror,,,88.0
U/S/B,Horror,5.6,29.0,52.0
USB,Horror,,,59.0
Ugly Cry,Horror,6.6,40.0,94.0
Um Ventre para o Demônio,Horror,,,56.0
Unholy Night,Horror,7.7,17.0,
Unseen,Horror,6.4,127.0,89.0
Until You're Alone,Horror,,,107.0
Untitled Varalaxmi Sarathkumar/Sanjeev Megoti Project,Horror,,,
V/C/R,Horror,5.9,18.0,62.0
V2,Horror,,,71.0
VCR Willie: Tape 2,Horror,5.7,10.0,
VHS Maniacs,Horror,,,300.0
VHS Summer Camp,Horror,3.3,82.0,72.0
VHS Violence: Cursed Tape,Horror,,,65.0
Vampires of the Velvet Lounge,Horror,4.2,428.0,105.0
Velvicide,Horror,5.4,50.0,
Vengeance X,Horror,7.8,14.0,62.0
Vetemedés 2: Vörösfény,Horror,,,105.0
Victorian Psycho,Horror,5.1,275.0,102.0
Video Vixen,Horror,4.4,23.0,62.0
Village of Eight Gravestones,Horror,6.3,6.0,
Violet Kanavu,Horror,,,124.0
Voodoo: The Truth,Horror,,,90.0
Wake Up Call,Horror,8.6,23.0,
Walk If You Can,Horror,,,
Warren County,Horror,5.0,9.0,62.0
Waru,Horror,,,88.0
Warung Pocong,Horror,6.1,26.0,97.0
Watchdog,Horror,3.6,180.0,96.0
Watchful Eyes,Horror,7.1,36.0,67.0
Welcome to G-Town,Horror,6.0,15.0,84.0
Welcome to the Game >ClintsChapter,Horror,,,90.0
Wereshark,Horror,,,78.0
White Eyes,Horror,,,
Whores on Fire,Horror,3.0,117.0,65.0
Wicked of Oz,Horror,4.4,44.0,78.0
Wild Swimmers,Horror,6.0,32.0,78.0
Wilderness Tapes: Volume One,Horror,4.5,151.0,52.0
Wine in the Woods,Horror,,,68.0
Witchcraft Motion Picture Company Presents: Horror Anthology - Volume 2,Horror,,,67.0
Wizard of Death: Tinman's Rise,Horror,3.6,90.0,73.0
Wooden Buddha,Horror,3.2,13.0,84.0
Worm,Horror,7.9,11.0,85.0
Wrath of the Gods,Horror,,,94.0
Wrecked,Horror,5.5,13.0,87.0
Wrong House,Horror,,,60.0
Wrong Side of Dead,Horror,2.8,222.0,96.0
Yadbhavam Tadbhavathi,Horror,,,
Yahangala Z50: Alien Village,Horror,,,
Yellow Eyes,Horror,3.5,142.0,86.0
Yeren China Wild Monster of the Forest,Horror,,,100.0
Yetimhane: Sahipsiz Cinler,Horror,2.9,35.0,82.0
Ying bian shen yuan,Horror,,,62.0
You Raped My Soul,Horror,7.5,12.0,62.0
You're All Doomed,Horror,2.5,75.0,70.0
Your Flesh: Three Ways to Love You,Horror,,,83.0
Zebra Hooves,Horror,,,
Zen me ke neng wo jia de zu xian shi ni jia de gui,Horror,,,88.0
Zir-i Cin 4: Nesep Bagi,Horror,4.8,41.0,
Zombeid,Horror,6.5,256.0,107.0
Zombie 1/2 Right Side of The Living Dead,Horror,,,
Zombie Bloodlines,Horror,,,
Zombie Zone Z60: End of the Village,Horror,,,120.0
ZombieSluts Stripclub Slaughterhouse,Horror,3.2,9.0,85.0
Zombies Become Generals 2,Horror,,,85.0
Zombies Blood and Gore!,Horror,,,70.0
Zorr,Horror,5.1,10.0,128.0
402 Rumah Sakit Angker Korea,Mystery,6.2,32.0,110.0
Accused,Mystery,4.5,2400.0,107.0
Addiction,Mystery,8.5,13.0,84.0
After the End,Mystery,5.0,37.0,85.0
Agadha,Mystery,7.7,1100.0,137.0
Alas Roban,Mystery,5.1,292.0,111.0
All Night Wrong,Mystery,4.9,332.0,91.0
Anomie,Mystery,6.8,1500.0,135.0
Antártida,Mystery,,,93.0
Avatar Aang: The Last Airbender,Mystery,7.8,24000.0,99.0
Babita Singh Reporting,Mystery,,,131.0
Baby Do Die Do,Mystery,6.4,953.0,125.0
Balan: The Boy,Mystery,8.1,5100.0,150.0
Balandrau: Where the Fierce Wind Blew,Mystery,6.6,567.0,119.0
Beyond the Nest,Mystery,6.1,68.0,93.0
Bol Bol Rani,Mystery,8.2,2100.0,125.0
Brothers Under Fire,Mystery,4.8,1800.0,101.0
Chompoo: Lost & Forgotten,Mystery,5.3,234.0,85.0
Chronovisor,Mystery,6.8,47.0,99.0
Colony,Mystery,6.5,12000.0,122.0
"Dad, I Want to Talk",Mystery,8.6,25.0,166.0
Detective Conan: Fallen Angel of the Highway,Mystery,6.2,454.0,109.0
Diamond,Mystery,7.9,55.0,118.0
Disclosure Day,Mystery,6.4,146000.0,145.0
Don't Look in the Dark,Mystery,7.0,6.0,71.0
Dose,Mystery,4.5,1900.0,141.0
DreamQuil,Mystery,5.5,63.0,89.0
Drushya Adrushya,Mystery,7.4,595.0,116.0
EB,Mystery,4.9,144.0,108.0
Enola Holmes 3,Mystery,5.7,30000.0,105.0
Evil Follows,Mystery,4.2,82.0,
Fathers,Mystery,8.3,667.0,94.0
Fing!,Mystery,7.1,60.0,96.0
Flavia,Mystery,6.0,572.0,92.0
Forgotten Island,Mystery,6.8,166.0,109.0
Hive,Mystery,4.7,1000.0,91.0
Hope,Mystery,6.9,1200.0,160.0
Hunting Party,Mystery,6.8,73.0,92.0
In a Whisper,Mystery,6.9,277.0,111.0
Insidious: Out of the Further,Mystery,6.2,8000.0,106.0
Is God Is,Mystery,6.5,6200.0,100.0
It Hunts,Mystery,6.5,59.0,98.0
Le vertige,Mystery,6.0,348.0,67.0
Main Vaapas Aaunga,Mystery,8.0,12000.0,167.0
Mareechika,Mystery,4.8,311.0,142.0
Mercy,Mystery,6.2,80000.0,99.0
Mohiniyattam,Mystery,7.6,3100.0,145.0
Monitor,Mystery,6.2,45.0,88.0
Mutter: The Diary of a Mother,Mystery,,,99.0
Mystery Arena,Mystery,5.4,82.0,117.0
Newton's 3rd Law,Mystery,9.2,4200.0,138.0
Ohh My Dog,Mystery,8.2,17000.0,141.0
Outcome,Mystery,4.5,12000.0,83.0
Paket Santet,Mystery,,,98.0
Paradise,Mystery,6.7,56.0,90.0
Parallel Tales,Mystery,6.0,519.0,139.0
Parimala and Co,Mystery,6.0,1200.0,146.0
Phool Pishi O Edward,Mystery,8.2,527.0,139.0
Ponderosa,Mystery,5.6,13.0,90.0
Puella Magi Madoka Magica the Movie -Walpurgisnacht Rising-,Mystery,,,120.0
Raakaasa,Mystery,6.7,4000.0,130.0
Rao Bahadur,Mystery,8.0,4400.0,145.0
Recluse,Mystery,7.8,25.0,106.0
Return to Silent Hill,Mystery,4.0,25000.0,106.0
Rosie: The Saffron Chapter,Mystery,7.7,38.0,120.0
Sannidhanam P.O.,Mystery,6.8,3700.0,130.0
Sarpanch,Mystery,8.5,42.0,145.0
Scream 7,Mystery,5.5,65000.0,114.0
Secret of Kalinga,Mystery,5.1,6100.0,120.0
She Stole My Son's Heart,Mystery,6.0,51.0,86.0
Signal One,Mystery,5.5,2500.0,87.0
Snapshot,Mystery,6.9,14.0,85.0
Strung,Mystery,5.0,1500.0,119.0
Super Troopers 3,Mystery,6.1,1600.0,104.0
Tadviruddha,Mystery,9.0,1000.0,133.0
Tavvai,Mystery,7.6,2400.0,135.0
The Amazing Digital Circus: The Last Act,Mystery,7.5,6200.0,95.0
The Blood Countess,Mystery,5.7,112.0,118.0
The End of Oak Street,Mystery,6.6,31000.0,99.0
The Eyes,Mystery,5.6,146.0,105.0
The Huntsman,Mystery,3.9,740.0,105.0
The Internship,Mystery,4.1,1300.0,91.0
The Invisible Guest,Mystery,6.8,99.0,121.0
The Last House,Mystery,5.5,50000.0,112.0
The Latcher,Mystery,7.7,7.0,80.0
The Man in the Window,Mystery,5.1,189.0,85.0
The Marked Woman,Mystery,5.5,3500.0,109.0
The Meltdown,Mystery,6.4,71.0,108.0
The Raven,Mystery,7.4,2500.0,97.0
The Rip,Mystery,6.8,144000.0,113.0
The Samurai and the Prisoner,Mystery,7.0,595.0,147.0
The Sheep Detectives,Mystery,7.4,106000.0,109.0
The Theft of the Caravaggio,Mystery,5.2,256.0,90.0
The Voices of Our Mother,Mystery,4.5,325.0,93.0
The Watchers,Mystery,,,124.0
The Whistler,Mystery,4.2,715.0,96.0
The Wrecking Crew,Mystery,6.4,54000.0,124.0
Tumbadchi Manjula,Mystery,7.2,425.0,152.0
Unmadham,Mystery,6.2,1200.0,141.0
Uyir,Mystery,6.4,1800.0,145.0
18th Rose,Romance,5.6,305.0,131.0
29,Romance,7.7,6300.0,150.0
3 Good Guys,Romance,4.8,13.0,107.0
30-Year-Old Freshman,Romance,8.6,12.0,
4 First Dates,Romance,4.6,66.0,
40 Dates and 40 Nights,Romance,6.2,1100.0,101.0
60 Dates in 6 Months,Romance,5.7,37.0,
80 udarov v minutu,Romance,,,93.0
8v40,Romance,,,
93 'Til,Romance,,,
A Beautiful Breakup,Romance,6.0,454.0,92.0
A Bet's a Bet,Romance,,,86.0
A Little Dream of Me,Romance,7.8,123.0,137.0
A Long Marathon,Romance,,,124.0
A Love Like This,Romance,5.4,214.0,88.0
A Place with You,Romance,,,
A Royal Romance in Ibiza,Romance,4.4,47.0,
A Special Memory,Romance,6.5,62.0,124.0
A Story About You,Romance,,,90.0
A Table for Two,Romance,6.4,76.0,98.0
A Werewolf Boy,Romance,7.4,86.0,125.0
A Year in London,Romance,6.0,8.0,90.0
Aasai,Romance,,,139.0
Abhhiman,Romance,6.5,233.0,144.0
Achilles Returns,Romance,5.2,1600.0,50.0
Across the Universe,Romance,,,46.0
Adaraneeya Tharuwak,Romance,7.2,37.0,118.0
Aegean Love,Romance,8.0,6.0,90.0
African Bodyguard,Romance,,,
Again Again,Romance,7.6,23.0,99.0
Age's of love,Romance,,,62.0
Ahlan Singapore,Romance,4.9,24.0,96.0
Ahsaas (A Love Story),Romance,,,
Ai de lian xi sheng,Romance,,,93.0
Ai shi fen nu,Romance,6.1,11.0,
Airport Blvd,Romance,,,
Airy in Busan,Romance,5.2,10.0,100.0
Akad Yang Hilang,Romance,7.5,8.0,85.0
All My Friends Are Back in Brisbane,Romance,9.0,26.0,77.0
All Night Wrong,Romance,4.9,332.0,91.0
All That Glitters,Romance,8.8,23.0,100.0
All That We Never Were,Romance,5.2,409.0,107.0
All the Lovers in the Night,Romance,6.7,30.0,139.0
Allegro Pastell,Romance,5.7,180.0,100.0
Almost Kadhal,Romance,,,103.0
Almost Love,Romance,,,100.0
Almost Us,Romance,8.3,32.0,102.0
Alone at Heart,Romance,,,
Amor entre estantes,Romance,8.7,6.0,115.0
Amor es amor,Romance,5.2,45.0,91.0
An LA Christmas Story,Romance,,,100.0
Anakapalli,Romance,,,154.0
Anbe Diana,Romance,6.2,113.0,150.0
"Angels, They Are Amongst Us",Romance,,,129.0
Another Man's Wife,Romance,4.1,130.0,91.0
Antas 2,Romance,,,
Aria-Remix,Romance,5.4,56.0,91.0
Ask mi Para Mi?,Romance,,,
Asurana Kaiyalli Parijata,Romance,7.0,104.0,
Asymptotes,Romance,8.1,11.0,78.0
Awarapan 2,Romance,6.6,12000.0,140.0
Away with Words,Romance,6.7,41.0,99.0
Back to the 90s,Romance,4.0,416.0,92.0
Baga,Romance,,,
Balas Budi,Romance,5.2,32.0,88.0
Band Melam,Romance,6.0,321.0,141.0
Baska,Romance,4.5,28.0,93.0
Baska 2,Romance,4.5,13.0,110.0
Battle,Romance,6.8,1000.0,125.0
Be Happy,Romance,5.9,172.0,88.0
Bedford Park,Romance,6.8,92.0,117.0
Before I Do,Romance,8.5,20.0,85.0
Bethlehem Kudumba Unit,Romance,8.4,4300.0,157.0
Between Arms,Romance,,,75.0
Between Us,Romance,,,89.0
Bhalobashi Hoyni Bola,Romance,,,
Bhishmar,Romance,3.8,1200.0,142.0
Bhuter Prem,Romance,,,107.0
Bichos Raros 2,Romance,,,50.0
Bidadari Surga,Romance,,,80.0
Birds of War,Romance,8.0,83.0,85.0
Black Burns Fast,Romance,6.9,52.0,96.0
Black Holes Suck,Romance,4.6,75.0,91.0
Blessings in Disguise,Romance,6.2,158.0,88.0
Blood & Ice,Romance,7.9,8.0,
Bloom,Romance,,,
Blossoming Love,Romance,,,91.0
Blue Emanuelle,Romance,5.1,68.0,67.0
Bo me zhi wo de qing chun zhu le gui,Romance,5.2,12.0,99.0
Borisailla Pori,Romance,,,115.0
Boulevard,Romance,4.7,1600.0,112.0
Bound by Duty,Romance,7.4,56.0,
Boxed,Romance,,,78.0
Brave New Love,Romance,7.6,27.0,105.0
Breathe Again,Romance,5.3,100.0,87.0
Bride for the Quarterback,Romance,8.2,320.0,
Bride of the Year,Romance,4.8,268.0,98.0
Broken Harmony,Romance,5.8,7.0,121.0
Bromance Kadhal,Romance,,,143.0
Bu Li Bu Qi,Romance,,,75.0
Bunny!!,Romance,5.6,409.0,127.0
Call of My Life,Romance,8.1,30.0,87.0
Campeón Gabacho,Romance,8.3,39.0,108.0
Carousel,Romance,5.4,137.0,105.0
Chamcham,Romance,,,111.0
Chand Mera Dil,Romance,6.3,7500.0,135.0
Chandra,Romance,,,
Charitha Kamakshi,Romance,6.7,28.0,90.0
Charukesi,Romance,6.0,433.0,146.0
Chasing Summer,Romance,6.2,181.0,91.0
Chennai Love Story,Romance,7.1,2900.0,180.0
Cherchez La Femme,Romance,5.6,26.0,90.0
Cherry and Virgin,Romance,8.7,19.0,86.0
Chill Macha,Romance,,,103.0
Chinna Chinna Aasai,Romance,6.5,605.0,136.0
Chop Breakfast,Romance,,,
Christmas Is Over,Romance,8.8,56.0,
Christmas on the North Pole Express,Romance,,,78.0
Cleopatra Queen of Egypt,Romance,,,90.0
Cocktail 2,Romance,6.6,30000.0,150.0
Come Away with Me,Romance,4.2,15.0,
Come il giorno e la notte,Romance,,,
Coming Home for Christmas,Romance,,,60.0
Companion of the Evenings,Romance,,,62.0
Couple Friendly,Romance,7.1,2700.0,120.0
Couple Goals,Romance,,,
Coward,Romance,7.2,250.0,120.0
Craving My British Cowboy,Romance,7.6,59.0,117.0
Crossing a Dawn,Romance,6.4,59.0,103.0
Cult,Romance,3.4,851.0,163.0
DC,Romance,8.3,5000.0,141.0
Daadi Ki Shaadi,Romance,5.8,5800.0,155.0
Daak Khana,Romance,,,
Dacoit: A Love Story,Romance,7.4,10000.0,149.0
Dan Bandung,Romance,7.7,10.0,120.0
Dark Secrets,Romance,7.7,32.0,118.0
De Volta à Bahia,Romance,,,98.0
De vuelta a los 80,Romance,,,100.0
Dear Radhi,Romance,4.8,316.0,130.0
Deewana,Romance,8.2,1400.0,150.0
Deixa Acontecer,Romance,5.9,13.0,
Delhi Gate,Romance,6.4,6.0,137.0
Delivery Boy Pizza on Time,Romance,3.9,33.0,101.0
Derby,Romance,3.5,1500.0,135.0
Det grönaste gräset,Romance,6.1,33.0,
Detention,Romance,9.3,19.0,83.0
Dhairye Sahase Amrutha,Romance,,,
Di Lemon! Di Musical: The True Story of the Man Who Introduced Vanilla to Hollywood,Romance,,,86.0
Die Ältern,Romance,6.2,179.0,104.0
Dil Deewana Ho Gaya,Romance,3.9,12.0,135.0
Dilan 1997,Romance,7.9,59.0,110.0
Dillagi... Yeh Dillagi,Romance,,,
Disolution,Romance,3.0,141.0,84.0
Do Deewane Seher Mein,Romance,6.1,6000.0,138.0
Do Us Part,Romance,8.3,32.0,94.0
Dodmansa,Romance,6.7,208.0,143.0
Dokonalý den,Romance,,,89.0
Dooradarshini,Romance,5.0,2100.0,125.0
Double Occupancy,Romance,6.2,515.0,130.0
Drug,Romance,,,100.0
Días de agosto,Romance,6.5,19.0,95.0
East West Love,Romance,,,
Egg,Romance,,,
Eighteen years of love,Romance,,,
Ek Din,Romance,6.4,1800.0,125.0
El Gawahergy,Romance,5.8,133.0,110.0
Elaichi 2 A Toxic Love Story,Romance,6.3,30.0,85.0
Elaichi: Ek Prem Katha,Romance,4.6,47.0,87.0
Ephemera,Romance,6.8,19.0,83.0
Era Uma Vez Minha 1ª Vez,Romance,,,
Eto vsyo ona!,Romance,,,
"Everyday, We Are",Romance,5.9,12.0,99.0
Everything As It Should Be,Romance,6.3,8.0,101.0
Everything Glamouring,Romance,,,77.0
Everything You Are (Producer's Cut),Romance,5.5,16.0,103.0
Ewigi Liebi,Romance,6.1,35.0,
Extra Large,Romance,,,121.0
F*ck Valentines Day,Romance,5.3,3200.0,95.0
"F*ck You, Love",Romance,2.8,18.0,140.0
Faces,Romance,6.7,2100.0,130.0
Far Away Close to You,Romance,8.4,30.0,95.0
Fei Zheng Chang Shi Hun,Romance,,,
Fem-Ship,Romance,,,
Finding Emily,Romance,6.9,4100.0,111.0
Finding Mojo,Romance,5.8,13.0,139.0
First Desires,Romance,,,
Five Month Trial,Romance,,,
Flesh and Fuel,Romance,7.1,67.0,90.0
ForeFans,Romance,,,
Free Fall: Who You Are,Romance,8.6,557.0,124.0
"From Italy, with Love",Romance,4.5,156.0,100.0
Gahero aa Ishq,Romance,,,121.0
Gaixieguizheng,Romance,,,110.0
Gatta Kusthi 2,Romance,6.8,2800.0,154.0
GetAway,Romance,,,87.0
Ghostfluencer,Romance,5.4,9.0,105.0
Ginny Wedss Sunny 2,Romance,4.5,5400.0,134.0
Girls Like Girls,Romance,6.4,2900.0,95.0
Godari Gattupaina,Romance,7.2,1200.0,145.0
Golden Romance,Romance,,,
Goodbye Cruel World,Romance,6.3,42.0,93.0
Graamaayana,Romance,7.4,45.0,126.0
Growth of the Soil,Romance,,,155.0
Gulkandi,Romance,,,
"Ha-Chan, Shake Your Booty!",Romance,7.2,134.0,122.0
Habeebi,Romance,9.2,445.0,150.0
Hai Jawani Toh Ishq Hona Hai,Romance,4.1,13000.0,136.0
Happy Hours,Romance,8.8,35.0,80.0
Happy Raj,Romance,6.7,1500.0,159.0
Harmony Streets,Romance,,,85.0
Harta Ishq,Romance,,,65.0
Hasta que la verdad los separe,Romance,,,65.0
Haunted Ghosts of the Past,Romance,5.1,4000.0,140.0
Haye Hukku Haye Hukku Haaye Haaye Haaye,Romance,,,
Heart 'N' SOUL,Romance,,,
Heartin,Romance,6.9,1200.0,119.0
Heartstopper Forever,Romance,6.9,8000.0,114.0
Here the Whole Time,Romance,7.0,1300.0,100.0
Hi,Romance,,,144.0
Hidden Enemy,Romance,6.7,149.0,108.0
Hidden Fixation,Romance,4.7,49.0,53.0
Hourglass,Romance,,,38.0
House of Criticism,Romance,,,83.0
How I Became His Virgin Muse,Romance,6.2,15.0,
How to Lose a Popularity Contest,Romance,5.4,1100.0,102.0
Hum tum phir milenge,Romance,,,
Huyen Tinh Da Trach,Romance,,,113.0
"I Fell, It's Fine",Romance,6.2,71.0,110.0
I Rarely Wake Up Dreaming,Romance,6.1,17.0,110.0
I Seduced My Older Therapist,Romance,7.4,9.0,
I Swallowed My Ex's Mafia Daddy Whole,Romance,4.9,10.0,86.0
I Swiped the Wrong One,Romance,6.8,7.0,
I Want Your Sex,Romance,6.4,2300.0,90.0
Idhayam Murali,Romance,7.2,5600.0,150.0
Ilk Askin Tohumlari,Romance,,,75.0
Ilk Gençlik,Romance,,,110.0
Imaginal Disk,Romance,9.3,21.0,59.0
In Case...,Romance,,,
In Every Moment I Look for You,Romance,,,55.0
In Waves,Romance,7.4,305.0,90.0
Instaboys,Romance,,,95.0
Instante,Romance,5.7,15.0,95.0
Io+Te,Romance,6.0,7.0,86.0
Ishq Manzoor,Romance,,,
Ishqan De Lekhe,Romance,4.7,646.0,145.0
Ishqnama,Romance,8.8,2600.0,145.0
It Takes a Village,Romance,4.7,415.0,95.0
It's All Good,Romance,5.9,48.0,91.0
It's OK,Romance,6.6,306.0,118.0
Jaanleva Ishq,Romance,,,120.0
Jazz Intimacy,Romance,7.0,12.0,
Jolly,Romance,9.4,105.0,119.0
Just Our Luck,Romance,,,
K sebe nezhno,Romance,5.3,80.0,108.0
Kadhal Aura - Madness of Love,Romance,,,143.0
Kadhal Reset Repeat,Romance,4.9,2200.0,135.0
Kai nesitiki,Romance,7.0,140.0,82.0
Kalpana,Romance,,,
Kanna Muchhe,Romance,,,110.0
Kassa nevest,Romance,,,88.0
Kata Hati,Romance,5.9,18.0,110.0
Khali Balak Min Nafsak,Romance,5.7,143.0,105.0
Khan Tumhara,Romance,,,135.0
Khate Nejat,Romance,1.6,12.0,113.0
Kheyter,Romance,4.5,34.0,82.0
Kimi to Hanabi to Yakusoku to,Romance,9.2,5.0,96.0
Kingston,Romance,,,96.0
Kissing Is the Easy Part,Romance,6.0,1700.0,100.0
Krazy Kadhal,Romance,,,103.0
Krishnavatar Part 1: Hridayam,Romance,7.5,2200.0,150.0
Kupilih Jalur Langit,Romance,6.1,14.0,98.0
L'amor fuggente,Romance,,,
LIK: Love Insurance Kompany,Romance,5.6,4200.0,157.0
La bola negra,Romance,7.3,399.0,155.0
Laagni No Melo,Romance,6.9,109.0,153.0
Labios de Fresa,Romance,,,90.0
Lagan Laagii Re,Romance,8.3,81.0,166.0
Lajjawati,Romance,,,130.0
Laughing Hearts,Romance,,,129.0
Lenin,Romance,6.2,1600.0,159.0
Leviticus,Romance,6.4,15000.0,88.0
Life Today,Romance,9.1,504.0,149.0
Lilla Marie,Romance,,,85.0
Little Flowers,Romance,5.0,21.0,105.0
Lo Naveena,Romance,7.6,55.0,123.0
Lo que intentamos ser.,Romance,,,104.0
Lockdown,Romance,,,
Look My Way,Romance,,,62.0
Love Bites,Romance,,,60.0
Love Go Go Go!,Romance,6.7,23.0,112.0
Love Language,Romance,6.6,30.0,104.0
Love Last Chance,Romance,,,103.0
"Love Me, Love Me",Romance,4.3,5900.0,99.0
Love Mocktail 3,Romance,6.4,345.0,134.0
Love Oh Love,Romance,6.6,2200.0,150.0
Love Punch!,Romance,6.5,38.0,102.0
Love Seasons,Romance,8.3,335.0,145.0
Love Yourself,Romance,,,
Love at Last,Romance,5.0,3600.0,91.0
Love d'Été,Romance,,,
Love in Paradise,Romance,5.9,192.0,
Love in Slow Motion,Romance,3.9,299.0,91.0
Love is on the Way,Romance,,,89.0
Love on Tap,Romance,8.4,27.0,90.0
Love on a Tightrope,Romance,7.5,26.0,115.0
Loving Amina,Romance,,,
Lucy Schulman,Romance,7.8,16.0,
Luv Di Saun,Romance,2.3,44.0,144.0
Maa Behen,Romance,5.5,4800.0,127.0
Madhuvidhu,Romance,6.5,1900.0,125.0
Main Vaapas Aaunga,Romance,8.0,12000.0,167.0
Malaikat Malam,Romance,4.8,157.0,111.0
Malik,Romance,5.7,56.0,129.0
Man Atla Manatla,Romance,9.1,382.0,148.0
Mango Pachcha,Romance,8.5,39.0,95.0
Manny My Man,Romance,,,122.0
Mareechika,Romance,4.8,311.0,142.0
Marvelous Mornings,Romance,6.0,64.0,87.0
Mathe Male Hoyyuthide,Romance,6.6,109.0,120.0
Mavka: The True Myth,Romance,5.8,307.0,90.0
Meet Me at the Eclipse,Romance,7.8,89.0,118.0
Melodrama,Romance,7.2,12.0,
Mengejar Zara,Romance,,,99.0
Mesdames Thanh Sac,Romance,5.1,20.0,128.0
Midwinter Break,Romance,6.0,1500.0,90.0
Miss Matched,Romance,,,113.0
Missouri,Romance,,,45.0
Mobuko no Koi,Romance,8.7,18.0,122.0
Moda Kavida Vaatavarana,Romance,7.7,1100.0,118.0
Mon Maaney Na,Romance,7.2,13.0,169.0
Mot Thoi Ta Da Yeu,Romance,3.0,5.0,119.0
Mr. Work from Home,Romance,4.6,1200.0,130.0
My CEO Thinks I'm a Robot,Romance,,,55.0
My Daughter,Romance,7.0,77.0,78.0
My Dearest Assassin,Romance,5.7,1500.0,127.0
My Dearest Señorita,Romance,6.3,1200.0,113.0
My Mystery Romance,Romance,4.0,44.0,86.0
My Waiter Husband: Too Rich to be True,Romance,,,70.0
Mylanji,Romance,5.0,345.0,60.0
Mystery in Bloom,Romance,,,
Myth 26,Romance,,,
Na Jaane Kaun Aa Gaya,Romance,6.3,2200.0,113.0
Nari Nari Naduma Murari,Romance,5.7,3600.0,140.0
Naxos,Romance,8.8,5.0,89.0
Nee Forever,Romance,5.4,489.0,133.0
Nesvyataya Valentina,Romance,4.0,45.0,104.0
Next Life,Romance,8.5,35.0,112.0
Nibba Nibbi,Romance,8.1,1100.0,121.0
Niko,Romance,,,111.0
No Evidence of Man,Romance,7.7,28.0,94.0
No Good Men,Romance,7.4,395.0,103.0
No Kids,Romance,5.9,96.0,100.0
No Other Love,Romance,6.1,154.0,119.0
No Place to Be Single,Romance,5.5,1200.0,103.0
No Place to Hide,Romance,,,107.0
No Rest for the Wicked,Romance,8.1,33.0,103.0
No Translation Required,Romance,,,
Noches Solitarias,Romance,8.9,57.0,
Noite Azul,Romance,,,91.0
"Nos veremos esta noche, mi amor",Romance,7.8,28.0,79.0
Notebook,Romance,,,
Notes for Tomorrow,Romance,6.4,6.0,
Nothing Between Us,Romance,5.3,269.0,90.0
Nuptials,Romance,4.2,12.0,88.0
Nøjsomheden,Romance,7.0,11.0,
O Advogado de Deus,Romance,5.8,35.0,117.0
O' Romeo,Romance,5.2,24000.0,178.0
Office Romance,Romance,5.8,23000.0,114.0
Oh Laila Tere Peeche Padd Gaye Apni Jaan Nisaar Kar Gaye,Romance,,,
Oh my Kadhaley,Romance,,,
Oh..! Sukumari,Romance,5.2,95.0,145.0
Once More,Romance,,,131.0
One Last Ride,Romance,,,
One Night Only,Romance,6.3,4900.0,102.0
Only Rebels Win,Romance,6.4,65.0,105.0
Our Lovely Asian Daughter,Romance,,,76.0
Pace Yourself,Romance,,,97.0
Pal Bhar Ke Liye,Romance,,,
Pankh Hote to Udd Jate,Romance,,,130.0
Panyi I Sea You,Romance,7.4,9.0,
Papam Pratap,Romance,4.9,1300.0,150.0
Paraíso para dos,Romance,,,
Parijaat,Romance,,,
Parityag Patrak,Romance,,,82.0
Passengers,Romance,,,55.0
Pati Patni Aur Woh Do,Romance,5.8,8900.0,117.0
Pavane,Romance,6.9,1800.0,113.0
Peddi,Romance,5.2,9000.0,182.0
People We Meet on Vacation,Romance,6.6,52000.0,117.0
Perfect,Romance,6.9,18.0,94.0
Peter,Romance,6.9,82.0,141.0
Petty,Romance,,,110.0
Pillow Armor,Romance,4.6,12.0,95.0
Po vecerce,Romance,7.3,7.0,107.0
Pookie,Romance,5.3,163.0,132.0
Portuguese Love,Romance,6.3,31.0,104.0
Poyla Baishakh,Romance,,,159.0
Practical Magic 2,Romance,,,110.0
Prema Yudham,Romance,9.2,1000.0,119.0
Project Baby,Romance,,,110.0
Psych Siddhartha,Romance,8.3,1200.0,120.0
Pyaar Prema Kalyanam,Romance,7.4,1400.0,126.0
Pyaar Prema Pei,Romance,,,45.0
Raakaasa,Romance,6.7,4000.0,130.0
Rah E Guzar,Romance,,,
Rahu Ketu,Romance,4.5,3300.0,140.0
Raja the Raja,Romance,3.4,54.0,135.0
Rakkhosh,Romance,4.6,664.0,142.0
Rakky,Romance,9.3,413.0,122.0
Ram in Leela,Romance,8.6,6200.0,141.0
Ramani Kalyanam,Romance,7.3,395.0,130.0
Red,Romance,,,
Relationship Goals,Romance,4.6,1600.0,93.0
Reminders of Him,Romance,6.3,12000.0,114.0
Rent a Romance,Romance,,,132.0
Replica,Romance,6.9,24.0,91.0
Rewrite,Romance,,,56.0
Ring of Love,Romance,,,
Rinrada,Romance,5.4,14.0,108.0
Riptide,Romance,,,
Rockstar,Romance,5.5,471.0,147.0
Roditelskiy dom,Romance,5.1,50.0,97.0
Romeo & Juliet: An East Side Story,Romance,,,82.0
Roommate,Romance,,,
Royally Screwed,Romance,5.6,364.0,116.0
Sachien Loves Shalini,Romance,,,103.0
Sadali,Romance,7.6,20.0,89.0
Same Day Error,Romance,,,45.0
Sans Toote Par Saath Na Chhoote,Romance,,,131.0
Saqr W Kanaria,Romance,6.3,311.0,125.0
Sarkari Damad,Romance,8.4,8.0,170.0
Sathi Leelavathi,Romance,3.6,174.0,131.0
Sattendru Maarudhu Vaanilai,Romance,4.0,135.0,120.0
Seetha Payanam,Romance,5.1,2300.0,150.0
Sereng,Romance,,,160.0
Shaka Oh Shaka,Romance,9.1,14.0,123.0
Shamshon W Dalila,Romance,3.1,72.0,95.0
She Gets Me,Romance,,,
She Likes to Watch,Romance,6.2,55.0,85.0
She Who Must Not Be Named,Romance,7.5,11.0,116.0
Shiuli,Romance,8.9,8.0,113.0
Short Fuse,Romance,8.9,63.0,100.0
Sing Geetham,Romance,6.6,1000.0,140.0
Single Before Christmas,Romance,,,
Six Days in Evergreen,Romance,8.8,21.0,
Sleeping Beauty Next Door,Romance,7.3,261.0,98.0
Solo Mio,Romance,6.6,15000.0,96.0
Something You Should Know About Me,Romance,9.2,12.0,85.0
Sophie's Hot Robot,Romance,6.7,14.0,
"Soumsoum, la nuit des astres",Romance,6.3,79.0,101.0
Srinivasa Mangapuram,Romance,3.8,141.0,150.0
Starbright,Romance,3.7,539.0,148.0
Still,Romance,,,
Stories About Us: What you won't do for love Vol. 1,Romance,,,
Strings,Romance,6.4,7.0,
Sultan's Heart,Romance,7.1,16.0,
Sumathi Sathakam,Romance,6.7,3000.0,145.0
Suntu Gutuc' - Love Game,Romance,,,
Surfacing,Romance,5.3,165.0,114.0
Surya Power of Love,Romance,3.4,619.0,128.0
Susana and Elvira: No Plan B,Romance,4.5,173.0,
Swapnasundari,Romance,9.2,410.0,137.0
Sweet Candy Peach,Romance,8.6,10.0,86.0
Sweet Escape,Romance,,,
Sweety Naughty Crazy,Romance,6.6,430.0,142.0
Table for Two,Romance,,,
Tajmahal,Romance,6.6,13.0,78.0
Take Care,Romance,,,
Tanya i kosmonavt,Romance,,,
Tapped,Romance,6.9,18.0,
Teach Me How to Say Goodbye,Romance,8.1,52.0,
Teenage Sex and Death at Camp Miasma,Romance,7.2,6600.0,112.0
Tell Me What You Feel,Romance,5.7,37.0,104.0
Tera Mera Nata,Romance,4.9,7.0,116.0
Tera Yaar Hoon Main,Romance,3.5,43.0,146.0
Teri Maya,Romance,7.6,6.0,127.0
That's Her,Romance,,,95.0
Thata Thai Gayu Tata Thaiya,Romance,7.5,6.0,117.0
The Adventures of Gabriel and Marcy,Romance,,,85.0
The American Dream,Romance,7.3,1600.0,122.0
The Baby Clause,Romance,,,
The Bard of Castle Combe,Romance,,,20.0
The Birthday Party,Romance,6.0,93.0,114.0
The Blood Countess,Romance,5.7,112.0,118.0
The Boy Who Counted Cars,Romance,,,104.0
The Bride!,Romance,5.6,37000.0,126.0
The Crush,Romance,5.1,38.0,105.0
The Dangers in My Heart,Romance,7.3,299.0,101.0
The Devil in the Flesh,Romance,7.2,12.0,73.0
The Dink,Romance,6.1,9800.0,102.0
The Distance We Drift,Romance,,,90.0
The Drama,Romance,7.1,118000.0,105.0
The Dreamed Adventure,Romance,6.3,154.0,167.0
The Dreamer Cinderella,Romance,7.8,60.0,94.0
The Electric Kiss,Romance,6.7,589.0,122.0
The Forbidden the Affair,Romance,,,138.0
The Ghost Who Stayed to Get Married,Romance,6.7,6.0,
The Heart and the Crown,Romance,,,
The Ink-Stained Hand and the Missing Thumb,Romance,,,127.0
The Invite,Romance,7.5,53000.0,107.0
The Killing of Otsuya,Romance,,,87.0
The Last Flight,Romance,5.8,145.0,111.0
The Last Song You Left Behind,Romance,6.2,43.0,117.0
The Last Sunrise,Romance,5.7,1200.0,106.0
The Legend of Van Dorn,Romance,7.8,54.0,
The Lightkeeper,Romance,5.7,11.0,
The Lonely Crowd,Romance,8.0,82.0,105.0
The Love that Built Us,Romance,,,90.0
The Loved One,Romance,6.4,259.0,99.0
The Male Gaze: Naughty Boys,Romance,6.1,32.0,94.0
The Man I Love,Romance,5.3,447.0,95.0
The Nutcracker Wish,Romance,,,90.0
The Ogre's Bride,Romance,7.3,45.0,122.0
The One Thing,Romance,,,90.0
The Optimist,Romance,,,51.0
The Pages of My Heart: The Director's Cut,Romance,,,
The Prediction,Romance,,,
The Price of Letting Go,Romance,7.5,47.0,
The Promise,Romance,8.9,8.0,
The Purest Form,Romance,8.9,13.0,92.0
The Raven,Romance,7.4,2500.0,97.0
The Shape of Invisible Skies,Romance,8.4,9.0,118.0
The Shut Up Fairy,Romance,,,124.0
The Soul Mate Experiment,Romance,,,
The Sun Never Sets,Romance,6.7,63.0,102.0
The Trouble with Mistletoe,Romance,5.3,80.0,88.0
The Ultimate Hotwife Experience: Volume 2,Romance,,,227.0
The Violinist,Romance,7.7,17.0,114.0
The Wedding Entertainer (The Tale of Moishe Badhan),Romance,3.7,130.0,103.0
Their Town,Romance,7.3,27.0,80.0
Thit-thee Khu,Romance,7.0,17.0,98.0
Tholaivil Oru Kadhal,Romance,7.1,9.0,95.0
Thomy e Milly,Romance,,,88.0
Tides,Romance,,,
To Her Beat,Romance,6.8,9.0,
"Toh, Ti ani Fuji",Romance,5.0,109.0,125.0
Too Much Too Soon,Romance,5.1,9.0,
Toxic,Romance,3.7,10000.0,192.0
Tradita,Romance,,,97.0
Trassa «More - more»,Romance,3.1,37.0,85.0
Trevor,Romance,,,127.0
Trouble Shooter,Romance,,,89.0
Tu Male to Utssav,Romance,6.3,13.0,129.0
Tu Nombre En El Papel,Romance,7.8,5.0,102.0
Tu Yaa Main,Romance,6.1,7400.0,143.0
Turntable,Romance,,,100.0
Two Rooms,Romance,,,299.0
Tyulpany,Romance,4.5,49.0,89.0
Under the Western Skies,Romance,9.4,32.0,
Until She Remembers,Romance,5.6,29.0,107.0
Untitled Stripper Project,Romance,,,70.0
Upon Her Lips: She Likes Girls,Romance,,,
Urabba,Romance,,,119.0
Us in the End,Romance,8.7,84.0,103.0
"Us, Maybe",Romance,,,68.0
Utsaber Ratri,Romance,,,74.0
Vaanki Chuki Love Story,Romance,7.6,51.0,156.0
Varugai Pathivedu,Romance,7.1,7.0,123.0
Velleppam,Romance,3.0,25.0,127.0
Virginia Woolf's Night & Day,Romance,6.0,275.0,95.0
Vishnu Vinyasam,Romance,4.8,513.0,130.0
Vishwanath and Sons,Romance,7.6,2700.0,161.0
Viva,Romance,6.0,100.0,113.0
Vivaah,Romance,,,101.0
Vo Ladki,Romance,7.2,6.0,
Voicemails for Isabelle,Romance,7.3,50000.0,118.0
Volver a los 17,Romance,,,95.0
Vsi vidtinky spokusy,Romance,3.7,183.0,90.0
Wagon Wheel,Romance,,,
Wakesurf Lovers,Romance,,,109.0
Washed Up,Romance,,,
We Are All Strangers,Romance,7.1,139.0,157.0
Wheels of the Heart,Romance,,,140.0
When Will You Get Divorced?,Romance,3.6,88.0,
Where Beauty Hides,Romance,,,
Where Fireflies Dance,Romance,,,
Wicker,Romance,7.5,284.0,105.0
Wild Sing,Romance,6.0,428.0,107.0
Will You Be My Girlfriend?.,Romance,5.6,306.0,97.0
Wish You Well,Romance,5.2,18.0,108.0
Wishful Thinking,Romance,7.4,73.0,105.0
With Love,Romance,7.6,6800.0,141.0
Wonderful Nightmare,Romance,6.2,293.0,121.0
Worm,Romance,7.9,11.0,85.0
Wuthering Heights,Romance,6.1,90000.0,136.0
Xi xiang ji,Romance,,,
Yamaguchi-kun wa Warukuna,Romance,,,96.0
Yaz Evi,Romance,5.4,909.0,105.0
"Yo, narciso",Romance,5.8,125.0,94.0
Yoh! Bestie,Romance,4.2,259.0,95.0
You're Doing it Wrong,Romance,,,55.0
"You, Me & Tuscany",Romance,6.0,5400.0,105.0
Your Fault: London,Romance,6.0,5000.0,123.0
Your Heart Will Be Broken,Romance,4.8,925.0,134.0
Your Man Will be Mine,Romance,,,75.0
Youth,Romance,7.0,8800.0,140.0
Yu wen de zi wei,Romance,,,120.0
Za lyubov,Romance,,,91.0
Zhi Ai Ni,Romance,,,
Zumeca,Romance,,,
Öngörü,Romance,,,96.0
0187 UFO,Sci-Fi,,,
11 : 11 (Eleven Seconds of Magic),Sci-Fi,9.3,15.0,46.0
28 Years Later: The Bone Temple,Sci-Fi,7.2,124000.0,109.0
8v40,Sci-Fi,,,
A Film by Cool Jake,Sci-Fi,,,80.0
A Sense of Dread,Sci-Fi,3.6,121.0,105.0
A Storm of Syndicates,Sci-Fi,,,
Across the Universe,Sci-Fi,,,46.0
Addicted to Change,Sci-Fi,5.2,52.0,86.0
Again Again,Sci-Fi,7.6,23.0,99.0
Agito Chônôryoku Sensô,Sci-Fi,6.4,33.0,97.0
Alien Disclosure Day,Sci-Fi,4.6,43.0,84.0
Alien Storm,Sci-Fi,6.2,375.0,
Alien Valley,Sci-Fi,4.3,307.0,60.0
Alien in the Heartland,Sci-Fi,5.5,47.0,
Alterity,Sci-Fi,,,95.0
Amityville Aliens,Sci-Fi,3.6,45.0,75.0
Amityville Love Streams,Sci-Fi,,,55.0
Andy,Sci-Fi,6.8,15.0,34.0
Anima,Sci-Fi,7.9,29.0,90.0
Another,Sci-Fi,,,93.0
Anunnaki Chronicles: Evolution of Draconian Measures on Earth,Sci-Fi,2.2,27.0,
Aquarium,Sci-Fi,9.3,67.0,93.0
Archival,Sci-Fi,,,
Artificial Termination,Sci-Fi,,,
Assassination Classroom the Movie: Our Time,Sci-Fi,6.5,153.0,86.0
Asteroid Vixens,Sci-Fi,4.7,9.0,89.0
Astrósfera,Sci-Fi,7.2,14.0,90.0
Athena,Sci-Fi,,,
Attack of the Killer Tomatoes: Organic Intelligence,Sci-Fi,8.4,33.0,96.0
Authentic Games: No Império Desconectado,Sci-Fi,5.0,140.0,70.0
Avatars,Sci-Fi,,,
Backrooms,Sci-Fi,6.8,185000.0,126.0
Be Forever Yamato - Rebel 3199 - Part 6: Blue Labyrinth,Sci-Fi,,,
Be Forever Yamato: Rebel 3199 - Part 5: White Heat Galactic War,Sci-Fi,,,
Beast Race,Sci-Fi,4.7,1200.0,124.0
Ben'imana,Sci-Fi,7.4,74.0,101.0
Beyond Files,Sci-Fi,,,
Bhutacha Doraemon 2,Sci-Fi,,,
Bigger Darker Energy!,Sci-Fi,,,
Black Box,Sci-Fi,5.1,3300.0,85.0
Black Holes Suck,Sci-Fi,4.6,75.0,91.0
Bliss: Beyond the Edge of Time,Sci-Fi,,,95.0
Bodyhackers,Sci-Fi,5.5,11.0,83.0
Bogini Kolejnej Ery,Sci-Fi,,,
Borealis,Sci-Fi,5.2,9.0,94.0
Breach,Sci-Fi,4.0,303.0,70.0
Broadcast,Sci-Fi,,,
Burn,Sci-Fi,6.5,101.0,103.0
Captive,Sci-Fi,,,92.0
Cardboard Wars,Sci-Fi,8.7,74.0,53.0
Censor Addiction,Sci-Fi,7.2,137.0,88.0
Chronovisor,Sci-Fi,6.8,47.0,99.0
Clash of the Thundermans,Sci-Fi,8.9,55.0,
Close-Up: An Oddyssey,Sci-Fi,,,76.0
Cold Storage,Sci-Fi,6.0,28000.0,99.0
Colony,Sci-Fi,6.5,12000.0,122.0
Colores Perdidos,Sci-Fi,,,
Congo2,Sci-Fi,,,138.0
Cosmic Princess Kaguya!,Sci-Fi,7.1,3200.0,143.0
Crocodile,Sci-Fi,7.0,25.0,100.0
Crystal's Alien Obsession,Sci-Fi,,,
Cyber Protocol,Sci-Fi,,,105.0
Dank Frank and the Freaks of Frack,Sci-Fi,,,
Daughters of the Forest,Sci-Fi,8.6,78.0,95.0
Days of future: Minecraft,Sci-Fi,,,92.0
Deceptive State,Sci-Fi,,,150.0
"Decoding Babylon: Noah's Ark, the Flood, and the Anunnaki",Sci-Fi,,,67.0
Delta Space Mission,Sci-Fi,,,
Descend Beyond,Sci-Fi,,,113.0
Destinity,Sci-Fi,,,
Diamond Made Man,Sci-Fi,6.5,38.0,152.0
Diamond Made Man Part 2,Sci-Fi,3.6,12.0,152.0
Digital Silent Night,Sci-Fi,,,57.0
Dimension,Sci-Fi,6.7,111.0,49.0
Dimitri's DMT Defense,Sci-Fi,8.7,8.0,47.0
Disclosure Day,Sci-Fi,6.4,146000.0,145.0
Don't Push That!,Sci-Fi,9.0,16.0,
Dopolnitelnoe vremya,Sci-Fi,4.4,31.0,102.0
Doraemon: Nobita and the New Castle of the Undersea Devil,Sci-Fi,6.2,194.0,102.0
Dracula in Space,Sci-Fi,3.1,106.0,81.0
Dragon Lizard Lord vs Gorilla Monkey King,Sci-Fi,,,
Dreadnought Dominion: The Motion Picture,Sci-Fi,,,143.0
DreamQuil,Sci-Fi,5.5,63.0,89.0
Dreams of Violets,Sci-Fi,2.3,68.0,74.0
Drone Runners,Sci-Fi,,,78.0
Drunken Woman,Sci-Fi,7.5,505.0,
Dump,Sci-Fi,,,83.0
Dylavek,Sci-Fi,,,174.0
EHAM Ascension,Sci-Fi,,,80.0
EHAM Confederacy,Sci-Fi,,,80.0
EHAM Supremacy,Sci-Fi,,,80.0
Echoes of Dread,Sci-Fi,7.5,14.0,81.0
Echoes of Tomorrow,Sci-Fi,9.3,10.0,
Ed,Sci-Fi,,,
Eeshan - The Protector,Sci-Fi,,,
Eiga Chô Uchû Keiji Gyaban Infiniti Taiyô ga Naita Hi,Sci-Fi,,,30.0
Eiga Kamen Raidâ Zettsu Sayonara no Misshon,Sci-Fi,9.4,5.0,
El Claro,Sci-Fi,,,64.0
Electric Feel,Sci-Fi,,,100.0
Elliptica,Sci-Fi,,,98.0
Elsewhere,Sci-Fi,,,48.0
Encounters: Aliens and the Supernatural,Sci-Fi,,,80.0
Ephemera,Sci-Fi,,,88.0
Evolution,Sci-Fi,5.3,182.0,94.0
Exiles of Earth,Sci-Fi,8.9,19.0,
Fake Out Fray 3 - Convergence,Sci-Fi,,,73.0
Fallout: The Road to Tipperary - The Blight,Sci-Fi,,,
Favourite: Back to the Origin,Sci-Fi,,,118.0
"Ferria 2, Una paz poco duradera",Sci-Fi,,,160.0
Ferria El despertar de un mundo,Sci-Fi,,,
Filmflix,Sci-Fi,,,11.0
Final Orbit,Sci-Fi,8.5,12.0,65.0
Fing!,Sci-Fi,7.1,60.0,96.0
First Time,Sci-Fi,6.8,3400.0,108.0
First Zone,Sci-Fi,8.2,6.0,84.0
Foufo,Sci-Fi,7.1,57.0,120.0
Fractais Tropicais,Sci-Fi,,,72.0
Freaks Part II,Sci-Fi,9.1,11.0,
Freddie's Big Adventure,Sci-Fi,,,75.0
G.O.D.Tech,Sci-Fi,,,105.0
Gemeinsam einsam,Sci-Fi,,,56.0
Gladio: Monster Battles in the Alternate Dimension,Sci-Fi,,,82.0
Glitch,Sci-Fi,9.1,16.0,68.0
Graham Luis: The Mindrunner,Sci-Fi,,,59.0
Greenland 2: Migration,Sci-Fi,5.2,47000.0,98.0
Grey Wolf,Sci-Fi,,,59.0
Grind,Sci-Fi,7.8,74.0,104.0
Grotesqqque,Sci-Fi,,,
"Ha-Chan, Shake Your Booty!",Sci-Fi,7.2,134.0,122.0
Han ye deng zhu,Sci-Fi,6.5,77.0,90.0
Hawkins Power & Light,Sci-Fi,,,50.0
Heartworm,Sci-Fi,8.3,8.0,
Hell & Heaven,Sci-Fi,,,65.0
Hell Grind,Sci-Fi,4.0,73.0,95.0
Her Private Hell,Sci-Fi,4.5,2900.0,110.0
Hive,Sci-Fi,4.7,1000.0,91.0
Hollow Trees,Sci-Fi,,,80.0
Home Bodies,Sci-Fi,7.5,13.0,97.0
Hope,Sci-Fi,6.9,1200.0,160.0
Hoppers,Sci-Fi,7.2,83000.0,104.0
Hot Spot,Sci-Fi,4.7,234.0,101.0
Human Doll,Sci-Fi,,,
Hungry,Sci-Fi,7.5,15.0,
I Love Boosters,Sci-Fi,6.6,8300.0,113.0
Ice Twister,Sci-Fi,5.7,29.0,79.0
Ice-Pocalypse,Sci-Fi,2.5,196.0,85.0
Il Dio dell'amore,Sci-Fi,6.1,127.0,100.0
Il Regalo - The Gift,Sci-Fi,,,85.0
Imaginal Disk,Sci-Fi,9.3,21.0,59.0
Immortal Combat,Sci-Fi,2.2,403.0,88.0
Implosion 2026,Sci-Fi,4.0,8.0,88.0
Imposters,Sci-Fi,6.9,299.0,102.0
In the Blink of an Eye,Sci-Fi,6.1,7600.0,94.0
Indo: The First Piece,Sci-Fi,7.5,9.0,169.0
Infernaa - the realm of fire movie,Sci-Fi,,,90.0
Interval,Sci-Fi,,,88.0
Iron Lung,Sci-Fi,5.8,32000.0,125.0
Isolation,Sci-Fi,,,122.0
Jeffy's Five Nights at Freddy's,Sci-Fi,,,115.0
Jim Queen,Sci-Fi,7.6,951.0,85.0
Judge Michael: Rise of the Law,Sci-Fi,8.1,119.0,65.0
Junction Row,Sci-Fi,5.8,8.0,
Kadhal Aura - Madness of Love,Sci-Fi,,,143.0
Kalvansh,Sci-Fi,,,120.0
Kamen Rider Super King's Knight Legend Movie Third,Sci-Fi,,,
Kassa nevest,Sci-Fi,,,88.0
Khao Kala,Sci-Fi,4.5,21.0,96.0
Kill Code,Sci-Fi,4.0,3500.0,87.0
Killer Fembots,Sci-Fi,,,
Knights of the Old Republic: Escape from Taris,Sci-Fi,8.1,72.0,125.0
Kong vs. Megacock,Sci-Fi,4.6,32.0,61.0
Kosmicheskaya sobaka Lida,Sci-Fi,4.9,53.0,112.0
LIK: Love Insurance Kompany,Sci-Fi,5.6,4200.0,157.0
Le monde (presque) après,Sci-Fi,,,
Le vertige,Sci-Fi,6.0,348.0,67.0
Leaving Eden,Sci-Fi,,,
Legend of the White Dragon,Sci-Fi,,,97.0
Les Saturnides,Sci-Fi,,,70.0
Leviticus,Sci-Fi,6.4,15000.0,88.0
Levsha,Sci-Fi,5.4,227.0,113.0
London's Last Wilderness,Sci-Fi,,,60.0
Los Días Libres,Sci-Fi,6.2,12.0,84.0
Los nadadores,Sci-Fi,5.8,34.0,74.0
Love Is the Monster,Sci-Fi,,,95.0
Love Love: Fractures,Sci-Fi,8.7,8.0,
Lucid State,Sci-Fi,,,
Man Has A Mania,Sci-Fi,,,
Master of the Universe,Sci-Fi,2.8,1500.0,81.0
Masters of the Universe,Sci-Fi,6.4,114000.0,140.0
Masthishka Maranam,Sci-Fi,6.4,7000.0,147.0
Matador Bolero,Sci-Fi,,,97.0
Matter of Time,Sci-Fi,7.1,75.0,104.0
Maya Satya Bhram,Sci-Fi,8.8,58.0,134.0
Meercats Explode Dandelion,Sci-Fi,,,86.0
Mega Tsunami: The California Collapse,Sci-Fi,,,61.0
Mercy,Sci-Fi,6.2,80000.0,99.0
Metaverse Mayhem,Sci-Fi,,,62.0
Metropolis Beyond,Sci-Fi,,,70.0
Mike & Nick & Nick & Alice,Sci-Fi,6.2,26000.0,107.0
Milky Subway: The Galactic Limited Express to the Theater,Sci-Fi,6.8,298.0,46.0
Mirror Maze,Sci-Fi,,,135.0
Mischief Upon Mischief,Sci-Fi,6.5,22.0,123.0
Mismantler,Sci-Fi,,,79.0
Mobile Suit Gundam Hathaway: The Sorcery of Nymph Circe,Sci-Fi,7.0,427.0,108.0
Moda Kavida Vaatavarana,Sci-Fi,7.7,1100.0,118.0
Mokshya,Sci-Fi,,,
Monarque,Sci-Fi,,,
Mortal Kombat II,Sci-Fi,6.3,86000.0,116.0
"Mum, I'm Alien Pregnant",Sci-Fi,6.9,175.0,95.0
Myth 26,Sci-Fi,,,
N.I.M.: Artificial Intelligence,Sci-Fi,4.6,138.0,81.0
Naked Mermaid Alien,Sci-Fi,,,99.0
Never After Dark,Sci-Fi,6.5,153.0,105.0
New Worlds: Machine Uprising,Sci-Fi,6.4,11.0,83.0
Next Life,Sci-Fi,8.5,35.0,112.0
Night After Night,Sci-Fi,,,88.0
Nightmares Unleashed 2: Joseph's Revenge,Sci-Fi,,,
No Evidence of Man,Sci-Fi,7.7,28.0,94.0
Nobody's Violence,Sci-Fi,5.8,17.0,118.0
Not from Here,Sci-Fi,,,67.0
Oedipus King of AI,Sci-Fi,,,65.0
Oh Death,Sci-Fi,,,81.0
Okamiverse: Stray Hunter,Sci-Fi,,,
"Okay, It's Time to Go",Sci-Fi,,,111.0
One Man,Sci-Fi,,,100.0
Only One Left,Sci-Fi,,,
Onyx: Nexus,Sci-Fi,,,75.0
Operation Taco Gary's,Sci-Fi,5.4,887.0,88.0
Operations,Sci-Fi,,,62.0
Oscillation,Sci-Fi,,,62.0
Our Effed Up World,Sci-Fi,5.4,23.0,67.0
Out There,Sci-Fi,7.5,12.0,80.0
PAW Patrol: The Dino Movie,Sci-Fi,6.2,1700.0,88.0
Pacific,Sci-Fi,6.3,37.0,105.0
Parapeto,Sci-Fi,,,
Patlabor EZY: File 1,Sci-Fi,7.3,15.0,71.0
Patlabor EZY: File 2,Sci-Fi,,,70.0
Per Aspera Ad Astra,Sci-Fi,6.4,1300.0,111.0
Phenomena,Sci-Fi,7.2,32.0,86.0
"Philippe Shangti, the Future 2320",Sci-Fi,,,
Pilgrims,Sci-Fi,,,60.0
Pluto,Sci-Fi,5.9,1100.0,129.0
Pop Star Keepers,Sci-Fi,,,
Potassium: The Movie,Sci-Fi,,,102.0
Poyla Baishakh,Sci-Fi,,,159.0
Pretty Girls Kill,Sci-Fi,5.1,10.0,
Project Hail Mary,Sci-Fi,8.2,524000.0,156.0
Project O,Sci-Fi,8.2,5.0,131.0
Psycho,Sci-Fi,,,140.0
Quantum Flux,Sci-Fi,,,112.0
Qun Xing Shan Yao Shi,Sci-Fi,6.1,75.0,131.0
Radiators Popped as Pipes Rattled,Sci-Fi,,,50.0
Rage of Stars,Sci-Fi,4.1,518.0,98.0
Rainbow on Mars,Sci-Fi,3.8,174.0,112.0
Remanence,Sci-Fi,,,
Remanente: Voltagem,Sci-Fi,7.1,7.0,80.0
Retrospection,Sci-Fi,,,84.0
Robot Girls,Sci-Fi,1.9,82.0,87.0
Robotica,Sci-Fi,,,
Rock Springs,Sci-Fi,5.9,95.0,96.0
Rogue Trooper,Sci-Fi,8.2,53.0,125.0
"Sabes de Mim, Agora Esqueça",Sci-Fi,,,
Saccharine,Sci-Fi,5.9,4400.0,113.0
Sanguine,Sci-Fi,6.0,109.0,103.0
Sector 5,Sci-Fi,3.9,13.0,
Seemingly Curtis Cuspiltch,Sci-Fi,,,53.0
Sekundy do nulya,Sci-Fi,,,85.0
Serena,Sci-Fi,8.5,27.0,97.0
Sewing A Nightmare,Sci-Fi,,,53.0
Shackled,Sci-Fi,5.8,74.0,84.0
Sheep in the Box,Sci-Fi,6.1,617.0,126.0
Shin Gekijô-ban Keroro Gunsô Fukkatsu Shite Sokkô Chikyû Metsubô no Kiki de Arimasu!,Sci-Fi,6.2,16.0,109.0
Shocktopus,Sci-Fi,3.7,98.0,71.0
Short Fuse,Sci-Fi,8.9,63.0,100.0
Showdown in Secret City,Sci-Fi,7.4,296.0,95.0
Signal One,Sci-Fi,5.5,2500.0,87.0
Silicon Glitch,Sci-Fi,,,63.0
Simulacra,Sci-Fi,8.1,45.0,121.0
Sinking Road,Sci-Fi,8.3,21.0,56.0
Smeshariki. Skvoz vselennye,Sci-Fi,5.5,62.0,85.0
Sonic Dimensions/Sonic Rangers 3,Sci-Fi,,,124.0
Soulm8te,Sci-Fi,5.8,6100.0,99.0
"Soumsoum, la nuit des astres",Sci-Fi,6.3,79.0,101.0
Space Mutation,Sci-Fi,2.8,13.0,90.0
Space Ranger: New Worlds,Sci-Fi,3.0,66.0,68.0
Spare: a Copy with a Human Mind,Sci-Fi,,,128.0
Spasti bessmertnogo,Sci-Fi,8.2,161.0,105.0
Spider-Man: Brand New Day,Sci-Fi,8.0,268000.0,145.0
Star One,Sci-Fi,2.9,10.0,94.0
Star Trek: Legacies,Sci-Fi,,,164.0
Star Wars: The Mandalorian and Grogu,Sci-Fi,6.8,93000.0,132.0
Starlight,Sci-Fi,,,85.0
Storm Rider: Legend of Hammerhead,Sci-Fi,5.7,5200.0,105.0
Super parrs 3,Sci-Fi,,,98.0
Supergirl,Sci-Fi,5.8,86000.0,108.0
Symmes,Sci-Fi,,,
Taxila,Sci-Fi,7.2,505.0,110.0
The 1PunchDanMovie,Sci-Fi,,,80.0
The 6th Planet,Sci-Fi,,,80.0
The Amazing Digital Circus: The Last Act,Sci-Fi,7.5,6200.0,95.0
The Beast of Riverside Hollow,Sci-Fi,7.2,15.0,107.0
The Birdman,Sci-Fi,,,
The Black-Eyed Children 2,Sci-Fi,,,72.0
The Boy Who Counted Cars,Sci-Fi,,,104.0
The Bride!,Sci-Fi,5.6,37000.0,126.0
The Christine Paradox,Sci-Fi,,,6.0
The Colour of Everything,Sci-Fi,,,77.0
The Cow's Complaint,Sci-Fi,,,93.0
The Crystal Planet,Sci-Fi,7.3,28.0,97.0
The Distant Jump,Sci-Fi,,,
The Dog Stars,Sci-Fi,6.5,2000.0,118.0
The Dresden Sun,Sci-Fi,2.9,484.0,129.0
The End of It,Sci-Fi,6.2,55.0,102.0
The End of Oak Street,Sci-Fi,6.6,31000.0,99.0
The Exodus Mythology,Sci-Fi,,,150.0
The Galactic Ghoul,Sci-Fi,8.0,12.0,85.0
The Game of Life,Sci-Fi,5.3,112.0,94.0
The Giant Spider Invasion 50th Anniversary Reimagined Edition,Sci-Fi,,,93.0
The Girl Inside the Photograph,Sci-Fi,5.4,10.0,108.0
The Glasses 3D,Sci-Fi,,,
The Great Grand Superhero: Aliens Ka Aagman,Sci-Fi,6.9,2900.0,112.0
The Grimm Backward,Sci-Fi,,,72.0
The Happiest Man,Sci-Fi,2.5,10.0,
The Heart of the Future,Sci-Fi,,,72.0
The Hidden Order,Sci-Fi,,,81.0
The House on the Moon,Sci-Fi,5.4,10.0,
The Last Apocalypse,Sci-Fi,2.7,92.0,78.0
The Last Assassins,Sci-Fi,5.7,47.0,
The Last Guest: Reimagined - The Origin,Sci-Fi,8.5,53.0,87.0
The Last House,Sci-Fi,5.5,50000.0,112.0
The Last Zawgyi,Sci-Fi,,,45.0
The Leader,Sci-Fi,8.0,76.0,104.0
The Lights,Sci-Fi,,,
The Observatory,Sci-Fi,,,
The Others: Doom from the Stars,Sci-Fi,5.0,33.0,89.0
The Outer Threat,Sci-Fi,4.6,939.0,94.0
The Peril at Pincer Point,Sci-Fi,7.8,42.0,83.0
The Philippine President,Sci-Fi,,,120.0
The Queen,Sci-Fi,,,26.0
The Reality Experiment,Sci-Fi,9.0,9.0,93.0
The Sanctum 3: Afterlife,Sci-Fi,,,158.0
The Scourge 1,Sci-Fi,,,45.0
The Squirrel,Sci-Fi,6.9,73.0,92.0
The Sweet Idleness,Sci-Fi,,,
The Taken: Chapter One - The Arrival,Sci-Fi,,,62.0
The Twist,Sci-Fi,6.8,7.0,
The Unknown,Sci-Fi,6.3,210.0,139.0
The Vanishing Tour,Sci-Fi,8.5,17.0,91.0
The Wanted Rebel,Sci-Fi,,,125.0
The Whisper War,Sci-Fi,,,
The Xenophobes,Sci-Fi,,,126.0
Time Warp,Sci-Fi,8.3,11.0,112.0
Tiresias,Sci-Fi,5.5,33.0,83.0
Titanic Ocean,Sci-Fi,6.2,66.0,130.0
Trans-Fiction (Digital Friends),Sci-Fi,,,126.0
Trans-Plast-Otany,Sci-Fi,,,
Treagens' Black Shadows,Sci-Fi,2.7,35.0,57.0
Trishanku,Sci-Fi,,,111.0
Tropical SOV: Bizarro Sci-fi Samba,Sci-Fi,,,95.0
Turn It Up!,Sci-Fi,5.3,10.0,91.0
Tycoon,Sci-Fi,4.6,17.0,89.0
Undir Ísnum,Sci-Fi,5.5,53.0,
Unexpected Treasures,Sci-Fi,5.5,20.0,95.0
Unleashed V8 Revelations,Sci-Fi,,,140.0
Utazás a jövöbe és a múltba,Sci-Fi,,,55.0
Vacuum,Sci-Fi,,,
Vertical,Sci-Fi,9.6,8.0,72.0
Viper,Sci-Fi,6.7,59.0,87.0
Virus patoloske dobrote,Sci-Fi,8.8,21.0,99.0
Voidance,Sci-Fi,4.3,122.0,86.0
Voodoo: The Truth,Sci-Fi,,,90.0
WallDale,Sci-Fi,4.4,59.0,135.0
War Machine,Sci-Fi,6.3,116000.0,106.0
War of the Worlds: The Final Wave,Sci-Fi,,,109.0
Wasteland Cop,Sci-Fi,3.0,6.0,80.0
We Are Not Alone,Sci-Fi,,,72.0
Wicker,Sci-Fi,7.5,284.0,105.0
Wilderness,Sci-Fi,,,64.0
Winter: Battleground,Sci-Fi,2.4,186.0,83.0
Wizard of Death: Tinman's Rise,Sci-Fi,3.6,90.0,73.0
Wolven,Sci-Fi,,,112.0
Worlds Apart,Sci-Fi,8.2,9.0,63.0
Worry Time,Sci-Fi,8.3,10.0,
Yahangala Z50: Alien Village,Sci-Fi,,,
Yellow Cake,Sci-Fi,6.5,36.0,97.0
You Are the Film,Sci-Fi,6.7,77.0,68.0
Yugantar - The End of Time,Sci-Fi,,,160.0
Zero Wins,Sci-Fi,,,63.0
Zhdun 2,Sci-Fi,3.6,55.0,98.0
Zi,Sci-Fi,5.7,124.0,99.0
#Skyking,Thriller,7.3,1300.0,91.0
100 Days Love Story,Thriller,6.6,2200.0,119.0
1159,Thriller,3.2,7.0,93.0
13 Kilometers from the Tunnel,Thriller,5.8,27.0,135.0
180,Thriller,4.6,2300.0,94.0
1985: Memory,Thriller,,,55.0
21st century chains,Thriller,,,
28 Years Later: The Bone Temple,Thriller,7.2,124000.0,109.0
2:59,Thriller,,,
3 13 97,Thriller,,,
418,Thriller,,,
5 Days Made My Journey,Thriller,,,61.0
6 Weeks,Thriller,,,
7 Büyük Günah,Thriller,5.4,15.0,
7 Dogs,Thriller,5.6,4900.0,125.0
77 Hours,Thriller,9.3,32.0,
A Beautiful Breakup,Thriller,6.0,454.0,92.0
A Burial,Thriller,,,87.0
A Casa,Thriller,9.1,40.0,89.0
A Girl Knocks on Your Door,Thriller,7.3,10.0,90.0
A Good Man 3,Thriller,8.0,15.0,119.0
A Long Marathon,Thriller,,,124.0
A Margem do Rio,Thriller,7.1,15.0,117.0
A Mind in Chaos,Thriller,1.8,13.0,
A Mysterious Murder,Thriller,,,
A Safe Distance,Thriller,7.3,23.0,85.0
A Scarf for Joey,Thriller,6.2,13.0,
A Sense of Dread,Thriller,3.6,121.0,105.0
A Single Christian,Thriller,3.4,41.0,85.0
A Social Contract,Thriller,3.7,7.0,100.0
A person or,Thriller,,,
AM/FM,Thriller,,,61.0
AT - Welcome to the Dark Side,Thriller,8.5,832.0,143.0
Aa Gang Repu 3,Thriller,,,
Aadharam,Thriller,,,114.0
Aakhri Sawal,Thriller,5.6,13000.0,150.0
Aatti,Thriller,,,94.0
Above and Below,Thriller,4.7,368.0,96.0
Abraham's Lincoln,Thriller,,,89.0
Abyss,Thriller,,,
Accept Our Sincere Apologies,Thriller,4.7,15.0,
Accused,Thriller,4.5,2400.0,107.0
Achyuta Avataaram,Thriller,5.0,2800.0,130.0
Act One,Thriller,6.8,15.0,104.0
Adamya,Thriller,7.7,55.0,110.0
Addicted to Change,Thriller,5.2,52.0,86.0
Addiction,Thriller,8.5,13.0,84.0
Adored,Thriller,8.0,6.0,
Aeroport,Thriller,3.8,64.0,90.0
After Hours,Thriller,,,61.0
Agadha,Thriller,7.7,1100.0,137.0
Agent 072 Plan C Det väsentliga,Thriller,,,64.0
Agnibaan,Thriller,5.4,21.0,170.0
Ai Lao shan,Thriller,,,90.0
Ainthirai,Thriller,,,
Air Shift,Thriller,4.9,53.0,90.0
Ajurne,Thriller,,,50.0
Ala Chere Sita Raamuni Chentaku,Thriller,7.4,11.0,109.0
Aladdin's Revenge,Thriller,3.7,95.0,75.0
Alien Valley,Thriller,4.3,307.0,60.0
All Night Wrong,Thriller,4.9,332.0,91.0
All for One,Thriller,,,95.0
All the Good Eyes,Thriller,6.5,107.0,117.0
Alone in the Darkness,Thriller,6.2,6.0,
Alpha,Thriller,3.0,24000.0,141.0
Alpha Redemption,Thriller,,,117.0
Amadi,Thriller,,,48.0
American Dollhouse,Thriller,6.5,33.0,87.0
American Zoo,Thriller,8.2,9.0,85.0
Amityville Rex,Thriller,3.0,61.0,69.0
Amnesia,Thriller,8.3,18.0,95.0
An Affair to Remember,Thriller,6.4,11.0,87.0
An Anthology of Life,Thriller,,,84.0
Anam's Wake,Thriller,9.4,61.0,
Ananthan Kaadu,Thriller,7.3,80.0,157.0
AncheSeLiOdio,Thriller,7.6,14.0,105.0
And Her Body Was Never Found,Thriller,8.0,40.0,75.0
Ang Bangkay,Thriller,,,106.0
AngelCitySlasher,Thriller,9.2,13.0,49.0
Animol,Thriller,6.7,84.0,90.0
Anjaan,Thriller,8.0,5.0,
Ankam Attahasam,Thriller,8.5,388.0,126.0
Annyo Nisarg,Thriller,,,65.0
Anomie,Thriller,6.8,1500.0,135.0
Anschlag aus dem Schwitzerreich,Thriller,8.5,6.0,118.0
Antaryaami,Thriller,,,120.0
Antártida,Thriller,,,93.0
Anumana Pakshi,Thriller,,,
Anywhere,Thriller,5.7,106.0,101.0
Apartment 226,Thriller,,,
Apex,Thriller,6.1,107000.0,95.0
Apocalypse: Key to the Realms,Thriller,2.8,10.0,
Arey Apandra,Thriller,,,99.0
Aroopi,Thriller,5.2,1900.0,115.0
As I Walked Out in the Evening,Thriller,,,
As We Lay,Thriller,6.9,10.0,
Asesino Perfecto,Thriller,,,114.0
Asfixia,Thriller,,,110.0
Ashton Heights,Thriller,7.8,12.0,
Asphyxia,Thriller,,,119.0
Assi,Thriller,6.7,5200.0,134.0
Asurana Kaiyalli Parijata,Thriller,7.0,104.0,
Atarbibilane,Thriller,,,
Atlas King,Thriller,3.8,183.0,90.0
Aurora,Thriller,,,94.0
Aurora.Newsroom.,Thriller,,,
Ava and the Boy She Loved,Thriller,5.0,8.0,
Aversion,Thriller,6.8,27.0,
Awarapan 2,Thriller,6.6,12000.0,140.0
Baab,Thriller,6.8,32.0,97.0
Baazingg Khwatai,Thriller,8.7,61.0,115.0
Babita Singh Reporting,Thriller,,,131.0
Baby Do Die Do,Thriller,6.4,953.0,125.0
Baby Girl,Thriller,5.7,3300.0,124.0
Bachelorette Nightmare,Thriller,,,
Backrooms,Thriller,6.8,185000.0,126.0
Bad Apples,Thriller,4.2,137.0,75.0
Bad Day at the Office,Thriller,6.2,16.0,106.0
Bad Filmmaker,Thriller,,,
Bad News on the Doorstep,Thriller,8.0,8.0,
Bad Shuffle,Thriller,,,
Balan: The Boy,Thriller,8.1,5100.0,150.0
Balandrau: Where the Fierce Wind Blew,Thriller,6.6,567.0,119.0
Balaramana Dinagalu,Thriller,7.3,17.0,151.0
Baltimore Siege,Thriller,,,138.0
Bang,Thriller,,,46.0
Bare Skin,Thriller,4.1,334.0,142.0
Barreda,Thriller,,,105.0
Batman: Knightfall - Part 1: Knightfall,Thriller,8.0,2500.0,78.0
Bear Country,Thriller,5.6,2700.0,111.0
Beast Race,Thriller,4.7,1200.0,124.0
Beau Ideal,Thriller,7.8,10.0,109.0
Beauty,Thriller,9.2,1100.0,147.0
Before Never,Thriller,7.8,21.0,118.0
Behadd,Thriller,7.7,48.0,131.0
Behrupiyo,Thriller,5.6,49.0,152.0
Bengaluru Inn,Thriller,7.5,112.0,121.0
Best Served Cold,Thriller,4.3,55.0,98.0
Bharat Bhhagya Viddhaata,Thriller,6.5,7900.0,125.0
Bhishmar,Thriller,3.8,1200.0,142.0
Bhutacha Doraemon 2,Thriller,,,
Big Break,Thriller,8.1,15.0,
Bight,Thriller,4.9,1100.0,92.0
Bihaan,Thriller,,,
Black Birthday,Thriller,,,135.0
Black Box,Thriller,5.1,3300.0,85.0
Black Water Gate,Thriller,,,56.0
Black Zombie,Thriller,7.1,45.0,90.0
Blackout,Thriller,7.0,32.0,80.0
Blind Tiez,Thriller,,,
Blood & Ice,Thriller,7.9,8.0,
Blood Debt,Thriller,9.1,18.0,120.0
Blood River,Thriller,,,11.0
Blood Roses,Thriller,8.4,1200.0,149.0
Blood in the Comments,Thriller,4.2,6.0,
Bloodline Secrets,Thriller,6.8,9.0,88.0
Bloody Kevin,Thriller,9.1,635.0,109.0
Bloody Romance,Thriller,,,
Blue Box,Thriller,5.3,216.0,84.0
Bluebird,Thriller,,,
Bol Bol Rani,Thriller,8.2,2100.0,125.0
Bonding,Thriller,9.1,42.0,
Boomah,Thriller,,,120.0
Borderline,Thriller,3.5,328.0,95.0
Borealis,Thriller,5.2,9.0,94.0
Boris Is Dead,Thriller,7.0,9.0,88.0
Boss,Thriller,9.6,564.0,122.0
Bound by Betrayal,Thriller,8.8,20.0,
Boxed,Thriller,,,78.0
Boy of Your Dreams 2,Thriller,6.7,28.0,
Bravado,Thriller,8.4,9.0,
Breaking Point,Thriller,9.0,17.0,70.0
Breeder,Thriller,7.0,54.0,97.0
Bride for the Quarterback,Thriller,8.2,320.0,
Bring the Law,Thriller,3.9,245.0,95.0
Broken,Thriller,6.6,34.0,114.0
Broken Bonds,Thriller,4.8,82.0,109.0
Brother,Thriller,3.4,145.0,92.0
Brother Unknown,Thriller,5.8,29.0,95.0
Brothers Under Fire,Thriller,4.8,1800.0,101.0
Brown Sugar,Thriller,,,
Bullet Virumandi,Thriller,,,100.0
Bunker X09,Thriller,6.6,13.0,
Bunny!!,Thriller,5.6,409.0,127.0
Burning Rain,Thriller,6.9,8.0,90.0
Bury the Devil,Thriller,4.3,411.0,86.0
Burû Rokku,Thriller,7.7,75.0,128.0
By His Hand,Thriller,7.2,45.0,90.0
Caja Rapida,Thriller,8.7,60.0,
Call of Living Willie,Thriller,,,83.0
Camp Night,Thriller,,,85.0
Candy and the Pizza Ggirl,Thriller,4.3,57.0,100.0
Cap Farewell,Thriller,5.6,46.0,108.0
Carmeni Selvam,Thriller,6.5,218.0,149.0
Case No. 73,Thriller,8.5,204.0,122.0
Catch the Killer,Thriller,,,85.0
Catherine,Thriller,,,
Cativos,Thriller,8.5,6.0,91.0
Caught Slippin,Thriller,2.7,33.0,60.0
Chakranta,Thriller,5.2,8.0,
Chamayya S/o Ramachari,Thriller,,,105.0
Chamcham,Thriller,,,111.0
Chandra,Thriller,,,
Chandrappann,Thriller,,,146.0
Charak,Thriller,7.1,548.0,122.0
Chargesheet 03-08,Thriller,,,148.0
Chase,Thriller,,,92.0
Chasing Ghosts,Thriller,,,45.0
Cheekatilo,Thriller,5.5,8900.0,126.0
Chelot,Thriller,5.9,9.0,125.0
Child,Thriller,9.2,11.0,78.0
Chili Finger,Thriller,7.8,84.0,100.0
Chimera,Thriller,,,
Chiranjeevi,Thriller,,,
Chronovisor,Thriller,6.8,47.0,99.0
Chum,Thriller,2.9,1500.0,87.0
Citizen Vigilante,Thriller,5.8,37000.0,89.0
Ciudad de Muertos,Thriller,,,
Clash of the Thundermans,Thriller,8.9,55.0,
Closure,Thriller,7.0,72.0,108.0
Coaled Blood,Thriller,,,
Colony,Thriller,6.5,12000.0,122.0
Come il giorno e la notte,Thriller,,,
Confessions of a Shaman,Thriller,6.2,29.0,126.0
Congo2,Thriller,,,138.0
Conspiracy,Thriller,5.1,20.0,123.0
Consumed,Thriller,,,
Contention,Thriller,6.4,5.0,
Contradiction,Thriller,,,84.0
Corbin,Thriller,,,
Corporate Retreat,Thriller,3.7,796.0,90.0
Corpus,Thriller,7.2,17.0,102.0
Cotton Fever,Thriller,9.2,20.0,89.0
Crazed Intent,Thriller,8.8,56.0,75.0
Crime 101,Thriller,6.8,94000.0,140.0
Crimson Cove,Thriller,5.0,55.0,90.0
Crooked Suits,Thriller,7.4,11.0,
Crooks,Thriller,8.1,9.0,80.0
Cruel Hands,Thriller,4.2,225.0,76.0
Cruel Love,Thriller,6.4,33.0,
Crybaby Bridge,Thriller,4.1,79.0,86.0
Ctrl-Z,Thriller,,,
Culpable Invisible,Thriller,,,
Curse of the Influencers,Thriller,8.2,32.0,
Curse of the Shark,Thriller,4.6,32.0,109.0
Cynthia,Thriller,,,172.0
D-D-Daddy,Thriller,,,90.0
DC,Thriller,8.3,5000.0,141.0
DOC_05,Thriller,5.0,54.0,70.0
Dacoit: A Love Story,Thriller,7.4,10000.0,149.0
"Dad, I Want to Talk",Thriller,8.6,25.0,166.0
Daiva,Thriller,9.4,15.0,
Dakhul,Thriller,,,
Damsel,Thriller,,,
Dance of the Damned,Thriller,7.0,96.0,101.0
Dandelions,Thriller,,,
Dangerous Lust & Lies,Thriller,,,
Dangerous Ties 2,Thriller,,,
Dank Frank and the Freaks of Frack,Thriller,,,
Dante,Thriller,,,
Danur: The Last Chapter,Thriller,4.7,236.0,98.0
Daph,Thriller,,,
Dark Anniversary,Thriller,,,
Dark Giant,Thriller,5.8,790.0,136.0
Dark Highway,Thriller,7.4,10.0,91.0
Dark Justice,Thriller,,,
Dark Reckoning,Thriller,7.5,16.0,
Darkest at Dawn,Thriller,,,
Dasher,Thriller,,,41.0
David,Thriller,,,110.0
Daygame,Thriller,,,65.0
Deadlocked: Dad of the Dead,Thriller,5.8,21.0,
Deadly Killer,Thriller,2.4,335.0,148.0
Dear Radhi,Thriller,4.8,316.0,130.0
Death Came Knocking,Thriller,,,
Death Has No Master,Thriller,7.3,67.0,106.0
Death Sound,Thriller,,,75.0
Death by Fruitcake,Thriller,2.0,6.0,89.0
Debt to the Dead,Thriller,,,
Deep Water,Thriller,5.4,11000.0,106.0
Delhi Gate,Thriller,6.4,6.0,137.0
Delivery Boy Pizza on Time,Thriller,3.9,33.0,101.0
Dementium,Thriller,7.8,15.0,
Demon Squad: Tooth and Claw,Thriller,3.5,157.0,97.0
Depths of Fear,Thriller,8.6,85.0,75.0
Deranged Lover,Thriller,3.0,10.0,60.0
Descend Beyond,Thriller,,,113.0
Desert Fiends 2,Thriller,7.9,19.0,
Desire,Thriller,4.4,3100.0,97.0
Después de Kim,Thriller,6.8,18.0,107.0
Destiny's Race,Thriller,,,85.0
Detective Conan: Fallen Angel of the Highway,Thriller,6.2,454.0,109.0
Detective Teekshana,Thriller,9.2,505.0,121.0
Detrás de la Lluvia,Thriller,4.0,7.0,97.0
Devanobba Jaadugaara,Thriller,,,
Dharmaduddhaya 2,Thriller,7.7,52.0,
Dharpakad,Thriller,7.9,353.0,117.0
Dhurandhar No1,Thriller,4.8,11.0,
Dhurandhar: The Revenge,Thriller,8.2,71000.0,235.0
Dial 1098,Thriller,8.2,5.0,
Dial 1975,Thriller,5.2,67.0,
Diamond,Thriller,7.9,55.0,118.0
Digital Killer,Thriller,4.0,12.0,84.0
Dirty Games,Thriller,9.1,16.0,72.0
Dirty Hands,Thriller,4.0,277.0,80.0
Disclosure Day,Thriller,6.4,146000.0,145.0
Disgusting Man,Thriller,7.0,11.0,96.0
Dishti Bomma,Thriller,,,129.0
Disolution,Thriller,3.0,141.0,84.0
Disturbed,Thriller,6.1,39.0,
Diwali Ke Shor Mein,Thriller,,,102.0
Do Not Open,Thriller,3.0,181.0,80.0
Dobbeltspil,Thriller,5.7,69.0,96.0
Doctor Glas,Thriller,6.4,951.0,111.0
Doctor Plague,Thriller,2.6,169.0,83.0
Does God Know?,Thriller,,,85.0
"Dom, v kotorom lyudi ne zhivut",Thriller,4.3,7.0,78.0
Don't Get in the Car,Thriller,,,61.0
Don't Miss the Bus,Thriller,7.3,23.0,
Donya,Thriller,,,
Dose,Thriller,4.5,1900.0,141.0
Drag,Thriller,7.6,50.0,86.0
DreamQuil,Thriller,5.5,63.0,89.0
Dridam,Thriller,7.0,5300.0,128.0
Drip Drop,Thriller,4.9,22.0,63.0
Drishyam 3,Thriller,6.6,5200.0,157.0
Drushya Adrushya,Thriller,7.4,595.0,116.0
Dual,Thriller,,,
Dummy,Thriller,2.6,111.0,78.0
Dungeons of Ecstasy,Thriller,4.0,202.0,78.0
Duplikat,Thriller,,,141.0
Días de agosto,Thriller,6.5,19.0,95.0
EB,Thriller,4.9,144.0,108.0
Echo Point,Thriller,,,62.0
Echoes of Deception,Thriller,,,
Echoes of Fear the Movie,Thriller,,,
Ed,Thriller,,,
Ee Thani Niram,Thriller,6.8,576.0,124.0
Eixam,Thriller,,,100.0
El Convento,Thriller,5.0,37.0,100.0
El gran Makhaira,Thriller,,,93.0
El interrogante,Thriller,,,91.0
El nacimiento del niño cripto,Thriller,,,
El rastro del lobo,Thriller,,,
El rostro del diablo,Thriller,,,
Electromagnetic Bug,Thriller,9.0,17.0,75.0
Elephants in the Fog,Thriller,8.1,81.0,108.0
Elize: Shadows of a Woman,Thriller,6.0,3800.0,93.0
Empire of Lies,Thriller,5.2,269.0,73.0
Empty Heaven,Thriller,8.3,13.0,87.0
En nasjon i sjakk,Thriller,,,
End Zone,Thriller,7.0,60.0,126.0
Erracheera,Thriller,8.8,1100.0,132.0
Es frisst,Thriller,,,
Ettha Saguthide Payana Adda Daariyali Kannada Independent film,Thriller,8.7,7.0,47.0
Everything You Are (Producer's Cut),Thriller,5.5,16.0,103.0
Evil Eye,Thriller,4.3,8.0,110.0
Evil Follows,Thriller,4.2,82.0,
Evil's Return,Thriller,6.3,56.0,83.0
Facade,Thriller,,,
Faces,Thriller,6.7,2100.0,130.0
Facing El Chapo,Thriller,6.7,3600.0,91.0
Facts of Life Chapter 1,Thriller,,,115.0
Faithful Intentions,Thriller,7.8,21.0,
Fall 2: Deadpoint,Thriller,7.7,80.0,97.0
Family Movie,Thriller,7.1,71.0,81.0
Farm House,Thriller,3.5,65.0,61.0
Fatal Promises,Thriller,,,90.0
Fathers,Thriller,8.3,667.0,94.0
Felai FX - Trader Gelap: Apa Mau Takut,Thriller,,,88.0
Fight Maha,Thriller,9.3,1500.0,117.0
Final Clearance,Thriller,,,
Finding A World That Shouldnt Exist,Thriller,,,45.0
Finding Joy,Thriller,7.8,10.0,
Firebreak,Thriller,5.8,4700.0,107.0
First Time,Thriller,6.8,3400.0,108.0
Fjord,Thriller,7.9,2100.0,146.0
Flux,Thriller,7.7,14.0,90.0
Fourth Floor,Thriller,3.7,1000.0,134.0
Fredo Kind of Love,Thriller,,,
Freud and the Wolf-Man (AKA: Freud and his Wolf-Man),Thriller,,,126.0
Frostbite,Thriller,,,82.0
Furies,Thriller,,,
Furious Attack,Thriller,6.2,71.0,77.0
Föld és Vas,Thriller,,,115.0
Gale: Yellow Brick Road,Thriller,3.7,209.0,104.0
Game Night: Into the Dollhouse,Thriller,,,
Game Start,Thriller,5.9,71.0,96.0
Gaming Nightmare,Thriller,,,110.0
Gaskins: The Hitchhiker Killer,Thriller,,,
Gator Face,Thriller,8.6,132.0,80.0
Gentle Monster,Thriller,6.5,221.0,114.0
Get Set Go,Thriller,8.1,315.0,148.0
Gharga,Thriller,4.2,4900.0,118.0
Ghost Board,Thriller,5.1,204.0,125.0
Ghost in the Cell,Thriller,6.9,2100.0,106.0
Girlz N the Hood,Thriller,,,105.0
Give Me Back My Baby,Thriller,4.3,80.0,87.0
Gli imprevisti 2,Thriller,,,
God of This Age,Thriller,9.2,17.0,
Godhead,Thriller,7.6,26.0,
Gone to Ground,Thriller,5.7,34.0,116.0
Goody Goody,Thriller,7.2,5.0,80.0
Gorky Resort,Thriller,6.3,282.0,113.0
Governor: The Silent Saviour,Thriller,6.6,1900.0,122.0
Grave Robbers,Thriller,,,90.0
Greenland 2: Migration,Thriller,5.2,47000.0,98.0
Gropiusstadt Supernova,Thriller,6.5,9.0,78.0
Guarded,Thriller,,,93.0
Gumraah,Thriller,,,
Guptodhoner Khonje,Thriller,8.2,5.0,
Gym Rat,Thriller,7.9,19.0,103.0
Hallowarrior,Thriller,8.2,6.0,
Hallowed Grounds 2026,Thriller,,,80.0
Halo on the Floor,Thriller,7.7,6.0,62.0
Hands,Thriller,4.4,538.0,89.0
Hanging by a Wire,Thriller,7.4,56.0,98.0
Hard Piecez,Thriller,,,
Harmless,Thriller,,,
Harrd Disk,Thriller,5.4,6.0,85.0
Hasta,Thriller,,,45.0
Haunted Ghosts of the Past,Thriller,5.1,4000.0,140.0
Haunted House,Thriller,,,64.0
Have You Seen Her,Thriller,,,81.0
Hayagrriva,Thriller,6.5,101.0,148.0
He Always Starts with the Right Hand,Thriller,,,
He Bled Neon,Thriller,5.9,23.0,85.0
He Killed My Sister,Thriller,3.8,50.0,71.0
He Say She Say,Thriller,,,65.0
Heart of a Woman,Thriller,5.4,21.0,127.0
Hell Hath No Fury,Thriller,4.0,128.0,99.0
Hellfire,Thriller,4.7,2100.0,95.0
Her Best Revenge,Thriller,8.2,15.0,90.0
Her Dangerous Lovers,Thriller,5.6,13.0,
Her Last Patient,Thriller,,,
Her Private Hell,Thriller,4.5,2900.0,110.0
Heysel 85,Thriller,6.8,91.0,91.0
Hidden Enemy,Thriller,6.7,149.0,108.0
Hijacked,Thriller,5.8,93.0,81.0
Him or me,Thriller,,,
Hip Hip Hurray,Thriller,6.6,7.0,145.0
His Brother's Wife,Thriller,7.6,25.0,89.0
Hit a Lick: The Book of Mack,Thriller,,,51.0
Hive,Thriller,4.7,1000.0,91.0
Hokum,Thriller,6.7,59000.0,107.0
Hold Onto Me,Thriller,6.8,181.0,102.0
Hollow Girls,Thriller,,,87.0
Homage,Thriller,6.7,106.0,91.0
Honey,Thriller,3.6,2400.0,120.0
Hope,Thriller,6.9,1200.0,160.0
Hora y veinte,Thriller,,,80.0
Hostage,Thriller,5.4,83.0,92.0
Hot Girlz 3,Thriller,,,
Hot Spot,Thriller,4.7,234.0,101.0
Hours Before Dawn,Thriller,,,80.0
House of Ka,Thriller,5.0,73.0,
Housewives Murder Pact,Thriller,5.1,78.0,
How the Lonely Keep,Thriller,,,
How to Generate A Perfect Crime,Thriller,,,
How to Make a Killing,Thriller,6.5,41000.0,105.0
How to not have sex,Thriller,,,136.0
Human Cocaine,Thriller,5.7,30.0,107.0
Humint,Thriller,6.4,4000.0,119.0
Hungry,Thriller,5.0,3400.0,93.0
Hunter Among Us,Thriller,,,104.0
Hüddam 6: Cinnet,Thriller,3.5,44.0,
I Am the Alpha,Thriller,,,88.0
I Call Them Souls,Thriller,,,130.0
I Didn't Do It,Thriller,5.0,60.0,86.0
I Love You My Narcissist,Thriller,8.3,17.0,113.0
I Remember Every Death,Thriller,,,
I Want Him to Want Me,Thriller,5.0,9.0,78.0
I Want Your Sex,Thriller,6.4,2300.0,90.0
"I, Nobody",Thriller,6.0,700.0,168.0
Ice Cream Man,Thriller,3.8,4100.0,86.0
Ich ist ein Anderer,Thriller,6.3,24.0,93.0
Iconoclast,Thriller,7.9,15.0,120.0
Idol Seed,Thriller,,,57.0
If I Can't Have You,Thriller,6.9,43.0,111.0
Ikka,Thriller,5.5,4600.0,140.0
Il Regalo - The Gift,Thriller,,,85.0
Il cileno,Thriller,6.6,23.0,99.0
Ill Intentionz,Thriller,,,
Illusion of Love,Thriller,,,78.0
Imposters,Thriller,6.9,299.0,102.0
In All the Wrong Places,Thriller,,,96.0
In My Blood,Thriller,,,20.0
In the Grey,Thriller,6.3,38000.0,98.0
In the Name of the Father,Thriller,,,85.0
Inborn,Thriller,,,
Incubation,Thriller,6.2,7.0,
Indian Institute of Zombies,Thriller,5.2,1100.0,137.0
Infected,Thriller,,,99.0
Influenca: Controlling Crowds,Thriller,,,82.0
Inherited: The Movie,Thriller,,,
Insidious: Out of the Further,Thriller,6.2,8000.0,106.0
Insulation,Thriller,,,85.0
Irattayar,Thriller,,,
Irumbuth Thottam,Thriller,,,114.0
Irumudi,Thriller,7.5,1400.0,160.0
Is God Is,Thriller,6.5,6200.0,100.0
Ishkaboner Bibi,Thriller,,,102.0
Isla del Sur,Thriller,5.6,14.0,85.0
Isolation,Thriller,,,122.0
It Falls to Me,Thriller,,,
Ivan,Thriller,,,
JBStar's Murderer Among Us,Thriller,,,115.0
Jaanleva Ishq,Thriller,,,120.0
Jackalope,Thriller,,,
Jailbroken,Thriller,7.9,33.0,87.0
Jana Nayagan,Thriller,5.3,5800.0,183.0
Jangan Seperti Bapak,Thriller,7.2,13.0,100.0
Jardines del Bosque,Thriller,,,90.0
Jeevan Bheema Yojana,Thriller,,,
Jetlee,Thriller,5.4,495.0,135.0
Ji hap chong see,Thriller,9.2,12.0,128.0
Johnny Jumper,Thriller,5.8,7300.0,104.0
Josephine,Thriller,8.0,444.0,114.0
Jotaro,Thriller,,,102.0
Juliana contra o jambeiro do Diabo pelo coração de João Batista,Thriller,,,143.0
Juniors Journey,Thriller,3.3,12.0,132.0
Just Play Dead,Thriller,,,96.0
Juvenile Inspector,Thriller,,,
KD: The Devil,Thriller,6.1,4000.0,140.0
KJQ,Thriller,9.2,1000.0,155.0
KKK: 3 Raja,Thriller,9.1,358.0,129.0
KUL dilemma,Thriller,7.9,28.0,110.0
Kaa: The Forest,Thriller,6.6,684.0,112.0
Kaada,Thriller,,,112.0
Kaalam paranja kadha,Thriller,4.1,7.0,139.0
Kaalidas 2,Thriller,6.3,679.0,136.0
Kabanda,Thriller,7.3,19.0,109.0
Kadaknath,Thriller,9.2,100.0,133.0
Kafir: The Spirit Gate,Thriller,5.8,201.0,108.0
Kamen Rider Super King's Knight Legend Movie Third,Thriller,,,
Kandan,Thriller,7.7,13.0,115.0
Kangula: Maa Kali Ra Danda Nacha,Thriller,8.6,244.0,122.0
Kara,Thriller,6.8,6100.0,159.0
Karadu the Truth Is Unmasking,Thriller,,,
Karakkam,Thriller,4.1,2400.0,110.0
Karathey Babu,Thriller,,,
Karavali,Thriller,7.9,309.0,126.0
Karma,Thriller,6.6,29.0,149.0
Karma in Heels,Thriller,5.2,6.0,
Karmakhya,Thriller,9.0,2000.0,126.0
Kartavya,Thriller,5.4,4000.0,108.0
Kat Crime: Tales of the Occult,Thriller,6.9,479.0,88.0
Kattalan,Thriller,7.0,2600.0,120.0
Kattemar,Thriller,8.5,17.0,127.0
Katukutu Buro,Thriller,7.6,19.0,128.0
Keerthi,Thriller,,,
Khadam,Thriller,7.8,70.0,118.0
Khali Balak Min Nafsak,Thriller,5.7,143.0,105.0
Khalifa,Thriller,6.8,7800.0,159.0
Khoroshiy otets,Thriller,,,85.0
Kill Code,Thriller,4.0,3500.0,87.0
Kill Piece,Thriller,5.2,7.0,
Kill Trip,Thriller,2.8,244.0,
Killeidoscope,Thriller,,,126.0
Killer Fembots,Thriller,,,
Killer Whale,Thriller,3.7,5700.0,89.0
Killing Castro,Thriller,8.2,57.0,113.0
Kirata,Thriller,8.3,7.0,130.0
Kiss the Barrel,Thriller,,,90.0
Kiwi,Thriller,,,60.0
Kolahalamedu,Thriller,4.5,11.0,
Kong Tao,Thriller,5.1,47.0,97.0
Korat Fight: The Dream,Thriller,,,
Korpur,Thriller,6.0,2200.0,145.0
Kraken,Thriller,5.0,5900.0,100.0
Kraken:The Black Book of Hours,Thriller,5.8,185.0,111.0
Kucing Hitam,Thriller,,,
LGBT - A Legal Battle,Thriller,8.3,16.0,106.0
La Presencia del Vacío,Thriller,,,98.0
La Scala del Desiderio - Chi Sei?,Thriller,,,
La Terra del Golfo,Thriller,,,
La eterna noche de Jana Goldman,Thriller,,,
La guerre des prix,Thriller,6.6,208.0,96.0
La place,Thriller,,,
La ventana abierta,Thriller,,,
Labrador - autopsie du silence,Thriller,7.0,8.0,120.0
Lakesville,Thriller,,,
Last Call,Thriller,7.3,711.0,
Last Hit,Thriller,6.0,1100.0,79.0
Late Runner,Thriller,8.4,17.0,
Latina,Thriller,5.4,42.0,79.0
Leader,Thriller,7.6,7200.0,136.0
Leave,Thriller,3.4,49.0,
Legend of the Witches: Origins,Thriller,,,100.0
Lenin,Thriller,6.2,1600.0,159.0
Lenore,Thriller,5.7,22.0,88.0
Les,Thriller,,,
Les Regards Parallèles,Thriller,,,75.0
Let Them Come,Thriller,8.9,73.0,
Let's Murder Like It's 1999!,Thriller,5.9,60.0,86.0
Leviticus,Thriller,6.4,15000.0,88.0
Licence,Thriller,6.6,174.0,145.0
Lift,Thriller,6.7,17.0,98.0
Lihim ni Fiona,Thriller,8.2,7.0,50.0
"Living Twice, Dying Thrice",Thriller,3.8,12.0,103.0
Living for Crystal,Thriller,,,74.0
Lockdown,Thriller,5.2,329.0,120.0
Lone Star Bull,Thriller,5.4,20.0,90.0
Long Time Listener,Thriller,3.7,40.0,85.0
Los Vampires,Thriller,,,
Los nadadores,Thriller,5.8,34.0,74.0
Loss Signal,Thriller,8.8,10.0,
Love Is the Monster,Thriller,,,95.0
Love Love: Fractures,Thriller,8.7,8.0,
Love on the Edge,Thriller,5.8,9.0,102.0
Lovely A. I. - L.A.I.,Thriller,,,95.0
Loyalty and Larceny,Thriller,7.6,17.0,95.0
Lucky Strike,Thriller,5.3,2100.0,103.0
Ludo,Thriller,,,
Lure,Thriller,3.4,283.0,93.0
Lured,Thriller,,,84.0
Lus 11,Thriller,,,95.0
Lust,Thriller,,,
Luv Di Saun,Thriller,2.3,44.0,144.0
M4M: Motive for Murder,Thriller,7.1,4200.0,97.0
Maa Behen,Thriller,5.5,4800.0,127.0
Maa Inti Bangaram,Thriller,7.4,7300.0,154.0
Maaran,Thriller,6.9,33.0,134.0
Machina's little murder,Thriller,7.2,6.0,69.0
Mad Rush,Thriller,6.5,8.0,76.0
Maddane,Thriller,8.1,1000.0,142.0
Magudam,Thriller,5.3,647.0,183.0
Maid Robot,Thriller,1.8,84.0,
Make Yourself at Home,Thriller,5.3,18.0,108.0
Malam 3 Yasinan,Thriller,6.1,10.0,102.0
Mallory's Ghost,Thriller,7.9,14.0,87.0
Mamachya Govyala Jauya,Thriller,8.2,1800.0,121.0
Mamochka,Thriller,6.5,59.0,96.0
Man Across the Street,Thriller,8.5,11.0,91.0
Manga Maaya,Thriller,8.3,1000.0,131.0
Mango Pachcha,Thriller,8.5,39.0,95.0
Manipulation,Thriller,4.0,13.0,128.0
Mapas,Thriller,,,115.0
Mapeta - The Mystery,Thriller,,,90.0
Marcado,Thriller,,,189.0
Mardaani 3,Thriller,6.0,11000.0,129.0
Mardini,Thriller,8.5,23.0,128.0
Mareechika,Thriller,4.8,311.0,142.0
Marm Ek Bhed,Thriller,,,110.0
Married Alive,Thriller,,,87.0
Married to a Jailbird,Thriller,,,
Marrow,Thriller,8.4,52.0,
Martin vuelve,Thriller,,,
Master Mind,Thriller,8.2,7.0,
Masterni,Thriller,,,
Masthishka Maranam,Thriller,6.4,7000.0,147.0
Masud Rana,Thriller,4.7,24.0,162.0
Mata,Thriller,5.8,72.0,98.0
Mavuta,Thriller,,,139.0
Maya Satya Bhram,Thriller,8.8,58.0,134.0
Mayookha,Thriller,,,108.0
Meat,Thriller,,,
Mega Tsunami: The California Collapse,Thriller,,,61.0
Melaleuca,Thriller,8.0,24.0,
Memories Away,Thriller,,,81.0
Memsaab,Thriller,6.3,1100.0,127.0
Men Behind Bars,Thriller,,,76.0
Mercy,Thriller,6.2,80000.0,99.0
Mesdames Thanh Sac,Thriller,5.1,20.0,128.0
Mikael: Pemburu Dua Alam,Thriller,5.2,132.0,120.0
Mind Trap,Thriller,2.5,21.0,
Minotaur,Thriller,7.7,425.0,135.0
Mirror,Thriller,,,
Misdirection,Thriller,4.5,2500.0,88.0
Missing Pages,Thriller,,,83.0
Mission,Thriller,8.8,26.0,87.0
Mission Mumbai,Thriller,,,121.0
Missouri,Thriller,,,45.0
Mohiniyattam,Thriller,7.6,3100.0,145.0
Momacu,Thriller,6.1,119.0,129.0
"Mommy, I Don't Want To",Thriller,8.5,15.0,90.0
Moodswing Whiskey,Thriller,7.7,12.0,72.0
Moondram Kan,Thriller,5.8,69.0,115.0
Moonglow,Thriller,6.3,21.0,120.0
Moonlight Foot,Thriller,,,60.0
Mother Mary,Thriller,5.4,9400.0,111.0
Mother Promise,Thriller,7.0,94.0,166.0
Mother's Legacy,Thriller,,,
Moulin,Thriller,6.4,93.0,130.0
Mr. X,Thriller,6.0,1400.0,146.0
Mrigaya 1.5: The Hunt Continues,Thriller,,,
Mrithyunjay,Thriller,6.3,1100.0,122.0
Mruthyudevate,Thriller,,,150.0
Muffled,Thriller,,,
Muga Naga,Thriller,,,110.0
Murali,Thriller,8.4,7.0,139.0
Murder in Music City,Thriller,5.8,58.0,87.0
Murder in the Highland Manor,Thriller,4.6,173.0,90.0
Murder on the Blade,Thriller,7.8,11.0,
"Murders too close, Love too far",Thriller,7.0,6.0,
"Murders too close, love too far",Thriller,,,
Muse,Thriller,,,69.0
Mutiny,Thriller,5.7,11000.0,95.0
Mutter: The Diary of a Mother,Thriller,,,99.0
My Dearest Assassin,Thriller,5.7,1500.0,127.0
My Face,Thriller,,,105.0
My Husband's Sister,Thriller,5.6,14.0,
My Neighbor Is a Witch,Thriller,4.7,104.0,94.0
My Other Half,Thriller,5.2,78.0,82.0
My Sister's Bones,Thriller,4.5,427.0,81.0
Mystery Arena,Thriller,5.4,82.0,117.0
Máfia de Pelúcia,Thriller,8.1,8.0,70.0
N.I.M.: Artificial Intelligence,Thriller,4.6,138.0,81.0
NRI Dulhan,Thriller,,,128.0
Nabchi 48-sigan,Thriller,,,90.0
Nalox,Thriller,,,
Nameless,Thriller,6.2,24.0,81.0
Nar'sata: Sekutu Setan,Thriller,5.7,20.0,135.0
National Theatre at Home: The Authenticator,Thriller,,,
Navya Chakra - Psycon World,Thriller,7.0,54.0,100.0
Necropolis,Thriller,3.9,105.0,127.0
Never After Dark,Thriller,6.5,153.0,105.0
Never Stop Chasing,Thriller,7.7,60.0,102.0
Newborn,Thriller,5.1,364.0,102.0
Newton's 3rd Law,Thriller,9.2,4200.0,138.0
Nidstang,Thriller,,,80.0
Night,Thriller,,,72.0
Night After Night,Thriller,,,88.0
Night Haul: Nocturnal Nemesis - Part 2,Thriller,,,82.0
Night Nurse,Thriller,4.2,607.0,95.0
Night Shift,Thriller,4.6,73.0,88.0
Night Taxi,Thriller,8.9,14.0,79.0
Nightborn,Thriller,5.6,2300.0,92.0
Nightmares Unleashed 2: Joseph's Revenge,Thriller,,,
Nine,Thriller,,,82.0
Nine Black Cats,Thriller,,,96.0
Nizhal,Thriller,8.0,1100.0,101.0
No Dial Tone,Thriller,,,45.0
No Man's City,Thriller,,,95.0
No One Must Know,Thriller,,,
No Ordinary Heist,Thriller,5.7,939.0,99.0
No Return,Thriller,,,82.0
No quieras olvidarme,Thriller,,,81.0
Noblestone,Thriller,,,94.0
Nobody's Violence,Thriller,5.8,17.0,118.0
Nostalgias de un verano pasajero,Thriller,,,70.0
Not,Thriller,,,
Not by Blood,Thriller,,,91.0
Notes for Tomorrow,Thriller,6.4,6.0,
Nowhere Left to Hide,Thriller,4.7,7.0,92.0
Noxturne,Thriller,,,
Négy évszak,Thriller,,,76.0
O Jacaré,Thriller,6.1,14.0,92.0
O Preço da Culpa,Thriller,,,70.0
O' Romeo,Thriller,5.2,24000.0,178.0
OCD,Thriller,6.5,203.0,130.0
Oddities,Thriller,7.5,29.0,91.0
Office Tokyo Decadence,Thriller,1.9,38.0,
Offline,Thriller,9.3,16.0,
Oh Butterfly,Thriller,5.6,815.0,132.0
Ohh My Dog,Thriller,8.2,17000.0,141.0
Okay! Madam 2,Thriller,5.4,14.0,108.0
"Okay, It's Time to Go",Thriller,,,111.0
Okoro,Thriller,,,
Omnipresentes,Thriller,,,77.0
On Fait Le Point,Thriller,,,95.0
On Paper,Thriller,,,
On the Hunt,Thriller,2.9,221.0,90.0
Once a Week for Life,Thriller,7.2,120.0,111.0
One Last Deal,Thriller,5.9,764.0,89.0
One Man,Thriller,,,100.0
One Mile: Chapter One,Thriller,5.7,3800.0,89.0
One Mile: Chapter Two,Thriller,5.0,2600.0,83.0
Oru Durooha Saahacharyathil,Thriller,6.1,3100.0,135.0
Our House,Thriller,,,
Out,Thriller,,,
Outcome,Thriller,4.5,12000.0,83.0
Over Your Dead Body,Thriller,6.3,32000.0,105.0
OwlPellet,Thriller,,,47.0
P.H.A.S.E,Thriller,,,
PH-1,Thriller,6.6,38.0,85.0
Paatki,Thriller,7.7,29.0,121.0
Pacific,Thriller,6.3,37.0,105.0
Pagida Kali,Thriller,,,134.0
Paket Santet,Thriller,,,98.0
Pallichattambi,Thriller,5.9,4700.0,150.0
Pancake Man,Thriller,7.0,17.0,92.0
Panchhi2,Thriller,6.8,48.0,108.0
Pankh Hote to Udd Jate,Thriller,,,130.0
Panor 2,Thriller,6.1,149.0,125.0
Paper Tiger,Thriller,6.7,373.0,115.0
Paradise,Thriller,6.5,13.0,
Paraiso tropical (Tropical Paradise),Thriller,8.2,9.0,
Parallel Tales,Thriller,6.0,519.0,139.0
Paranormal Hollywood Haunting,Thriller,8.2,7.0,93.0
Parapeto,Thriller,,,
Parimala and Co,Thriller,6.0,1200.0,146.0
Party USA,Thriller,7.9,26.0,89.0
Passenger,Thriller,5.5,19000.0,97.0
Patriot,Thriller,6.2,2600.0,180.0
Pazhuthu,Thriller,,,
Peregovorshchik «Operatsiya Damask»,Thriller,,,92.0
Perfect Facade,Thriller,6.4,18.0,69.0
Perfect Soul,Thriller,6.2,53.0,125.0
Permanent Damage,Thriller,,,
Peter,Thriller,6.9,82.0,141.0
Pewaris Susuk,Thriller,5.8,17.0,94.0
Picture Perfect Sister-in-Law,Thriller,5.3,84.0,90.0
Pinocchio: Unstrung,Thriller,5.6,2300.0,82.0
Piztiak,Thriller,,,
Plan C,Thriller,6.5,31.0,89.0
Pluck,Thriller,,,90.0
Pok,Thriller,,,109.0
Police Family,Thriller,8.7,603.0,124.0
Policiaco sin crimen,Thriller,,,
Polong,Thriller,6.7,189.0,120.0
Pommalaattam,Thriller,,,140.0
Poovellaam Kettuppaar (PKP),Thriller,,,145.0
Prank Night,Thriller,4.7,140.0,95.0
Prathichaya,Thriller,5.7,1300.0,157.0
Pressure,Thriller,7.3,24000.0,100.0
Pressure Cooker,Thriller,7.2,257.0,172.0
Presumption of Death,Thriller,,,108.0
Pretty,Thriller,6.7,1500.0,123.0
Pretty Girls Kill,Thriller,5.1,10.0,
Pretty Lethal,Thriller,5.8,16000.0,88.0
Project Sacrifice,Thriller,5.4,129.0,106.0
Projecto Global,Thriller,6.3,132.0,140.0
Prosecution,Thriller,7.1,145.0,113.0
Psycho,Thriller,5.9,49.0,145.0
Psycho Killer,Thriller,4.7,6500.0,91.0
Psychopath: The White Rabbit Killer,Thriller,5.2,215.0,99.0
Puella Magi Madoka Magica the Movie -Walpurgisnacht Rising-,Thriller,,,120.0
Punjab '95,Thriller,8.8,106000.0,169.0
Pupa,Thriller,6.5,26.0,120.0
Putin Strikes Back 2,Thriller,,,67.0
Puyoodakam,Thriller,9.2,12.0,
Queen at Sea,Thriller,7.7,251.0,121.0
Raakaasa,Thriller,6.7,4000.0,130.0
Rabsha,Thriller,6.3,16.0,75.0
Radiators Popped as Pipes Rattled,Thriller,,,50.0
Rage,Thriller,,,132.0
Rage of Stars,Thriller,4.1,518.0,98.0
Ragu Ram,Thriller,,,109.0
Rahasyamaya Tanpura,Thriller,,,57.0
Rahasyamoy Gari,Thriller,,,140.0
Rahun Main Tere Rubaru,Thriller,6.5,11.0,119.0
Rain Catcher,Thriller,7.2,12.0,110.0
Rakkasapuradhol,Thriller,7.5,707.0,127.0
Rakkhosh,Thriller,4.6,664.0,142.0
Rakky,Thriller,9.3,413.0,122.0
Rakta Golapa,Thriller,7.8,19.0,140.0
Rao Bahadur,Thriller,8.0,4400.0,145.0
Razor,Thriller,4.3,151.0,130.0
Ready or Not 2: Here I Come,Thriller,6.5,72000.0,108.0
Reckless,Thriller,5.2,1300.0,91.0
Recluse,Thriller,7.8,25.0,106.0
Recorded 2,Thriller,5.5,43.0,
Red Cloud: New Day,Thriller,,,81.0
Red Days 2: Cecilia,Thriller,6.4,14.0,110.0
Red Emanuelle,Thriller,2.4,12.0,
Red Riding,Thriller,4.3,378.0,86.0
Refuge,Thriller,4.6,500.0,87.0
Relevant Evil,Thriller,,,
Remanente: Voltagem,Thriller,7.1,7.0,80.0
Remembering A Crystal,Thriller,,,
Rent Free,Thriller,5.2,28.0,
Repay It in Blood,Thriller,6.5,14.0,109.0
Repu Udayam 10 Gantalaku,Thriller,5.8,94.0,113.0
Resident Stand Alive,Thriller,,,
Return Gift,Thriller,,,107.0
Return from Tomorrow,Thriller,,,117.0
Revenge,Thriller,5.5,2100.0,103.0
Rinrada,Thriller,5.4,14.0,108.0
Rise of the Footsoldier: Retribution,Thriller,5.5,153.0,112.0
Risk It All,Thriller,5.1,9.0,
Robot Girls,Thriller,1.9,82.0,87.0
Rockabye,Thriller,5.4,98.0,97.0
RoktoRin,Thriller,,,
Rolling,Thriller,5.8,25.0,100.0
Rom Coms Must Die,Thriller,8.1,8.0,
Roma elastica,Thriller,5.6,47.0,107.0
Room 69,Thriller,3.1,18.0,67.0
Roommate,Thriller,,,
Rosebush Pruning,Thriller,5.2,1500.0,97.0
Rosie: The Saffron Chapter,Thriller,7.7,38.0,120.0
Rotten Society,Thriller,7.9,10.0,76.0
Rowe's Realm of Horror,Thriller,,,70.0
Roxanne,Thriller,7.8,6.0,94.0
Roya,Thriller,5.6,62.0,92.0
Ruby Island,Thriller,9.9,17.0,77.0
Rédemptions,Thriller,7.6,69.0,
S86,Thriller,7.4,12.0,69.0
Sach Ki Kkhoj,Thriller,8.2,511.0,98.0
Safe Exit,Thriller,6.2,35.0,113.0
Saffah El Tagammou,Thriller,6.3,12.0,90.0
Sahan,Thriller,5.4,14.0,104.0
Sakamoto Days,Thriller,7.5,61.0,128.0
Salmokji: Whispering Water,Thriller,5.6,1400.0,95.0
Salted Bones,Thriller,,,61.0
Sambhavam Adhyayam Onnu,Thriller,7.3,7700.0,129.0
Samsara,Thriller,,,77.0
Sanctus House,Thriller,3.0,78.0,
Sanguine,Thriller,6.0,109.0,103.0
Sansani: Bachelorette Party Gone Wild,Thriller,,,
Saptadingar Guptodhon,Thriller,6.3,333.0,135.0
Saraswathi,Thriller,5.1,271.0,121.0
Sarpanch,Thriller,8.5,42.0,145.0
Sattendru Maarudhu Vaanilai,Thriller,4.0,135.0,120.0
Sawtooth Mountain,Thriller,5.4,72.0,84.0
Scare Out,Thriller,5.2,747.0,104.0
Scorch Marks,Thriller,,,90.0
Scream 7,Thriller,5.5,65000.0,114.0
Scream Lives,Thriller,,,60.0
Sea of Glass,Thriller,,,129.0
Seans,Thriller,,,50.0
Second Case of Seetharam,Thriller,6.4,1100.0,120.0
Secret Lover,Thriller,,,
Secret of Kalinga,Thriller,5.1,6100.0,120.0
Secret of the Forest,Thriller,4.9,16.0,
Secured Survival: Prepping for the Day After,Thriller,,,
Sekundy do nulya,Thriller,,,85.0
Send Help,Thriller,6.7,151000.0,113.0
Sender,Thriller,6.8,72.0,94.0
Seni Duyuyorum,Thriller,,,80.0
Serena,Thriller,8.5,27.0,97.0
Seven Snipers,Thriller,4.4,3000.0,87.0
Sewing A Nightmare,Thriller,,,53.0
Shackled,Thriller,5.8,74.0,84.0
Shades,Thriller,,,
Shamshon W Dalila,Thriller,3.1,72.0,95.0
Shark Frenzy,Thriller,5.5,35.0,82.0
Shatir,Thriller,,,125.0
She Cries Murder,Thriller,5.9,47.0,87.0
She Likes to Watch,Thriller,6.2,55.0,85.0
She Stole My Son's Heart,Thriller,6.0,51.0,86.0
She Went Back,Thriller,,,
Shelter,Thriller,6.1,46000.0,107.0
Sherr,Thriller,9.2,2000.0,130.0
Shesha 2016,Thriller,4.9,2200.0,122.0
Shiboyugi: Playing Death Games to Put Food on the Table 44: Cloudy Beach,Thriller,7.4,98.0,89.0
Shimakaze in the Backrooms 2,Thriller,,,
Shocktopus,Thriller,3.7,98.0,71.0
Short Fuse,Thriller,8.9,63.0,100.0
Shurale,Thriller,4.5,85.0,90.0
Shut Down 2,Thriller,,,91.0
Si wang du ju,Thriller,6.3,36.0,100.0
Side Effects May Include...,Thriller,,,88.0
Sihir Tanah Kubur,Thriller,4.7,13.0,86.0
Simulacre,Thriller,,,136.0
Sinderella,Thriller,6.7,29.0,95.0
Sister,Thriller,5.6,127.0,86.0
Slasher: The Missing File,Thriller,7.7,13.0,104.0
Sledge,Thriller,9.0,6.0,50.0
Sleepwalker,Thriller,3.8,652.0,89.0
Slide Through Elaines Eyes,Thriller,,,
Snakebite,Thriller,,,103.0
Snakes 5,Thriller,6.5,67.0,108.0
Snapshot,Thriller,6.9,14.0,85.0
Sold to Death,Thriller,5.1,54.0,92.0
Solitary Goose,Thriller,,,90.0
Solo2 (Tentacoli d'acciaio),Thriller,,,
Someone's Daughter,Thriller,6.6,20.0,96.0
Something Old,Thriller,,,
Something Real,Thriller,6.6,101.0,
"Sometime the Wolf, or, the Meanness of the Blue at Dawn",Thriller,,,
Soulm8te,Thriller,5.8,6100.0,99.0
Sour Minnows,Thriller,7.2,27.0,83.0
Sovok,Thriller,,,95.0
Spades,Thriller,5.1,80.0,115.0
Special Op: Rent-a-Cop,Thriller,4.7,40.0,84.0
Specter's Rock,Thriller,5.3,34.0,152.0
Spill,Thriller,9.1,11.0,
Spiralbound,Thriller,,,76.0
Spiritbox,Thriller,,,45.0
Sprunki: The Movie,Thriller,7.7,77.0,98.0
Start Young,Thriller,,,
Stealing Magic,Thriller,9.1,9.0,88.0
Stew Peas,Thriller,7.5,9.0,124.0
Stone Elegy,Thriller,,,15.0
Straight Edge,Thriller,,,
Strand 45,Thriller,,,92.0
Strung,Thriller,5.0,1500.0,119.0
Sudden Light,Thriller,7.7,85.0,
Suffocation,Thriller,6.2,6.0,
Summer War,Thriller,5.7,12.0,104.0
Summerween,Thriller,2.7,174.0,86.0
Sunset Strip Killers,Thriller,3.9,169.0,88.0
Super Hit,Thriller,7.0,519.0,135.0
Superbuhei,Thriller,,,105.0
Suri Anna,Thriller,7.1,143.0,136.0
Suspect,Thriller,8.3,222.0,92.0
Suyodhana,Thriller,5.2,623.0,130.0
Suzzanna: Witchcraft,Thriller,5.3,249.0,135.0
Svidetel,Thriller,,,99.0
Sweet Candy Peach,Thriller,8.6,10.0,86.0
Sweet Rogue Killer 'SRK': The Killer's Game,Thriller,8.0,5.0,
System,Thriller,6.0,4200.0,123.0
Tadviruddha,Thriller,9.0,1000.0,133.0
Takeover,Thriller,6.9,23.0,89.0
Tales of the Underworld,Thriller,6.1,51.0,101.0
Talking to a Stranger,Thriller,7.0,26.0,
Tapped,Thriller,6.9,18.0,
Tarot: Yeniden Dogus,Thriller,4.9,8.0,75.0
Tatil,Thriller,,,
Ted Bunny,Thriller,4.0,106.0,91.0
Teenage Sex and Death at Camp Miasma,Thriller,7.2,6600.0,112.0
Tekenchu: The Rite of the Nahuales,Thriller,5.0,156.0,
Temnye mysli,Thriller,,,96.0
Tentaciones,Thriller,,,
Terror,Thriller,8.5,1000.0,143.0
That March,Thriller,4.7,211.0,95.0
The 6th Planet,Thriller,,,80.0
The Abyss,Thriller,4.9,154.0,82.0
The Arab,Thriller,7.4,31.0,106.0
The Art of Abuse,Thriller,,,
The Art of Telling Lies,Thriller,4.9,241.0,90.0
The Ascent,Thriller,,,102.0
The Awakening,Thriller,6.3,11.0,96.0
The Bachelorette Party,Thriller,5.2,72.0,81.0
The Bay,Thriller,3.8,1200.0,87.0
The Bell: A Call to Die,Thriller,6.9,12.0,91.0
The Birthday Party,Thriller,6.0,93.0,114.0
The Black Bible,Thriller,5.5,105.0,144.0
The Black Box,Thriller,,,
The Blood Countess,Thriller,5.7,112.0,118.0
The Bluff,Thriller,5.8,19000.0,103.0
The Bombay Blood,Thriller,,,95.0
The Boy by the Pool,Thriller,6.2,60.0,83.0
The Boy from Below,Thriller,4.4,476.0,97.0
The Brink of War,Thriller,6.7,1300.0,117.0
The Burning of Broken Beak,Thriller,6.9,18.0,97.0
The Calling Witch,Thriller,4.7,421.0,97.0
The Caretaker,Thriller,4.4,107.0,83.0
The Class: Online,Thriller,,,52.0
The Cowboy Killer,Thriller,6.9,15.0,94.0
The Cure,Thriller,4.7,1100.0,91.0
The Dating App Nightmare,Thriller,6.2,53.0,81.0
The Daughter She Left Behind,Thriller,6.0,25.0,87.0
The Debt Collector,Thriller,5.6,1300.0,132.0
The Devil Within,Thriller,5.1,124.0,84.0
The Devil is a Liar,Thriller,,,
The Devil's Mouth,Thriller,4.7,15000.0,106.0
The Divine Ideal of Killing,Thriller,4.4,18.0,133.0
The Dog Stars,Thriller,6.5,2000.0,118.0
The Dreadful,Thriller,3.9,2500.0,94.0
The Dreamed Adventure,Thriller,6.3,154.0,167.0
The Dresden Sun,Thriller,2.9,484.0,129.0
The Drift,Thriller,3.3,486.0,83.0
The Drop,Thriller,,,
The End of Oak Street,Thriller,6.6,31000.0,99.0
The Exhibitor,Thriller,5.7,43.0,
The Eyes,Thriller,5.6,146.0,105.0
The Fairfield County Four,Thriller,2.8,301.0,76.0
The Feed: Subject One,Thriller,,,
The Gallerist,Thriller,4.5,221.0,94.0
The Game of Life,Thriller,5.3,112.0,94.0
The Gates,Thriller,5.3,2000.0,99.0
The Genesis Project,Thriller,4.2,248.0,116.0
The Girl We Let In,Thriller,8.1,26.0,
The Glorious Dead,Thriller,7.6,8.0,80.0
The Good Samaritan,Thriller,,,
The Goodman,Thriller,8.1,9.0,84.0
The Great Punjab Robbery,Thriller,9.6,1700.0,135.0
The Grimm Backward,Thriller,,,72.0
The Groomsman,Thriller,7.4,23.0,
The Highest Stakes,Thriller,4.2,342.0,105.0
"The Hole, 309 Days to the Bloodiest Tragedy",Thriller,6.1,16.0,113.0
The Hollow Room,Thriller,,,56.0
The Hot Pot,Thriller,,,45.0
The House of Shadows,Thriller,,,121.0
The House on Haunted Grounds,Thriller,3.6,380.0,69.0
The House on Lidderman Street,Thriller,,,80.0
The Hunted,Thriller,8.1,16.0,68.0
The Huntress,Thriller,7.5,82.0,86.0
The Huntsman,Thriller,3.9,740.0,105.0
The India Story,Thriller,6.5,5200.0,150.0
The Internship,Thriller,4.1,1300.0,91.0
The Interrogation Room,Thriller,,,
The Invisible Guest,Thriller,6.8,99.0,121.0
The Jealous Bride,Thriller,6.8,20.0,91.0
The Kerala Story 2 Goes Beyond,Thriller,5.7,7400.0,131.0
The Keris,Thriller,3.7,18.0,132.0
The Laksman,Thriller,4.6,98.0,67.0
The Last Admission,Thriller,,,78.0
The Last Audition,Thriller,,,
The Last House,Thriller,5.5,50000.0,112.0
The Last Temptation of Becky,Thriller,7.8,27.0,89.0
The Latcher,Thriller,7.7,7.0,80.0
The Leader,Thriller,8.0,76.0,104.0
The Legend of Morgana,Thriller,,,
The Legend of Yella George,Thriller,,,72.0
The Lesson,Thriller,5.4,217.0,107.0
The Little Girl Who Didn't Exist,Thriller,6.2,33.0,86.0
The Lonely Crowd,Thriller,8.0,82.0,105.0
The Long Hunger,Thriller,,,84.0
The Mage,Thriller,,,97.0
The Maharashtra Files,Thriller,7.8,32.0,135.0
The Mail Lady 3,Thriller,5.3,19.0,105.0
The Mainenance Man 2 the Bayou Killer,Thriller,,,
The Man in the Window,Thriller,5.1,189.0,85.0
The Marked Woman,Thriller,5.5,3500.0,109.0
The Match-Stick Flame 3: Red Mafia,Thriller,4.0,15.0,69.0
The Meltdown,Thriller,6.4,71.0,108.0
The Mephistophiliac,Thriller,,,
The Moment,Thriller,6.1,5700.0,103.0
The Mysterious Case of Mr. Treaty,Thriller,,,
The Narmada Story,Thriller,6.4,21.0,121.0
The Night Everything Changed,Thriller,6.5,48.0,90.0
The Observance,Thriller,5.1,27.0,102.0
The Odyssey,Thriller,4.8,35.0,92.0
The Only Living Pickpocket in New York,Thriller,7.3,232.0,88.0
The Outer Threat,Thriller,4.6,939.0,94.0
The Paper Trap,Thriller,,,
The Passenger,Thriller,4.5,1400.0,93.0
The Past,Thriller,,,
The Patron,Thriller,6.4,102.0,100.0
The Penthouse,Thriller,,,102.0
The Perfect Victim,Thriller,8.7,23.0,94.0
The Plan,Thriller,8.2,49.0,74.0
The Precious Thing,Thriller,,,150.0
The President Must Die: Time Zero,Thriller,,,
The Price of Trust,Thriller,,,45.0
The Reality Experiment,Thriller,9.0,9.0,93.0
The Red Bag,Thriller,8.6,629.0,
The Red Hangar,Thriller,7.2,188.0,83.0
The Red Line,Thriller,6.1,1400.0,135.0
The Rip,Thriller,6.8,144000.0,113.0
The Roots,Thriller,9.1,8.0,
The Samca File,Thriller,5.7,127.0,90.0
The Samurai and the Prisoner,Thriller,7.0,595.0,147.0
The Saviors,Thriller,7.6,66.0,90.0
The Second Child,Thriller,5.6,8.0,104.0
The Sentence,Thriller,,,48.0
The Shadow in My Sleep,Thriller,,,45.0
The Shadows,Thriller,4.7,17.0,100.0
The Shining Play,Thriller,,,65.0
The Specialists,Thriller,,,96.0
The Stephanie Problem,Thriller,,,100.0
The Stolen Ties,Thriller,,,67.0
The Sweetest Kill,Thriller,8.1,13.0,
The Taken: Chapter One - The Arrival,Thriller,,,62.0
The Thin Black Line,Thriller,,,50.0
The Town That Takes,Thriller,5.6,27.0,93.0
The Trainer,Thriller,7.7,9.0,
The Trap,Thriller,,,
The Truthers,Thriller,5.3,2400.0,106.0
The Twin Who Lived,Thriller,6.4,34.0,
The Twist,Thriller,6.8,7.0,
The Undistilled,Thriller,,,
The Unknown,Thriller,6.3,210.0,139.0
The Unlawful Act,Thriller,8.7,14.0,
The Unlawful Act: Part 2,Thriller,9.0,10.0,
The Vandya Diaries,Thriller,,,53.0
The Vanishing Tour,Thriller,8.5,17.0,91.0
The Wandering Creature (and Other Tales),Thriller,,,
The Wanted Part II,Thriller,,,
The Watchers,Thriller,,,124.0
The Weight,Thriller,7.3,226.0,115.0
The Weight of Eyes,Thriller,6.1,25.0,81.0
The Weirdo from the West,Thriller,,,54.0
The Wet and the Wild,Thriller,8.5,6.0,
The Whisper Man,Thriller,,,111.0
The Whisper War,Thriller,,,
The Whistler,Thriller,4.2,715.0,96.0
The Wife They Built,Thriller,,,
The Wolf and the Lamb,Thriller,3.2,394.0,96.0
The Woman Before Me,Thriller,4.9,54.0,
The Woman Upstairs,Thriller,,,72.0
The Xenophobes,Thriller,,,126.0
The Yeti,Thriller,3.6,1500.0,93.0
Thedal,Thriller,,,125.0
Theeyor Koodam,Thriller,9.5,526.0,104.0
Therachaapa,Thriller,7.3,1100.0,151.0
They Took My Daughter,Thriller,5.6,48.0,
They Will Kill You,Thriller,6.3,50000.0,94.0
Thiraivi,Thriller,5.1,22.0,98.0
Third,Thriller,,,84.0
Third Close Encounter with a Kind Ghost,Thriller,,,61.0
Thrash,Thriller,5.0,33000.0,86.0
Three Colors: Pan-African,Thriller,7.8,24.0,123.0
Three Hearts One Night,Thriller,8.7,70.0,88.0
Thudakkam,Thriller,6.1,312.0,140.0
Thursday Night Is Too Dark,Thriller,,,
Thye Lordshippe,Thriller,,,75.0
TikTok Killer,Thriller,,,
Tiket Sehala,Thriller,6.4,18.0,103.0
Tip of the Iceberg,Thriller,,,
Tirik,Thriller,,,91.0
Titanic Ocean,Thriller,6.2,66.0,130.0
Toaster,Thriller,4.7,4300.0,120.0
Tom Clancy's Jack Ryan: Ghost War,Thriller,5.7,32000.0,105.0
Too Many Beasts,Thriller,6.9,49.0,95.0
Top Cop,Thriller,7.9,82.0,113.0
Tougher,Thriller,8.0,8.0,64.0
Toxench Zanv,Thriller,8.9,42.0,151.0
Toxic,Thriller,3.7,10000.0,192.0
Tradita,Thriller,,,97.0
Tragic Villain,Thriller,5.5,58.0,90.0
Trans-Fiction (Digital Friends),Thriller,,,126.0
Transference,Thriller,,,
Tras los pasos de la rubia platino,Thriller,6.1,11.0,122.0
Treagens' Black Shadows,Thriller,2.7,35.0,57.0
Trick or Terror,Thriller,,,61.0
Trick or Terror 2,Thriller,,,61.0
Trikala: Script of God,Thriller,7.7,1200.0,127.0
Trimukha,Thriller,6.9,1900.0,125.0
Tsumi no Toge,Thriller,,,91.0
Tu Male to Utssav,Thriller,6.3,13.0,129.0
Tu Reina,Thriller,,,108.0
Tu Yaa Main,Thriller,6.1,7400.0,143.0
Twin,Thriller,3.8,161.0,92.0
Twisted,Thriller,4.5,1600.0,93.0
Tycoon,Thriller,4.6,17.0,89.0
Tête-à-Tête(s),Thriller,,,66.0
Ugly Story,Thriller,7.0,2200.0,123.0
Un Maldito Lío,Thriller,,,99.0
Una chica en la estación,Thriller,,,97.0
Unauthorized Love,Thriller,5.0,41.0,74.0
Unconnected,Thriller,4.9,71.0,117.0
Unexpected,Thriller,,,75.0
Unmadham,Thriller,6.2,1200.0,141.0
Unrequited,Thriller,4.1,147.0,94.0
Unseen,Thriller,6.4,127.0,89.0
Until You're Alone,Thriller,,,107.0
Until the Very Last Page,Thriller,,,100.0
Untitled Varalaxmi Sarathkumar/Sanjeev Megoti Project,Thriller,,,
Unwinding,Thriller,6.1,20.0,105.0
Uttejana the Fire,Thriller,,,120.0
Uyir,Thriller,6.4,1800.0,145.0
V2,Thriller,,,71.0
Vaada,Thriller,,,
Vacuum,Thriller,,,
Vadhala,Thriller,3.5,45.0,130.0
Vaganso Khel,Thriller,8.7,9.0,127.0
Valathu Vashathe Kallan,Thriller,6.1,3000.0,135.0
Valediction,Thriller,,,100.0
Valluvan,Thriller,9.2,704.0,129.0
Vampires of the Velvet Lounge,Thriller,4.2,428.0,105.0
Vanished,Thriller,5.7,18.0,97.0
Vanishing Point,Thriller,6.7,268.0,140.0
Varavu,Thriller,5.4,1100.0,143.0
Vasudheva Sutham,Thriller,,,146.0
Veera Karrupu,Thriller,9.3,82.0,113.0
Velvicide,Thriller,5.4,50.0,
Vertical,Thriller,9.6,8.0,72.0
Via Negativa,Thriller,,,97.0
Victorian Psycho,Thriller,5.1,275.0,102.0
Viewpoint,Thriller,7.9,69.0,82.0
Vijaynagar'er Hirey,Thriller,6.5,117.0,110.0
Vikalpa,Thriller,7.6,337.0,113.0
Village of Eight Gravestones,Thriller,6.3,6.0,
Viradhya Viswam,Thriller,6.0,7.0,97.0
Visa,Thriller,5.6,12.0,90.0
Voice of State,Thriller,,,46.0
Voidance,Thriller,4.3,122.0,86.0
Vsi vidtinky spokusy,Thriller,3.7,183.0,90.0
Wa Make: De Film,Thriller,5.9,18.0,
WallDale,Thriller,4.4,59.0,135.0
War Machine,Thriller,6.3,116000.0,106.0
Wardriver,Thriller,5.5,2300.0,94.0
Watch Party,Thriller,,,79.0
Watchdog,Thriller,3.6,180.0,96.0
Water Park Shark,Thriller,3.5,436.0,91.0
Welcome to the Game >ClintsChapter,Thriller,,,90.0
Welcome to the Moon,Thriller,7.5,30.0,105.0
Wet Paper Bag,Thriller,7.3,21.0,89.0
What Happened the Summer of 2000,Thriller,,,
What Happened to Maria,Thriller,,,94.0
What She Didn't Tell Me,Thriller,6.8,33.0,85.0
What They Don't Know,Thriller,7.1,15.0,114.0
When Brothers break,Thriller,,,
When the Night Falls,Thriller,,,84.0
When the Smoke Clears,Thriller,,,
Where Sweet Dreams Die,Thriller,8.9,69.0,98.0
Whispers of the River,Thriller,8.5,61.0,72.0
White Eyes,Thriller,,,
White Lies II,Thriller,,,
Who,Thriller,4.3,247.0,130.0
Wildcards,Thriller,,,
Wilderness,Thriller,8.7,10.0,101.0
Willow Drive,Thriller,,,64.0
Winter: Battleground,Thriller,2.4,186.0,83.0
Wired,Thriller,,,101.0
Wizard of Death: Tinman's Rise,Thriller,3.6,90.0,73.0
Wolf Park,Thriller,,,47.0
Woman to Woman,Thriller,4.9,69.0,99.0
Work in Progress,Thriller,,,119.0
Worm,Thriller,7.9,11.0,85.0
Worry Time,Thriller,8.3,10.0,
Written in Blood,Thriller,7.4,25.0,94.0
Wrong Side of Dead,Thriller,2.8,222.0,96.0
Yaava Mohana Murali Kareithu,Thriller,,,111.0
Yadbhavam Tadbhavathi,Thriller,,,
Yamudu,Thriller,9.4,1500.0,122.0
Yazi Mi Tura Mi?,Thriller,,,
"Young Blondes, Stalked and Murdered",Thriller,7.1,13.0,65.0
Young White Americans,Thriller,,,56.0
Your Man Will be Mine,Thriller,,,75.0
Yugantar - The End of Time,Thriller,,,160.0
Zaverbovannyy,Thriller,2.9,104.0,86.0
Zeta,Thriller,5.8,3900.0,133.0
Zombeid,Thriller,6.5,256.0,107.0
Éternel retour,Thriller,,,
