Movie Name,Genre,Ratings,Voting Counts,Duration
The Invite,Drama,7.5,53000.0,107.0
Don't Say Good Luck,Drama,6.8,6200.0,95.0
Project Hail Mary,Drama,8.2,524000.0,156.0
Teenage Sex and Death at Camp Miasma,Drama,7.2,6600.0,112.0
The Dog Stars,Drama,6.5,2000.0,118.0
Tony,Drama,7.6,4900.0,106.0
Disclosure Day,Drama,6.4,146000.0,145.0
Michael,Drama,7.4,179000.0,127.0
Toy Story 5,Drama,7.4,74000.0,102.0
The Drama,Drama,7.1,118000.0,105.0
Mother Mary,Drama,5.4,9400.0,111.0
One Night Only,Drama,6.3,4900.0,102.0
The Devil Wears Prada 2,Drama,6.3,107000.0,119.0
Toxic,Drama,3.7,10000.0,192.0
In the Grey,Drama,6.3,38000.0,98.0
Awarapan 2,Drama,6.6,12000.0,140.0
The Death of Robin Hood,Drama,6.0,16000.0,122.0
Supergirl,Drama,5.8,86000.0,108.0
Pressure,Drama,7.3,24000.0,100.0
The Whisper Man,Drama,,,111.0
I Want Your Sex,Drama,6.4,2300.0,90.0
Cocktail 2,Drama,6.6,30000.0,150.0
Voicemails for Isabelle,Drama,7.3,50000.0,118.0
Khalifa,Drama,6.8,7800.0,159.0
Practical Magic 2,Drama,,,110.0
The Rip,Drama,6.8,144000.0,113.0
Rosebush Pruning,Drama,5.2,1500.0,97.0
Remarkably Bright Creatures,Drama,7.6,48000.0,111.0
Crime 101,Drama,6.8,94000.0,140.0
The Brink of War,Drama,6.7,1300.0,117.0
Irumudi,Drama,7.5,1400.0,160.0
Hope,Drama,6.9,1200.0,160.0
Main Vaapas Aaunga,Drama,8.0,12000.0,167.0
Truly Naked,Drama,6.4,1300.0,102.0
Atlas King,Drama,3.8,183.0,90.0
Wuthering Heights,Drama,6.1,90000.0,136.0
Is God Is,Drama,6.5,6200.0,100.0
Vishwanath and Sons,Drama,7.6,2700.0,161.0
Fall 2: Deadpoint,Drama,7.7,80.0,97.0
Lucky Strike,Drama,5.3,2100.0,103.0
Deep Water,Drama,5.4,11000.0,106.0
How to Make a Killing,Drama,6.5,41000.0,105.0
Enola Holmes 3,Drama,5.7,30000.0,105.0
Wicker,Drama,7.5,284.0,105.0
The Last Sunrise,Drama,5.7,1200.0,106.0
The Wrong Girls,Drama,6.0,619.0,99.0
Mercy,Drama,6.2,80000.0,99.0
Fjord,Drama,7.9,2100.0,146.0
Bethlehem Kudumba Unit,Drama,8.4,4300.0,157.0
DC,Drama,8.3,5000.0,141.0
Reminders of Him,Drama,6.3,12000.0,114.0
Tom Clancy's Jack Ryan: Ghost War,Drama,5.7,32000.0,105.0
Balan: The Boy,Drama,8.1,5100.0,150.0
The Bride!,Drama,5.6,37000.0,126.0
Governor: The Silent Saviour,Drama,6.6,1900.0,122.0
Hot Spot,Drama,4.7,234.0,101.0
La Fiera,Drama,6.1,906.0,113.0
One Mile: Chapter One,Drama,5.7,3800.0,89.0
Power Ballad,Drama,6.7,7400.0,98.0
Chennai Love Story,Drama,7.1,2900.0,180.0
Peaky Blinders: The Immortal Man,Drama,6.5,89000.0,112.0
Return to Silent Hill,Drama,4.0,25000.0,106.0
Desire,Drama,4.4,3100.0,97.0
Nightborn,Drama,5.6,2300.0,92.0
Batwara 1947,Drama,4.3,1800.0,160.0
Saccharine,Drama,5.9,4400.0,113.0
Pyaar Prema Kalyanam,Drama,7.4,1400.0,126.0
De Gaulle: Résistance,Drama,7.7,2400.0,160.0
I Love Boosters,Drama,6.6,8300.0,113.0
Paper Tiger,Drama,6.7,373.0,115.0
The Isolate Thief,Drama,5.7,1000.0,95.0
The Weight,Drama,7.3,226.0,115.0
Huan Ying Lai Long Can Guan,Drama,8.3,747.0,141.0
Beast,Drama,5.8,3900.0,114.0
Ohh My Dog,Drama,8.2,17000.0,141.0
Elize: Shadows of a Woman,Drama,6.0,3800.0,93.0
Sunny Dancer,Drama,7.3,838.0,106.0
Girls Like Girls,Drama,6.4,2900.0,95.0
Her Private Hell,Drama,4.5,2900.0,110.0
Jana Nayagan,Drama,5.3,5800.0,183.0
Union County,Drama,6.8,227.0,97.0
Josephine,Drama,8.0,444.0,114.0
Club Kid,Drama,7.7,153.0,122.0
Ishqnama,Drama,8.8,2600.0,145.0
The Truthers,Drama,5.3,2400.0,106.0
Modha Rathiri,Drama,9.1,1100.0,150.0
Punjab '95,Drama,8.8,106000.0,169.0
All That We Never Were,Drama,5.2,409.0,107.0
The Marked Woman,Drama,5.5,3500.0,109.0
Ikka,Drama,5.5,4600.0,140.0
Wildcards,Drama,,,
Psycho Killer,Drama,4.7,6500.0,91.0
Lenin,Drama,6.2,1600.0,159.0
Outcome,Drama,4.5,12000.0,83.0
Your Fault: London,Drama,6.0,5000.0,123.0
Batman: Knightfall - Part 1: Knightfall,Drama,8.0,2500.0,78.0
The Incomer,Drama,7.3,172.0,102.0
Idhayam Murali,Drama,7.2,5600.0,150.0
The Samurai and the Prisoner,Drama,7.0,595.0,147.0
Minotaur,Drama,7.7,425.0,135.0
Dear You,Drama,8.3,1900.0,118.0
A Great Awakening,Drama,6.6,1800.0,129.0
Bitter Christmas,Drama,6.3,3900.0,111.0
Fatherland,Drama,7.1,931.0,82.0
La bola negra,Drama,7.3,399.0,155.0
The Only Living Pickpocket in New York,Drama,7.3,232.0,88.0
Maa Inti Bangaram,Drama,7.4,7300.0,154.0
"Miss You, Love You",Drama,6.8,2300.0,97.0
Yaar Jigree Kasooti Degree,Drama,8.2,870.0,168.0
All of a Sudden,Drama,8.0,625.0,196.0
One Mile: Chapter Two,Drama,5.0,2600.0,83.0
Dridam,Drama,7.0,5300.0,128.0
Heartstopper Forever,Drama,6.9,8000.0,114.0
Boulevard,Drama,4.7,1600.0,112.0
Blades of the Guardians,Drama,6.8,3900.0,126.0
Gatta Kusthi 2,Drama,6.8,2800.0,154.0
Hadestown: The Musical,Drama,8.6,2800.0,141.0
Your Heart Will Be Broken,Drama,4.8,925.0,134.0
Pretty Babies,Drama,6.3,21.0,92.0
Blast,Drama,7.3,17000.0,142.0
The Bluff,Drama,5.8,19000.0,103.0
Peddi,Drama,5.2,9000.0,182.0
Midwinter Break,Drama,6.0,1500.0,90.0
Nando Between Two Worlds - A Sintonia Film,Drama,4.5,303.0,109.0
Kraken,Drama,5.0,5900.0,100.0
In the Blink of an Eye,Drama,6.1,7600.0,94.0
Colours of Evil: Black,Drama,5.9,3400.0,110.0
Just an Illusion,Drama,7.3,1300.0,116.0
Skintown,Drama,7.9,25.0,99.0
Den hemmelige kvinde,Drama,,,
The Bay,Drama,3.8,1200.0,87.0
Savage House,Drama,6.1,1300.0,113.0
Madfabulous,Drama,5.7,215.0,108.0
Euphoria,Drama,7.3,2900.0,150.0
I Can Only Imagine 2,Drama,7.1,1700.0,110.0
The Moment,Drama,6.1,5700.0,103.0
The Sun Never Sets,Drama,6.7,63.0,102.0
Rose,Drama,7.6,1100.0,94.0
The Beloved,Drama,7.1,960.0,135.0
The Odyssey,Drama,2.3,297.0,86.0
De Gaulle: Part 2- Liberte,Drama,8.0,1400.0,157.0
Imposters,Drama,6.9,299.0,102.0
The Invisible Guest,Drama,6.8,99.0,121.0
If I Go Will They Miss Me,Drama,6.8,147.0,95.0
Rao Bahadur,Drama,8.0,4400.0,145.0
Aakhri Sawal,Drama,5.6,13000.0,150.0
Coward,Drama,7.2,250.0,120.0
The Leader,Drama,8.0,76.0,104.0
"Love Me, Love Me",Drama,4.3,5900.0,99.0
No Rest for the Wicked,Drama,8.1,33.0,103.0
Diamond,Drama,7.9,55.0,118.0
Killing Castro,Drama,8.2,57.0,113.0
Bharat Bhhagya Viddhaata,Drama,6.5,7900.0,125.0
La Gradiva,Drama,7.6,197.0,145.0
Everytime,Drama,7.2,284.0,119.0
Queen at Sea,Drama,7.7,251.0,121.0
Still Hope,Drama,6.1,291.0,113.0
Gentle Monster,Drama,6.5,221.0,114.0
The Great Grand Superhero: Aliens Ka Aagman,Drama,6.9,2900.0,112.0
500 Miles,Drama,7.3,334.0,102.0
Elijah Peel,Drama,7.4,84.0,107.0
Johnny Jumper,Drama,5.8,7300.0,104.0
23 000 Lives,Drama,5.2,1500.0,112.0
Con City,Drama,6.7,2400.0,150.0
29,Drama,7.7,6300.0,150.0
Scorch Marks,Drama,,,90.0
"Keu Bole Biplobi, Keu Bole Dakat",Drama,8.4,1300.0,144.0
Brothers Under Fire,Drama,4.8,1800.0,101.0
The Last Day,Drama,7.3,40.0,99.0
Clash of the Thundermans,Drama,8.9,55.0,
Kattalan,Drama,7.0,2600.0,120.0
Nu e locul tau aici,Drama,7.2,32.0,154.0
Sheep in the Box,Drama,6.1,617.0,126.0
Virus patoloske dobrote,Drama,8.8,21.0,99.0
Holy Days,Drama,5.9,581.0,101.0
Propeller: One-Way Night Coach,Drama,5.8,2000.0,61.0
The Swedish Connection,Drama,6.9,5300.0,102.0
"Ganito, ganyan, ganoon",Drama,5.6,125.0,112.0
Karuppu,Drama,6.1,11000.0,150.0
Newborn,Drama,5.1,364.0,102.0
The Saviors,Drama,7.6,66.0,90.0
Couples Weekend,Drama,4.6,660.0,96.0
The Unknown,Drama,6.3,210.0,139.0
Parallel Tales,Drama,6.0,519.0,139.0
Number One,Drama,6.5,273.0,104.0
Nooru Saami,Drama,7.4,1500.0,129.0
Deewana,Drama,8.2,1400.0,150.0
Nagabandham - The Secret Treasure,Drama,6.7,5700.0,185.0
Border 2,Drama,5.8,21000.0,200.0
Ernie & Emma,Drama,9.2,83.0,88.0
Grizzly Night,Drama,4.6,1500.0,87.0
Tangles,Drama,7.6,93.0,102.0
Raja Shivaji,Drama,6.7,24000.0,195.0
Test,Drama,7.6,37.0,113.0
Sannidhanam P.O.,Drama,6.8,3700.0,130.0
Yellow Letters,Drama,7.2,2000.0,127.0
G.D.N.,Drama,8.5,1200.0,146.0
Hai Jawani Toh Ishq Hona Hai,Drama,4.1,13000.0,136.0
Creampie,Drama,5.9,43.0,80.0
A Love Like This,Drama,5.4,214.0,88.0
Dacoit: A Love Story,Drama,7.4,10000.0,149.0
Pati Patni Aur Woh Do,Drama,5.8,8900.0,117.0
Wishful Thinking,Drama,7.4,73.0,105.0
"Ha-Chan, Shake Your Booty!",Drama,7.2,134.0,122.0
O' Romeo,Drama,5.2,24000.0,178.0
Oscar Shaw,Drama,4.6,756.0,93.0
Down the Arm of God,Drama,8.9,51.0,106.0
Do Us Part,Drama,8.3,32.0,94.0
Filipiñana,Drama,6.5,146.0,100.0
Accused,Drama,4.5,2400.0,107.0
Let's Love,Drama,4.9,113.0,82.0
Firebreak,Drama,5.8,4700.0,107.0
"I, Object",Drama,7.2,24.0,92.0
The King’s Warden,Drama,7.1,1400.0,116.0
The Man I Love,Drama,5.3,447.0,95.0
Mesdames Thanh Sac,Drama,5.1,20.0,128.0
Babita Singh Reporting,Drama,,,131.0
Happy Hours,Drama,8.8,35.0,80.0
Mexicali,Drama,5.5,584.0,99.0
Full Phil,Drama,5.5,53.0,78.0
Salvation,Drama,6.9,671.0,117.0
The Blood Countess,Drama,5.7,112.0,118.0
Wait for Me to be Successful Later,Drama,7.7,479.0,110.0
A Dare to Kiss My Bad Boy,Drama,8.0,66.0,
Chand Mera Dil,Drama,6.3,7500.0,135.0
Mexico 86,Drama,6.4,2800.0,95.0
Vaazha II: Biopic of a Billion Bros,Drama,8.0,7200.0,160.0
The Amazing Digital Circus: The Last Act,Drama,7.5,6200.0,95.0
Shree Baba Neeb Karori Maharaj,Drama,8.6,74.0,145.0
Kill Code,Drama,4.0,3500.0,87.0
Ikkis,Drama,6.1,27000.0,144.0
Sarpanch,Drama,8.5,42.0,145.0
Srinivasa Mangapuram,Drama,3.8,141.0,150.0
Blir du ledsen om jag dör?,Drama,6.7,59.0,
Cotton Fever,Drama,9.2,20.0,89.0
Casa Grande,Drama,4.7,218.0,113.0
Patriot,Drama,6.2,2600.0,180.0
See You When I See You,Drama,7.5,112.0,101.0
Death Has No Master,Drama,7.3,67.0,106.0
No Ordinary Heist,Drama,5.7,939.0,99.0
The Birthday Party,Drama,6.0,93.0,114.0
In Memoriam,Drama,8.1,32.0,118.0
Take Me Home,Drama,7.4,81.0,91.0
Big Girls Don't Cry,Drama,6.9,110.0,100.0
I See Buildings Fall Like Lightning,Drama,6.9,85.0,109.0
Virginia Woolf's Night & Day,Drama,6.0,275.0,95.0
Mollywood Times,Drama,7.2,5100.0,150.0
Sing Geetham,Drama,6.6,1000.0,140.0
Chili Finger,Drama,7.8,84.0,100.0
Dark Secrets,Drama,7.7,32.0,118.0
Sex Drive,Drama,,,
Another Day,Drama,6.2,97.0,120.0
Per Aspera Ad Astra,Drama,6.4,1300.0,111.0
Happy Raj,Drama,6.7,1500.0,159.0
Ek Din,Drama,6.4,1800.0,125.0
3 nedelje posle,Drama,7.2,47.0,94.0
Reckless,Drama,5.2,1300.0,91.0
Cosmic Princess Kaguya!,Drama,7.1,3200.0,143.0
In a Whisper,Drama,6.9,277.0,111.0
Eat Pray Bark,Drama,5.5,2400.0,91.0
Nibba Nibbi,Drama,8.1,1100.0,121.0
Evil Follows,Drama,4.2,82.0,
Feel My Voice,Drama,6.6,1900.0,106.0
Atonement,Drama,7.3,53.0,118.0
Spaziergang nach Syrakus,Drama,6.8,70.0,97.0
Athiradi,Drama,6.8,3100.0,157.0
Godari Gattupaina,Drama,7.2,1200.0,145.0
Growth of the Soil,Drama,,,155.0
Drishyam 3,Drama,6.6,5200.0,157.0
With Love,Drama,7.6,6800.0,141.0
Kara,Drama,6.8,6100.0,159.0
Lunok,Drama,5.8,43.0,73.0
Diary of a Chambermaid,Drama,6.9,145.0,94.0
Hasta el fin del mundo,Drama,5.0,120.0,98.0
Double Occupancy,Drama,6.2,515.0,130.0
KD: The Devil,Drama,6.1,4000.0,140.0
Frame,Drama,7.1,128.0,115.0
Tayuan 2,Drama,6.6,94.0,70.0
Krishnavatar Part 1: Hridayam,Drama,7.5,2200.0,150.0
The Accompanist,Drama,8.0,23.0,110.0
Gauthali,Drama,8.7,50.0,138.0
The Things Left Unspoken,Drama,6.7,1200.0,114.0
The Theft of the Caravaggio,Drama,5.2,256.0,90.0
Achyuta Avataaram,Drama,5.0,2800.0,130.0
Kartavya,Drama,5.4,4000.0,108.0
The Rays and Shadows,Drama,7.4,1100.0,199.0
Butterfly Jam,Drama,6.1,56.0,102.0
The End of It,Drama,6.2,55.0,102.0
Oye Bhole Oye 2,Drama,7.0,1600.0,142.0
Chinna Chinna Aasai,Drama,6.5,605.0,136.0
Made in Korea,Drama,6.0,2600.0,113.0
Pallaburusu,Drama,7.4,2000.0,145.0
Thaai Kizhavi,Drama,7.5,2700.0,150.0
The Education of Jane Cumming,Drama,7.3,63.0,114.0
Last Hit,Drama,6.0,1100.0,79.0
Ananthan Kaadu,Drama,7.3,80.0,157.0
Antártida,Drama,,,93.0
Judaa,Drama,9.0,338.0,130.0
Magudam,Drama,5.3,647.0,183.0
Carousel,Drama,5.4,137.0,105.0
Allegro Pastell,Drama,5.7,180.0,100.0
Sweety Naughty Crazy,Drama,6.6,430.0,142.0
At the Sea,Drama,5.7,152.0,112.0
Firtina Kiz,Drama,5.6,203.0,88.0
F*ck Valentines Day,Drama,5.3,3200.0,95.0
Deool Band 2,Drama,7.6,527.0,182.0
And Her Body Was Never Found,Drama,8.0,40.0,75.0
Everybody Digs Bill Evans,Drama,6.6,169.0,102.0
Hugo,Drama,6.1,154.0,89.0
Hibla 2,Drama,5.1,56.0,84.0
Levitating,Drama,7.8,261.0,119.0
Check-In,Drama,6.5,175.0,73.0
Aryabhatt Ka Zero,Drama,8.9,1600.0,114.0
The Gardener,Drama,5.6,36.0,107.0
Free Fall: Who You Are,Drama,8.6,557.0,124.0
Mardaani 3,Drama,6.0,11000.0,129.0
Butterfly,Drama,6.2,89.0,120.0
System,Drama,6.0,4200.0,123.0
Doraemon: Nobita and the New Castle of the Undersea Devil,Drama,6.2,194.0,102.0
Trial of Hein,Drama,7.3,116.0,122.0
Clean Hands,Drama,,,108.0
The Lightkeeper,Drama,5.7,11.0,
Chasing Summer,Drama,6.2,181.0,91.0
Thudakkam,Drama,6.1,312.0,140.0
Roma elastica,Drama,5.6,47.0,107.0
Kikirot-kirot,Drama,5.4,53.0,75.0
KJQ,Drama,9.2,1000.0,155.0
Kingdom 5,Drama,7.6,70.0,
A Man of His Time,Drama,6.4,161.0,155.0
Pansamantala,Drama,6.3,296.0,72.0
Moses the Black,Drama,5.2,307.0,104.0
Too Many Beasts,Drama,6.9,49.0,95.0
Uttar Da Puttar,Drama,8.5,13000.0,103.0
You Can't Win,Drama,4.4,213.0,108.0
We Are All Strangers,Drama,7.1,139.0,157.0
"Apoy sa ibabaw, apoy sa ilalim",Drama,,,79.0
Slay,Drama,,,89.0
Tu Yaa Main,Drama,6.1,7400.0,143.0
180,Drama,4.6,2300.0,94.0
National Theatre Live: Les Liaisons Dangereuses,Drama,8.4,87.0,180.0
Puella Magi Madoka Magica the Movie -Walpurgisnacht Rising-,Drama,,,120.0
Assi,Drama,6.7,5200.0,134.0
Chirudo,Drama,6.6,102.0,88.0
Ang modista,Drama,5.0,25.0,82.0
Ashes,Drama,6.2,55.0,98.0
Burû Rokku,Drama,7.7,75.0,128.0
Aajo Ardhangini,Drama,8.3,78.0,150.0
Goodbye Cruel World,Drama,6.3,42.0,93.0
Karavali,Drama,7.9,309.0,126.0
Hi,Drama,,,144.0
All the Lovers in the Night,Drama,6.7,30.0,139.0
Flies,Drama,7.5,280.0,102.0
The Red Line,Drama,6.1,1400.0,135.0
Once More,Drama,,,131.0
A prayer for the dying,Drama,6.3,109.0,95.0
"Honestly, I'm Fine",Drama,6.9,1100.0,107.0
Parasakthi,Drama,6.5,8400.0,161.0
The India Story,Drama,6.5,5200.0,150.0
A Woman's Life,Drama,6.3,122.0,98.0
In Waves,Drama,7.4,305.0,90.0
Helena,Drama,5.5,46.0,73.0
Prosecution,Drama,7.1,145.0,113.0
Harvest,Drama,9.2,3000.0,118.0
The Voices of Our Mother,Drama,4.5,325.0,93.0
Gugu's World,Drama,7.7,60.0,93.0
Snakes 5,Drama,6.5,67.0,108.0
Scandal Queen,Drama,5.9,48.0,100.0
Animol,Drama,6.7,84.0,90.0
A Letter to My Youth,Drama,7.0,580.0,135.0
Bookends,Drama,7.8,65.0,99.0
Subedaar,Drama,6.0,14000.0,145.0
Bight,Drama,4.9,1100.0,92.0
Bedford Park,Drama,6.8,92.0,117.0
Agadha,Drama,7.7,1100.0,137.0
Cold War 1994,Drama,6.4,701.0,117.0
Cap Farewell,Drama,5.6,46.0,108.0
Daadi Ki Shaadi,Drama,5.8,5800.0,155.0
Street Smart,Drama,,,101.0
The Furious,Drama,5.2,144.0,106.0
They Fight,Drama,4.6,221.0,98.0
Iron Boy,Drama,7.6,73.0,90.0
Champagne,Drama,7.2,662.0,90.0
Ponderosa,Drama,5.6,13.0,90.0
Santiago: The Camino Therapy,Drama,6.4,249.0,113.0
Children of Heaven,Drama,8.1,63.0,97.0
Toaster,Drama,4.7,4300.0,120.0
Mutter: The Diary of a Mother,Drama,,,99.0
Stepdaddy,Drama,5.4,103.0,72.0
Forsaken,Drama,7.6,453.0,100.0
All That Glitters,Drama,8.8,23.0,100.0
The Long Haul,Drama,8.3,18.0,91.0
A Family,Drama,6.9,172.0,89.0
Maa Behen,Drama,5.5,4800.0,127.0
Booking,Drama,5.9,33.0,77.0
Na Willa,Drama,7.9,297.0,118.0
Lieblingsmenschen: Die außergewöhnliche Freundschaft von Agnes und Amir,Drama,8.4,21.0,108.0
Elephants in the Fog,Drama,8.1,81.0,108.0
Storm Rider: Legend of Hammerhead,Drama,5.7,5200.0,105.0
Scare Out,Drama,5.2,747.0,104.0
The Kerala Story 2 Goes Beyond,Drama,5.7,7400.0,131.0
Zakhma Toh Chardikala Tak,Drama,9.3,4000.0,150.0
My Dearest Assassin,Drama,5.7,1500.0,127.0
Kong Qiang,Drama,7.4,67.0,160.0
Once Upon a Time in a Cinema,Drama,6.5,211.0,93.0
Freaks Part II,Drama,9.1,11.0,
Il Dio dell'amore,Drama,6.1,127.0,100.0
Huanyíng lái dào duo lì zhi jia,Drama,,,85.0
Habeebi,Drama,9.2,445.0,150.0
Mission,Drama,8.8,26.0,87.0
Razor,Drama,4.3,151.0,130.0
Cup Bashi,Drama,6.1,26.0,150.0
Detention,Drama,9.3,19.0,83.0
Mobile Suit Gundam Hathaway: The Sorcery of Nymph Circe,Drama,7.0,427.0,108.0
The State of Us,Drama,8.4,12.0,90.0
Rehmat,Drama,6.2,13.0,157.0
Low Expectations,Drama,6.5,54.0,105.0
Everything That's Wrong with You,Drama,8.2,9.0,97.0
Haplos ni Milagros,Drama,5.4,16.0,74.0
Be Happy,Drama,5.9,172.0,88.0
The Meltdown,Drama,6.4,71.0,108.0
Unexpected Family,Drama,6.5,576.0,121.0
Baby Girl,Drama,5.7,3300.0,124.0
Company of Shadows,Drama,9.0,27.0,
3 zile în septembrie,Drama,7.5,107.0,77.0
The Pirate King,Drama,8.9,42.0,105.0
"Dad, I Want to Talk",Drama,8.6,25.0,166.0
A Crime Story,Drama,4.6,60.0,98.0
Act One,Drama,6.8,15.0,104.0
The Violinist,Drama,7.7,17.0,114.0
Vores løfte,Drama,7.1,163.0,109.0
Mareechika,Drama,4.8,311.0,142.0
Orange Flavoured Wedding,Drama,6.8,28.0,115.0
Ugly Story,Drama,7.0,2200.0,123.0
Addiction,Drama,8.5,13.0,84.0
Pallichattambi,Drama,5.9,4700.0,150.0
All My Friends Are Back in Brisbane,Drama,9.0,26.0,77.0
Narciso,Drama,6.6,87.0,101.0
Viva Hot Babes: Muling pagbukaka,Drama,,,74.0
Dose,Drama,4.5,1900.0,141.0
Kesong Puti,Drama,5.0,297.0,78.0
Visitation,Drama,7.2,18.0,118.0
Varavu,Drama,5.4,1100.0,143.0
National Theatre Live: End,Drama,6.9,15.0,92.0
Next Life,Drama,8.5,35.0,112.0
The Latcher,Drama,7.7,7.0,80.0
Ustaad Bhagat Singh,Drama,4.1,2400.0,150.0
Sauce,Drama,5.4,44.0,73.0
Tell Me Everything,Drama,7.4,84.0,109.0
Another Man's Wife,Drama,4.1,130.0,91.0
Les héros du Louvre,Drama,,,105.0
Soleil Levant,Drama,9.4,8.0,49.0
Learning You,Drama,7.9,827.0,88.0
A Safe Distance,Drama,7.3,23.0,85.0
Double Freedom,Drama,6.2,41.0,100.0
Agnes Mot Verden,Drama,7.6,89.0,92.0
Alas Roban,Drama,5.1,292.0,111.0
Hellfire,Drama,4.7,2100.0,95.0
Gatas,Drama,,,72.0
Kalevala: The Story of Kullervo,Drama,5.8,1200.0,143.0
Pavane,Drama,6.9,1800.0,113.0
Balandrau: Where the Fierce Wind Blew,Drama,6.6,567.0,119.0
Clarissa,Drama,6.3,54.0,125.0
Rescued,Drama,8.8,12.0,126.0
Tarung: Unforgiven,Drama,7.1,126.0,100.0
Warat,Drama,5.8,212.0,86.0
Moda Kavida Vaatavarana,Drama,7.7,1100.0,118.0
Nizhal,Drama,8.0,1100.0,101.0
Palitan 2,Drama,5.6,39.0,94.0
Cheekatilo,Drama,5.5,8900.0,126.0
Do Deewane Seher Mein,Drama,6.1,6000.0,138.0
The Ogre's Bride,Drama,7.3,45.0,122.0
Sugar Mommy,Drama,5.1,67.0,75.0
The Dreamed Adventure,Drama,6.3,154.0,167.0
Run Amok,Drama,6.1,107.0,96.0
A Mosquito in the Ear,Drama,7.3,65.0,90.0
17,Drama,7.7,61.0,105.0
Tuklas,Drama,6.2,60.0,93.0
Phool Pishi O Edward,Drama,8.2,527.0,139.0
Dastaar,Drama,7.9,558.0,150.0
The Cheating Wife,Drama,5.0,36.0,81.0
Clika,Drama,4.2,435.0,82.0
The Loved One,Drama,6.4,259.0,99.0
Us in the End,Drama,8.7,84.0,103.0
Chatha Pacha,Drama,6.3,4900.0,134.0
Bodyhackers,Drama,5.5,11.0,83.0
Il cileno,Drama,6.6,23.0,99.0
Nothing to Lose,Drama,5.6,593.0,99.0
The Wolf Will Tear Your Immaculate Hands,Drama,,,
After the End,Drama,5.0,37.0,85.0
The Last Resort,Drama,6.5,210.0,98.0
Extra Geography,Drama,7.0,89.0,94.0
Stepmother,Drama,5.9,20.0,55.0
Scissors,Drama,4.8,73.0,78.0
Valley of the Shadow,Drama,7.4,40.0,85.0
Bruton,Drama,8.4,26.0,
Back from the Brink the Heiress Rises,Drama,8.0,10.0,
The Hail Mary,Drama,7.7,126.0,125.0
Sathi Leelavathi,Drama,3.6,174.0,131.0
State of Fear,Drama,4.9,765.0,103.0
Just One More,Drama,6.1,124.0,104.0
Crooks,Drama,8.1,9.0,80.0
Band Melam,Drama,6.0,321.0,141.0
Strangers in the Park,Drama,6.5,1200.0,115.0
Muy adentro,Drama,,,72.0
Sad Girlz,Drama,7.5,106.0,90.0
Downtown,Drama,9.1,24.0,98.0
Confessions of a Shaman,Drama,6.2,29.0,126.0
Gintama: Yoshiwara in Flames,Drama,8.7,378.0,124.0
Suzzanna: Witchcraft,Drama,5.3,249.0,135.0
The Revisionist,Drama,5.9,14.0,90.0
Monument,Drama,6.5,71.0,113.0
Udovac,Drama,7.5,13.0,
Sukhamano Sukhamann,Drama,5.3,796.0,107.0
Paradise,Drama,6.7,56.0,90.0
Joseph: A Feared Master from Birth,Drama,6.1,16.0,84.0
Kankan Dey Ohle,Drama,8.5,382.0,145.0
Nowhere to Lay My Eyes,Drama,7.5,10.0,72.0
Six Days in Evergreen,Drama,8.8,21.0,
Drushya Adrushya,Drama,7.4,595.0,116.0
Mystery Arena,Drama,5.4,82.0,117.0
Khadam,Drama,7.8,70.0,118.0
Craving My British Cowboy,Drama,7.6,59.0,117.0
Golden Triangle,Drama,6.3,85.0,90.0
Mr. Hero,Drama,7.4,68.0,122.0
Campeón Gabacho,Drama,8.3,39.0,108.0
Anima,Drama,7.9,29.0,90.0
Dhabkaaro,Drama,7.1,662.0,126.0
Dust,Drama,5.9,224.0,109.0
Julián,Drama,7.1,21.0,85.0
Flesh and Fuel,Drama,7.1,67.0,90.0
The Plan,Drama,8.2,49.0,74.0
Dance of the Damned,Drama,7.0,96.0,101.0
Ameer Log,Drama,9.7,312.0,145.0
Demain je tombe amoureux,Drama,6.9,8.0,107.0
Tell Everyone,Drama,7.3,63.0,112.0
Saint Paisios,Drama,8.7,90.0,125.0
2 Valid IDs,Drama,8.6,9.0,90.0
Sweet Candy Peach,Drama,8.6,10.0,86.0
Animales,Drama,6.5,88.0,85.0
Nagi Notes,Drama,6.0,107.0,110.0
Clean,Drama,6.9,47.0,
Fast,Drama,8.2,7.0,96.0
Downbeat,Drama,8.5,20.0,91.0
Deb Is Boss,Drama,5.8,92.0,100.0
Kommersant,Drama,6.6,437.0,96.0
Mukhbir: The Story of a Spy - The Movie,Drama,5.0,76.0,150.0
Les roches rouges,Drama,6.7,44.0,90.0
Burn,Drama,6.5,101.0,103.0
"The lights, they fall",Drama,5.5,22.0,87.0
The Arab,Drama,7.4,31.0,106.0
The Squirrel,Drama,6.9,73.0,92.0
Godhead,Drama,7.6,26.0,
Fathers,Drama,8.3,667.0,94.0
Hijamat,Drama,6.5,18.0,103.0
Candy and the Pizza Ggirl,Drama,4.3,57.0,100.0
Beyond the Nest,Drama,6.1,68.0,93.0
Hold Onto Me,Drama,6.8,181.0,102.0
The Tale of Nicky Newark,Drama,,,
Perla,Drama,8.9,16.0,101.0
Scorpio Nights 4,Drama,6.1,82.0,83.0
Beyond Belief,Drama,,,116.0
I Love You My Narcissist,Drama,8.3,17.0,113.0
A Deal with My Crush's Daddy,Drama,9.0,8.0,
Male stvari,Drama,8.2,15.0,80.0
We're Nothing at All,Drama,7.1,217.0,128.0
Reach the Sky,Drama,6.4,284.0,71.0
Mommy Blue,Drama,,,96.0
Little Doors,Drama,,,77.0
My Daughter,Drama,7.0,77.0,78.0
Kaunis rietas onnellinen,Drama,7.1,201.0,117.0
Prathichaya,Drama,5.7,1300.0,157.0
Set Me Free: Director's Cut,Drama,7.1,467.0,164.0
The Wolf and the Lamb,Drama,3.2,394.0,96.0
Dao,Drama,6.4,102.0,185.0
Duplikat,Drama,,,141.0
Dan Bandung,Drama,7.7,10.0,120.0
The Boatman,Drama,7.4,40.0,106.0
Spa,Drama,5.7,309.0,118.0
Hag,Drama,,,
Drinking and Driving,Drama,,,106.0
Of Womb,Drama,,,90.0
Sulutan,Drama,5.7,233.0,74.0
Dobbeltspil,Drama,5.7,69.0,96.0
Mouse,Drama,7.9,119.0,120.0
"Ach, diese Lücke, diese entsetzliche Lücke",Drama,7.6,1500.0,137.0
Oru Durooha Saahacharyathil,Drama,6.1,3100.0,135.0
Ranapati Shivray Swari Agra,Drama,5.8,1700.0,167.0
Barurot 2,Drama,6.1,143.0,74.0
This Is Birmingham,Drama,2.8,235.0,109.0
My Dearest Señorita,Drama,6.3,1200.0,113.0
Vaanki Chuki Love Story,Drama,7.6,51.0,156.0
The Red Bag,Drama,8.6,629.0,
Blue,Drama,6.4,91.0,84.0
Maid's Obsession,Drama,4.9,189.0,73.0
Sundutan,Drama,5.1,81.0,73.0
53 Sundays,Drama,6.0,2200.0,78.0
Paithalattam,Drama,6.7,354.0,85.0
Biker,Drama,6.3,1100.0,160.0
Desperada,Drama,,,97.0
Thalaivar Thambi Thalaimayil,Drama,6.9,3300.0,113.0
Out There,Drama,7.5,12.0,80.0
Siping,Drama,5.9,56.0,74.0
Vadhala,Drama,3.5,45.0,130.0
Madhuvidhu,Drama,6.5,1900.0,125.0
Finnegan's Foursome,Drama,4.5,137.0,122.0
Death at the Dinner Party,Drama,5.5,63.0,87.0
A fuego,Drama,6.0,14.0,97.0
Four Minus Three,Drama,7.7,273.0,121.0
Home,Drama,7.4,169.0,105.0
Monay,Drama,4.7,45.0,80.0
The Drift,Drama,3.3,486.0,83.0
A Family of Bastards,Drama,5.6,586.0,105.0
Only What We Carry,Drama,6.6,21.0,93.0
DSP Dev 2,Drama,7.0,93.0,144.0
Operation Sindoor First Strike,Drama,,,
"Soumsoum, la nuit des astres",Drama,6.3,79.0,101.0
G.O.A.T,Drama,5.5,18.0,152.0
Vanishing Point,Drama,6.7,268.0,140.0
Latina,Drama,5.4,42.0,79.0
Mr. Work from Home,Drama,4.6,1200.0,130.0
Arulvaan,Drama,8.7,134.0,109.0
Capsized,Drama,,,105.0
Golden Kamuy: The Abashiri Prison Raid,Drama,6.2,411.0,122.0
Rio de Sangue,Drama,6.1,254.0,106.0
By His Hand,Drama,7.2,45.0,90.0
Alla festa della Rivoluzione,Drama,5.2,83.0,98.0
Pour le meilleur,Drama,6.3,34.0,107.0
Moses: Born of Water and Fire,Drama,5.6,70.0,70.0
Malaikat Malam,Drama,4.8,157.0,111.0
New Temptation,Drama,4.9,40.0,73.0
Maigret in Society,Drama,6.0,288.0,80.0
The Maharashtra Files,Drama,7.8,32.0,135.0
Bendito Corazón,Drama,5.3,129.0,86.0
"I, Nobody",Drama,6.0,700.0,168.0
Hayok,Drama,5.2,39.0,78.0
Kraken:The Black Book of Hours,Drama,5.8,185.0,111.0
Raja the Raja,Drama,3.4,54.0,135.0
Bambukat 2,Drama,8.0,2300.0,173.0
"I Fell, It's Fine",Drama,6.2,71.0,110.0
Sattendru Maarudhu Vaanilai,Drama,4.0,135.0,120.0
Días de agosto,Drama,6.5,19.0,95.0
Derby,Drama,3.5,1500.0,135.0
The Giant Falls,Drama,5.9,661.0,100.0
Sirena,Drama,5.3,246.0,96.0
Ketticè,Drama,5.6,22.0,107.0
Me Before Me,Drama,5.2,158.0,127.0
Leader,Drama,7.6,7200.0,136.0
Mr. X,Drama,6.0,1400.0,146.0
Ginny Wedss Sunny 2,Drama,4.5,5400.0,134.0
Bonolota Express,Drama,8.6,3500.0,153.0
Bhartha Mahasayulaku Wignyapthi,Drama,6.3,2800.0,142.0
Adaraneeya Tharuwak,Drama,7.2,37.0,118.0
Gohan,Drama,7.7,699.0,145.0
Will You Be My Girlfriend?.,Drama,5.6,306.0,97.0
Rainbow on Mars,Drama,3.8,174.0,112.0
Kenatha Kanom,Drama,5.6,236.0,116.0
Sammarth,Drama,8.8,295.0,146.0
Salt of the Earth,Drama,4.9,22.0,112.0
The Quiet Beekeeper,Drama,6.5,272.0,104.0
Idols,Drama,5.2,494.0,126.0
The Abyss,Drama,4.9,154.0,82.0
Jangan Buang Ibu,Drama,7.3,66.0,119.0
Un hombre de verdad,Drama,6.5,18.0,82.0
Transfer Trimurthulu,Drama,6.4,108.0,153.0
Maya Satya Bhram,Drama,8.8,58.0,134.0
Kangula: Maa Kali Ra Danda Nacha,Drama,8.6,244.0,122.0
Last Chance to Save,Drama,7.6,224.0,116.0
Foufo,Drama,7.1,57.0,120.0
Ek Hota Malin,Drama,8.5,23.0,130.0
The Devil in the Flesh,Drama,7.2,12.0,73.0
Life Today,Drama,9.1,504.0,149.0
Dark Attraction,Drama,8.7,141.0,
Claim Me,Drama,5.6,234.0,72.0
Surfacing,Drama,5.3,165.0,114.0
Peter,Drama,6.9,82.0,141.0
Sex Trip,Drama,4.9,384.0,79.0
Triple Threat,Drama,4.9,20.0,91.0
Une affaire turque,Drama,7.3,71.0,92.0
Hostage,Drama,5.4,83.0,92.0
Karma,Drama,6.6,29.0,149.0
Papam Pratap,Drama,4.9,1300.0,150.0
Funky,Drama,4.0,1100.0,128.0
September 21,Drama,6.9,2200.0,124.0
Gayong 2,Drama,7.0,81.0,82.0
Splash City,Drama,7.5,22.0,100.0
Joe Speedboot,Drama,7.2,529.0,98.0
Tighee,Drama,8.0,225.0,107.0
Go On,Drama,8.6,54.0,
Ego Raman,Drama,6.6,190.0,116.0
Moulin,Drama,6.4,93.0,130.0
Kafir: The Spirit Gate,Drama,5.8,201.0,108.0
Gandhi Talks,Drama,6.0,827.0,130.0
Asad,Drama,7.4,1100.0,120.0
Bikini Nurses,Drama,3.1,89.0,68.0
The King of the Internet,Drama,6.2,33.0,135.0
Sagaran,Drama,5.0,202.0,71.0
The Professor's Secret,Drama,7.5,21.0,
The Lotto Winner,Drama,6.0,67.0,120.0
You Are Here,Drama,9.4,11.0,
A Werewolf Boy,Drama,7.4,86.0,125.0
The Rise of Ashoka,Drama,5.6,68.0,133.0
Dama Dum Mast Kalandar,Drama,8.4,3500.0,149.0
Chrysalis,Drama,9.2,33.0,
Aga Aga Sunbai Kay Mhantay Sasubai,Drama,6.9,440.0,140.0
Sultana,Drama,7.9,432.0,120.0
18th Rose,Drama,5.6,305.0,131.0
They Took My Daughter,Drama,5.6,48.0,
Laddaland Housing Estate,Drama,6.5,17.0,99.0
Mermaid,Drama,3.7,26.0,93.0
Paydert,Drama,7.2,20.0,127.0
Purushaha,Drama,4.7,25.0,140.0
Until We Meet Again,Drama,7.0,113.0,124.0
Love Mocktail 3,Drama,6.4,345.0,134.0
Original Sound,Drama,8.2,36.0,98.0
Detective Teekshana,Drama,9.2,505.0,121.0
Bunny!!,Drama,5.6,409.0,127.0
Sanjeev,Drama,8.9,44.0,70.0
Effi o Blaenau,Drama,7.8,189.0,90.0
Madhurame Jeevitham,Drama,8.6,802.0,127.0
Super Duperr,Drama,6.7,187.0,133.0
The Birthday Trip,Drama,6.2,19.0,99.0
She Likes to Watch,Drama,6.2,55.0,85.0
Tera Yaar Hoon Main,Drama,3.5,43.0,146.0
Desire Trap,Drama,8.1,116.0,
It's My Time,Drama,6.2,60.0,107.0
Anywhere,Drama,5.7,106.0,101.0
Alicia in Wonderland,Drama,3.7,12.0,93.0
Breathe Again,Drama,5.3,100.0,87.0
Oxidado,Drama,8.1,38.0,
Dilan 1997,Drama,7.9,59.0,110.0
Koke,Drama,7.0,113.0,97.0
Rédemptions,Drama,7.6,69.0,
Susana and Elvira: No Plan B,Drama,4.5,173.0,
Ah Girl,Drama,7.6,45.0,99.0
Cherchez La Femme,Drama,5.6,26.0,90.0
Tragic Villain,Drama,5.5,58.0,90.0
Graamaayana,Drama,7.4,45.0,126.0
Kjærast,Drama,6.7,11.0,
Karathey Babu,Drama,,,
Wind Up: The Movie,Drama,7.3,28.0,88.0
Dua,Drama,7.3,158.0,100.0
Takeover,Drama,6.9,23.0,89.0
Chorão: Só os Loucos Sabem,Drama,4.7,6.0,
Supporting Role,Drama,6.8,25.0,
Ceux qui comptent,Drama,6.3,195.0,98.0
Sana y Salva,Drama,,,112.0
Born to Lose,Drama,7.9,11.0,112.0
Ashakal Aayiram,Drama,5.1,1600.0,132.0
Nari Choritro Bejay Jotil,Drama,6.2,149.0,132.0
The Thai Interpreter,Drama,7.2,30.0,110.0
Ai shi fen nu,Drama,6.1,11.0,
Gorky Resort,Drama,6.3,282.0,113.0
TN 2026,Drama,3.4,937.0,125.0
Objet A,Drama,6.2,12.0,95.0
Bloody Sands,Drama,,,94.0
Our Town,Drama,7.3,11.0,
Perfect,Drama,6.9,18.0,94.0
Vivaah,Drama,,,101.0
Off the Air,Drama,5.6,372.0,92.0
Rain Reign,Drama,7.2,14.0,100.0
Lunar Sway,Drama,6.8,35.0,98.0
Mother Promise,Drama,7.0,94.0,166.0
Learning to Breathe Under Water,Drama,8.6,19.0,95.0
Between Brothers,Drama,7.6,70.0,106.0
Frank & Louis,Drama,6.7,49.0,95.0
Usa V/s Raj,Drama,,,
A Special Memory,Drama,6.5,62.0,124.0
Lost at Sea,Drama,4.2,7.0,78.0
Son-in-Law,Drama,4.2,246.0,103.0
The Lost Children of Tuam,Drama,9.1,18.0,84.0
French Girls,Drama,5.3,16.0,
Chaali Din,Drama,8.4,1100.0,150.0
Aftermath,Drama,2.6,6.0,80.0
Dreams of Violets,Drama,2.3,68.0,74.0
Katukutu Buro,Drama,7.6,19.0,128.0
Homage,Drama,6.7,106.0,91.0
Bhogi,Drama,,,
A Paralyzing Redemption,Drama,5.0,29.0,
Backrooms Bigfoot,Drama,3.7,19.0,
The Last Flight,Drama,5.8,145.0,111.0
Skateboarding Is Not for Girls,Drama,6.1,8.0,79.0
When We Get There,Drama,5.9,46.0,106.0
Battle,Drama,6.8,1000.0,125.0
The Male Gaze: Courage Under Fire,Drama,,,101.0
Hot Water,Drama,7.2,72.0,97.0
Lady,Drama,6.8,76.0,96.0
Landlord,Drama,4.4,6000.0,156.0
Balaramana Dinagalu,Drama,7.3,17.0,151.0
Cuvar ikone Svetog Djordja,Drama,,,107.0
Brave New Love,Drama,7.6,27.0,105.0
Play or Get Played,Drama,5.5,47.0,97.0
National Theatre at Home: Summerfolk,Drama,8.6,10.0,
Nosso segredo,Drama,6.5,26.0,107.0
Almost Us,Drama,8.3,32.0,102.0
Killer Curve,Drama,6.3,36.0,
Jockey,Drama,7.8,15000.0,147.0
Domm: Until the Last Breath,Drama,6.9,1200.0,128.0
Chobiwala,Drama,6.4,9.0,93.0
This Is I,Drama,6.3,451.0,130.0
"Hungria, A Escolha de Um Sonho",Drama,6.5,29.0,104.0
Sweet Milk Lake,Drama,7.1,11.0,94.0
Shame and Money,Drama,6.8,174.0,129.0
The Peril at Pincer Point,Drama,7.8,42.0,83.0
Lo Naveena,Drama,7.6,55.0,123.0
Bad Beast,Drama,5.3,33.0,94.0
Seni Merayu Tuhan,Drama,6.9,16.0,115.0
12 Angry Men,Drama,,,47.0
Los Vampires,Drama,,,
Cult,Drama,3.4,851.0,163.0
Pitt Siyapa,Drama,6.9,1200.0,132.0
Rock Springs,Drama,5.9,95.0,96.0
Caterpillar,Drama,8.3,34.0,97.0
The Red Hangar,Drama,7.2,188.0,83.0
Side Heroes,Drama,,,
De forbandede år - Fredens pris,Drama,6.3,263.0,128.0
Mulan: Light a Fire,Drama,4.3,45.0,88.0
Carmeni Selvam,Drama,6.5,218.0,149.0
Lucy Schulman,Drama,7.8,16.0,
Swapnasundari,Drama,9.2,410.0,137.0
Aashaan,Drama,5.6,778.0,160.0
Roid,Drama,7.7,308.0,127.0
The Dreamer Cinderella,Drama,7.8,60.0,94.0
Zejtune,Drama,7.4,133.0,108.0
Jerusalem '67,Drama,7.5,51.0,110.0
Home Along da Riles: Da Reunion,Drama,9.4,17.0,
Abril,Drama,7.0,27.0,105.0
N121 - Bus de nuit,Drama,4.7,120.0,90.0
Heysel 85,Drama,6.8,91.0,91.0
Wilderness,Drama,8.7,10.0,101.0
Jai Kanhaiyalall Ki,Drama,7.4,82.0,142.0
Han ye deng zhu,Drama,6.5,77.0,90.0
Chupa Chupi,Drama,7.8,80.0,161.0
Kobikicho no Adauchi,Drama,7.0,110.0,120.0
Marrow,Drama,8.4,52.0,
Rumah Singgah,Drama,,,113.0
Anthony,Drama,8.6,321.0,136.0
Donut Holes,Drama,,,
Swallowtail & Dragonfly,Drama,8.1,23.0,107.0
Ulya,Drama,7.4,52.0,102.0
No Translation Required,Drama,,,
Medora: Empress of the Badlands,Drama,8.3,28.0,124.0
Angikaaram,Drama,8.8,368.0,140.0
Dil Deewana Ho Gaya,Drama,3.9,12.0,135.0
Sauvage,Drama,5.0,35.0,101.0
The Kid,Drama,4.4,242.0,120.0
Pasakalye,Drama,4.3,12.0,93.0
Salbardi,Drama,6.0,81.0,145.0
Dangerous Affairs,Drama,8.2,7.0,
Fifteen,Drama,7.0,51.0,97.0
Boomers,Drama,7.0,244.0,113.0
Tiket Sehala,Drama,6.4,18.0,103.0
Die Ältern,Drama,6.2,179.0,104.0
Solidarity,Drama,,,
Kado Untuk Ibu,Drama,8.8,40.0,92.0
Lift,Drama,6.7,17.0,98.0
Ben'imana,Drama,7.4,74.0,101.0
Powder,Drama,8.5,14.0,
Lovely A. I. - L.A.I.,Drama,,,95.0
The Gymnast,Drama,6.0,16.0,84.0
Saraswathi,Drama,5.1,271.0,121.0
Treat Her Like a Lady,Drama,6.9,97.0,
Shatak,Drama,3.5,20000.0,112.0
LOSS Based on the Planets,Drama,7.4,13.0,
Crescendo,Drama,6.4,164.0,134.0
National Theatre Live: The Playboy of the Western World,Drama,7.0,82.0,150.0
We Are Aliens,Drama,7.4,28.0,117.0
Venkatramayya Gari Taluka,Drama,,,142.0
Unkind,Drama,,,
Nuda Propiedad,Drama,,,
Lucky,Drama,7.2,20.0,91.0
La guerre des prix,Drama,6.6,208.0,96.0
Leave,Drama,3.4,49.0,
Bebe Main Badmash Banuga,Drama,6.7,617.0,129.0
Lucky the Superstar,Drama,4.6,222.0,122.0
Marvelous Mornings,Drama,6.0,64.0,87.0
Drunken Woman,Drama,7.5,505.0,
"Everyday, We Are",Drama,5.9,12.0,99.0
Safia/Safdar,Drama,6.6,69.0,105.0
Im Spiegel meiner Mutter,Drama,6.7,16.0,95.0
Hok Kolorob,Drama,6.2,248.0,139.0
Abhhiman,Drama,6.5,233.0,144.0
Pennum Porattum,Drama,6.0,2400.0,120.0
Goody Goody,Drama,7.2,5.0,80.0
Anam's Wake,Drama,9.4,61.0,
Meet Me at the Eclipse,Drama,7.8,89.0,118.0
The Exhibitor,Drama,5.7,43.0,
Vijaynagar'er Hirey,Drama,6.5,117.0,110.0
Baapya,Drama,8.2,2100.0,147.0
When the Night Falls,Drama,6.7,27.0,100.0
My Billionaire Devil,Drama,7.8,135.0,
The Friend's House Is Here,Drama,6.5,93.0,96.0
Boatlift 9/11,Drama,,,
Tumorrou,Drama,9.0,46.0,
Jolly,Drama,9.4,105.0,119.0
I Know Who You Are,Drama,7.1,156.0,141.0
Ripple,Drama,,,156.0
To Your Island,Drama,7.1,23.0,119.0
Suyodhana,Drama,5.2,623.0,130.0
Nee Forever,Drama,5.4,489.0,133.0
Iván & Hadoum,Drama,7.0,114.0,100.0
Eden's Choice,Drama,6.6,23.0,99.0
Her Own Child,Drama,7.5,30.0,60.0
Tula Pahata,Drama,7.7,529.0,140.0
Arjunan Per Paththu,Drama,,,121.0
Amnesia,Drama,8.3,18.0,95.0
A Scream in the Dark,Drama,5.0,132.0,86.0
Look Behind,Drama,8.1,19.0,107.0
Mr. Wonderful,Drama,6.9,25.0,107.0
Mémoire de fille,Drama,4.4,31.0,117.0
Castration Movie Chapter III: Junior Ghosts - Premorphic Drift; a Fragmentary Passage,Drama,8.1,15.0,127.0
Seetha Payanam,Drama,5.1,2300.0,150.0
Sathyavan Savithiri,Drama,,,135.0
Seemingly Perfect Family,Drama,5.5,60.0,
Che Dio perdona a tutti,Drama,6.6,185.0,113.0
Zende Shoor,Drama,6.0,133.0,
Phera,Drama,8.2,1600.0,139.0
Think Good,Drama,6.7,30.0,94.0
Izgubljeni sin,Drama,,,100.0
Manithan Deivamagalam,Drama,5.2,399.0,125.0
49 Miles More,Drama,8.6,8.0,
Father: The Judgement Is inconclusive,Drama,8.2,173.0,116.0
Everything Will Be Fine,Drama,7.7,102.0,113.0
Nghi He So Nghi Huu,Drama,7.0,15.0,117.0
The Fort,Drama,3.9,64.0,
Rakky,Drama,9.3,413.0,122.0
Sour Minnows,Drama,7.2,27.0,83.0
Married Alive,Drama,,,87.0
Women on Trial,Drama,7.4,23.0,102.0
Viatge al país dels blancs,Drama,6.9,109.0,110.0
Where To,Drama,7.5,57.0,95.0
Meie Erika,Drama,8.0,232.0,125.0
Kuca,Drama,,,121.0
Mistake,Drama,,,
The Kids,Drama,4.9,34.0,49.0
Landmyn,Drama,,,
Gaayapadda Simham,Drama,4.6,1300.0,140.0
Les åmes en peine,Drama,6.2,27.0,
Presidentin kyyditys,Drama,6.6,65.0,87.0
Castration Movie Anthology III: Year of the Hyaena,Drama,,,325.0
King of Dope,Drama,4.9,267.0,117.0
Manhood,Drama,7.8,21.0,91.0
Haunted Universities 4,Drama,6.3,35.0,128.0
Our Family Pride,Drama,7.1,12.0,
Set Free,Drama,6.2,9.0,
Hidden Enemy,Drama,6.7,149.0,108.0
Return from Tomorrow,Drama,,,117.0
Viva,Drama,6.0,100.0,113.0
Vindication: Search and Rescue,Drama,8.2,37.0,75.0
Hey Balwanth,Drama,5.8,859.0,135.0
Gæsten,Drama,7.2,14.0,100.0
Ezma,Drama,7.1,160.0,110.0
Busted Water Pipes,Drama,5.3,193.0,103.0
Chronicles from the Siege,Drama,5.9,121.0,98.0
Summer of Three,Drama,8.3,7.0,85.0
Cowgirl,Drama,6.9,17.0,109.0
Djeca Kozare,Drama,5.6,9.0,
Nina Roza,Drama,6.7,136.0,103.0
"Ayah, Ini Arahnya ke Mana, Ya?",Drama,7.8,54.0,103.0
Aquí,Drama,8.0,30.0,203.0
Daddy's Girl,Drama,,,
Humaling,Drama,6.2,7.0,50.0
Leite em Pó,Drama,,,
Anakapalli,Drama,,,154.0
A Woman's Work,Drama,8.2,17.0,91.0
California Scenario,Drama,7.5,13.0,98.0
Until She Remembers,Drama,5.6,29.0,107.0
Storm Bird,Drama,,,
Kill for You,Drama,7.7,21.0,108.0
Panor 2,Drama,6.1,149.0,125.0
Last Routine,Drama,6.1,18.0,90.0
Manhunt,Drama,6.5,17.0,103.0
Welcome to the Fishbowl,Drama,,,
Apnas,Drama,7.1,62.0,118.0
Revolver Rinko,Drama,6.0,1100.0,124.0
YN - The Movie,Drama,7.2,13.0,
Shiboyugi: Playing Death Games to Put Food on the Table 44: Cloudy Beach,Drama,7.4,98.0,89.0
Lucy Lost,Drama,8.0,45.0,85.0
Ho Linh Trang Si: Bi an Mo Vua Dinh,Drama,5.3,7.0,155.0
Projecto Global,Drama,6.3,132.0,140.0
Bike Ambulance Dada,Drama,5.8,11.0,
Yesterday the Eye Didn't Sleep,Drama,7.1,78.0,100.0
François.e,Drama,6.7,99.0,91.0
La perra,Drama,5.2,42.0,112.0
One Hour Girlfriend,Drama,5.8,170.0,58.0
Via Negativa,Drama,,,97.0
Lalibazar,Drama,7.4,32.0,137.0
A2,Drama,9.1,18.0,117.0
Ramani Kalyanam,Drama,7.3,395.0,130.0
In Spite of Ourselves,Drama,5.2,18.0,
Lagan Laagii Re,Drama,8.3,81.0,166.0
Sparks,Drama,4.9,27.0,78.0
Mardini,Drama,8.5,23.0,128.0
Moments of Youth,Drama,7.1,22.0,
Tight Lettuce,Drama,8.6,24.0,95.0
Play Me,Drama,,,85.0
Jindagi Once More,Drama,7.4,41.0,150.0
The Undertaker 2: Afterlife,Drama,7.0,117.0,127.0
Congo Boy,Drama,6.2,50.0,95.0
Tubero,Drama,,,53.0
"Sie glauben an Engel, Herr Drowak?",Drama,7.0,108.0,127.0
Baby Love,Drama,8.4,8.0,87.0
Lakshmikanthan Kolai Vazhakku,Drama,8.7,517.0,107.0
Six Months in a Pink and Blue Building,Drama,6.8,34.0,103.0
Bountiful,Drama,8.2,11.0,112.0
The Almajiri,Drama,,,133.0
93 'Til,Drama,,,
Los Días Libres,Drama,6.2,12.0,84.0
Only Good Feelings,Drama,,,90.0
Semolina Pilchard,Drama,9.4,10.0,124.0
The Passion According to G.H.B.,Drama,5.1,31.0,82.0
9 lunas,Drama,5.7,32.0,98.0
A Long Night,Drama,6.9,174.0,90.0
Together Till the End,Drama,5.5,8.0,84.0
It's OK,Drama,6.6,306.0,118.0
My Wife Cries,Drama,5.2,92.0,92.0
Midnight Girls,Drama,8.6,13.0,104.0
Caity,Drama,6.7,8.0,95.0
LGBT - A Legal Battle,Drama,8.3,16.0,106.0
Psycho,Drama,5.9,49.0,145.0
Mango Pachcha,Drama,8.5,39.0,95.0
Krishna Aur Chitthi,Drama,9.1,611.0,121.0
Vengeance,Drama,3.8,35.0,149.0
The Trek,Drama,6.7,29.0,104.0
Los nadadores,Drama,5.8,34.0,74.0
I u dobru i u zlu,Drama,4.7,8.0,
Bagworm,Drama,6.7,35.0,96.0
Rubaab,Drama,7.8,62.0,150.0
Strawberries,Drama,5.9,38.0,101.0
The Penthouse,Drama,,,102.0
Final Hour,Drama,,,
Resurrection,Drama,,,
I Rarely Wake Up Dreaming,Drama,6.1,17.0,110.0
Sacred Creatures,Drama,8.2,5.0,105.0
Before Never,Drama,7.8,21.0,118.0
Borealis,Drama,5.2,9.0,94.0
Bice novih leta,Drama,4.8,62.0,95.0
Only Rebels Win,Drama,6.4,65.0,105.0
Lust,Drama,6.3,47.0,77.0
The Murder of Benjamin,Drama,6.1,10.0,
Run,Drama,,,
What I'd Do for Love,Drama,,,87.0
Behadd,Drama,7.7,48.0,131.0
Bibi Payra,Drama,7.6,1000.0,120.0
Godaan,Drama,7.9,1500.0,132.0
9 Temples to Heaven,Drama,6.5,30.0,140.0
Fils de personne,Drama,6.6,31.0,97.0
The Magnificent Mendez,Drama,7.1,25.0,109.0
La chaleur,Drama,6.4,102.0,92.0
Oka Court Case,Drama,9.6,2000.0,135.0
Exodus 1945: Nasa kri,Drama,6.0,104.0,60.0
Beauty and the Atheist,Drama,1.4,152.0,105.0
Gold Mine,Drama,8.4,47.0,83.0
The Narmada Story,Drama,6.4,21.0,121.0
The Day She Returns,Drama,6.5,126.0,84.0
Kupilih Jalur Langit,Drama,6.1,14.0,98.0
Wont He Do It,Drama,8.1,8.0,76.0
Tayo lang ang nakakaalam,Drama,,,110.0
The Deadly Little Mermaid,Drama,2.2,62.0,84.0
Shortcut,Drama,,,
Father's Day,Drama,9.5,1000.0,132.0
Heart of a Woman,Drama,,,67.0
"Carmen, l'oiseau rebelle",Drama,7.0,30.0,90.0
Charukesi,Drama,6.0,433.0,146.0
The Loneliest Man in Town,Drama,7.3,116.0,86.0
Chica Checa,Drama,7.2,20.0,96.0
Täiuslikud võõrad,Drama,7.4,308.0,90.0
Forever Your Maternal Animal,Drama,6.3,44.0,100.0
Jat go Bou Mun dik Daan Sang,Drama,7.3,152.0,109.0
Cherni pari za beli noshti,Drama,6.9,27.0,94.0
My Name,Drama,6.0,55.0,120.0
Les Yeux Verts,Drama,5.9,16.0,
Montmartre,Drama,8.7,9.0,103.0
Soy Mario,Drama,6.7,16.0,93.0
Kadhal Reset Repeat,Drama,4.9,2200.0,135.0
Un portero muy improbable,Drama,6.0,43.0,
Otter,Drama,,,
Litvyak,Drama,5.8,135.0,164.0
Yang Lain Boleh Hilang Asal Kau Jangan,Drama,8.2,13.0,113.0
Perfect Strangers,Drama,,,75.0
Mera Lyari,Drama,2.3,121.0,96.0
Picture,Drama,9.6,543.0,159.0
Hot Girl Summer,Drama,7.4,28.0,
Mad Rush,Drama,6.5,8.0,76.0
L'âge d'or,Drama,6.2,26.0,113.0
Sugar,Drama,6.2,34.0,106.0
Bad Boy Karthik,Drama,3.3,1400.0,142.0
Street Flow 3,Drama,5.2,461.0,112.0
Segundo Amor,Drama,,,71.0
Moolyam,Drama,8.5,23.0,60.0
Trapped Outside,Drama,6.4,66.0,101.0
That One Summer,Drama,9.4,34.0,90.0
La Nuit,Drama,,,87.0
Bridged,Drama,,,
Life Could Be a Dream,Drama,6.2,14.0,82.0
"Toh, Ti ani Fuji",Drama,5.0,109.0,125.0
Boss Cat,Drama,8.7,11.0,
The Measure of A Man,Drama,7.2,18.0,111.0
A. Rimbaud,Drama,6.5,7.0,
Sea of Glass,Drama,,,129.0
Words of Love,Drama,6.8,28.0,95.0
Lone Rider,Drama,,,87.0
The Strawberry,Drama,8.5,17.0,97.0
Titanic Ocean,Drama,6.2,66.0,130.0
Ich ist ein Anderer,Drama,6.3,24.0,93.0
Unspoken Bonds,Drama,,,87.0
Bride for the Quarterback,Drama,8.2,320.0,
Navya Chakra - Psycon World,Drama,7.0,54.0,100.0
Once a Week for Life,Drama,7.2,120.0,111.0
A Providência e a Guitarra,Drama,5.2,43.0,125.0
Keluarga Suami Adalah Hama,Drama,7.1,7.0,117.0
Pratyabartan,Drama,8.4,33.0,133.0
Jaras Enzar 2,Drama,3.7,272.0,89.0
Kadhal Kadhai Sollava,Drama,5.2,564.0,123.0
The Camphorwood Custodian,Drama,6.8,61.0,113.0
The Game of Life,Drama,5.3,112.0,94.0
Hugo 24,Drama,6.9,34.0,93.0
Barabar Premistha,Drama,6.8,3100.0,134.0
No Evidence of Man,Drama,7.7,28.0,94.0
Black Burns Fast,Drama,6.9,52.0,96.0
The Garden We Dreamed,Drama,8.2,77.0,102.0
French film,Drama,,,70.0
Qun Xing Shan Yao Shi,Drama,6.1,75.0,131.0
Estakhr,Drama,4.8,98.0,
Nobody Loves Kay,Drama,8.1,44.0,117.0
Mercy,Drama,8.9,534.0,100.0
The Boy with the Light-Blue Eyes,Drama,9.2,141.0,99.0
The Last Guest: Reimagined - The Origin,Drama,8.5,53.0,87.0
Pramen,Drama,6.0,29.0,88.0
Love on a Tightrope,Drama,7.5,26.0,115.0
Melodrama,Drama,7.2,12.0,
Tom & Cherry,Drama,,,155.0
Sinful Nights with My Exs Uncle,Drama,7.4,25.0,
Yo no moriré de amor,Drama,7.3,105.0,94.0
I Swallowed My Ex's Mafia Daddy Whole,Drama,4.9,10.0,86.0
Amityville Rex,Drama,3.0,61.0,69.0
The Art of Telling Lies,Drama,4.9,241.0,90.0
Angels of War,Drama,5.1,125.0,110.0
Los justos,Drama,6.6,62.0,89.0
O Advogado de Deus,Drama,5.8,35.0,117.0
London,Drama,6.9,28.0,122.0
Luck My Life,Drama,5.2,32.0,103.0
Paris ni Saku Etoile,Drama,8.2,31.0,119.0
Toxicity,Drama,5.0,37.0,97.0
The Crush,Drama,5.1,38.0,105.0
Nukkad Naatak,Drama,6.1,455.0,105.0
Love Is the Monster,Drama,,,95.0
Instante,Drama,5.7,15.0,95.0
Summer Lost,Drama,,,82.0
The Proctor,Drama,9.2,19.0,120.0
Sky,Drama,7.8,2000.0,134.0
Mil pedazos,Drama,6.5,34.0,90.0
Summer War,Drama,5.7,12.0,104.0
Elra Kaaleliyatte Kaala,Drama,8.0,240.0,130.0
Orange Torches,Drama,8.3,23.0,73.0
The Ghost and the Gun,Drama,,,110.0
Domingo sem Deus,Drama,7.0,109.0,
Crossing a Dawn,Drama,6.4,59.0,103.0
Sainte-Marie-aux-Mines,Drama,6.4,41.0,86.0
Our Father,Drama,8.7,7.0,100.0
Disaridakiler: Bir Zamanlar Almanya'da,Drama,,,111.0
La Luz,Drama,7.3,108.0,120.0
Thimmarajupalli TV,Drama,4.7,141.0,124.0
Manipulation,Drama,4.0,13.0,128.0
Another League,Drama,7.3,82.0,106.0
Veer Murarbaji,Drama,8.1,9.0,
Kalighati,Drama,,,
Bonolata Sen,Drama,6.6,66.0,142.0
Something Real,Drama,6.6,101.0,
Dozier,Drama,,,
The Indian Lenin Babu Jagdeo,Drama,9.0,15.0,145.0
Everything Else Is Noise,Drama,6.8,56.0,71.0
No Other Love,Drama,6.1,154.0,119.0
Le dossier de l'aube,Drama,7.6,9.0,98.0
Onekdin Por,Drama,7.1,14.0,127.0
Body of Nurses,Drama,6.6,30.0,
Two Times Too Many,Drama,6.3,12.0,68.0
Surrender to It,Drama,8.2,45.0,
Tempest,Drama,8.8,22.0,93.0
Tranquility: Aeterna,Drama,2.9,126.0,87.0
Empty Heaven,Drama,8.3,13.0,87.0
Draupathi 2,Drama,5.2,4200.0,159.0
Don't Come Out,Drama,5.5,39.0,105.0
Blood Moon Rite 8,Drama,7.6,61.0,130.0
Restless in the Dust,Drama,,,80.0
The Male Gaze: Naughty Boys,Drama,6.1,32.0,94.0
L'île de la Demoiselle,Drama,6.4,34.0,101.0
All the Good Eyes,Drama,6.5,107.0,117.0
Child,Drama,9.2,11.0,78.0
Kong Tao,Drama,5.1,47.0,97.0
Small Talk,Drama,7.8,9.0,71.0
Under Suspicion: Kate McCann,Drama,5.5,69.0,63.0
Omlo,Drama,8.3,226.0,88.0
One of the Good Ones,Drama,7.6,45.0,84.0
Nuclear Boy,Drama,6.6,94.0,78.0
A River's Gaze,Drama,6.3,25.0,92.0
Crossroads,Drama,5.4,23.0,65.0
My Forever Valentine,Drama,,,
Tox,Drama,5.9,25.0,
Memorizu,Drama,7.0,13.0,97.0
Let's Murder Like It's 1999!,Drama,5.9,60.0,86.0
Tenement,Drama,7.2,214.0,92.0
Kaka Jamm Peya,Drama,6.1,9.0,86.0
Blaise,Drama,7.2,25.0,82.0
Gaia,Drama,,,
Enjoy Your Stay,Drama,6.8,40.0,99.0
Infernal,Drama,,,134.0
Black Trumpet,Drama,7.5,26.0,91.0
Uncle,Drama,7.9,7.0,80.0
Jardines del Bosque,Drama,,,90.0
Woman to Woman,Drama,4.9,69.0,99.0
The Empty Church,Drama,5.7,13.0,
Theeyor Koodam,Drama,9.5,526.0,104.0
Who Could Kill a Sweet Old Lady,Drama,4.7,112.0,87.0
Worth More Than Gold,Drama,8.4,17.0,90.0
The Ascent,Drama,8.1,12.0,99.0
The Ground Beneath Our Feet,Drama,6.0,115.0,90.0
Maid Robot 2,Drama,2.7,14.0,
"La Reina, el Buda y Buñuel",Drama,9.4,10.0,80.0
Our Bodies & Other Shames,Drama,,,
Nobody's Violence,Drama,5.8,17.0,118.0
Madham,Drama,4.7,1500.0,128.0
Roya,Drama,5.6,62.0,92.0
Bad Intentions,Drama,,,
Bini Sutor Taan,Drama,9.4,329.0,98.0
Vinara O Vema,Drama,9.6,1200.0,124.0
Bhamardo,Drama,9.2,33.0,145.0
Adamya,Drama,7.7,55.0,110.0
On Our Own,Drama,7.0,61.0,94.0
Nabchi 48-sigan,Drama,,,90.0
Trassa «More - more»,Drama,3.1,37.0,85.0
Morten,Drama,7.6,5.0,101.0
Echoes,Drama,6.3,13.0,
Being Towards Death,Drama,7.0,101.0,120.0
Microstar,Drama,6.7,41.0,87.0
La salita,Drama,7.0,31.0,90.0
Kairos,Drama,7.6,26.0,96.0
Afterpiece,Drama,8.5,6.0,
Noches Solitarias,Drama,8.9,57.0,
Shadows of Beirut,Drama,,,87.0
Domani interrogo,Drama,6.4,105.0,97.0
Aa Bata Aama,Drama,7.9,23.0,154.0
Where Sweet Dreams Die,Drama,8.9,69.0,98.0
One Last Love Letter,Drama,7.4,31.0,122.0
Turn,Drama,8.0,25.0,125.0
Schöne Seelen,Drama,6.3,14.0,117.0
Kibris Türküsü,Drama,5.3,31.0,105.0
Daddy's Weeper,Drama,,,
Tear Gas,Drama,5.2,10.0,
Sweetly It Turns,Drama,,,
National Theatre at Home: Man and Boy,Drama,7.9,22.0,
Kaisen Zenya,Drama,7.7,22.0,138.0
I Blew Out the Candles Before Making a Wish,Drama,6.8,16.0,116.0
Single Mum,Drama,6.1,16.0,82.0
Hearing,Drama,6.0,6.0,
Insectasy,Drama,7.6,11.0,83.0
Touché,Drama,,,118.0
13th Round,Drama,,,
Away with Words,Drama,6.7,41.0,99.0
The Origin of Ultraman,Drama,6.4,10.0,105.0
Lady Diamond's Lost Heiress Returns,Drama,7.7,7.0,
Fujiko,Drama,7.0,31.0,95.0
Osamelý vlk,Drama,,,85.0
Project Baby,Drama,,,110.0
Lilla Marie,Drama,,,85.0
Three Colors: Pan-African,Drama,7.8,24.0,123.0
Game Start,Drama,5.9,71.0,96.0
Keep Real,Drama,7.4,81.0,
Väsinud Valgus,Drama,4.7,7.0,61.0
1020,Drama,,,
Árru,Drama,6.4,61.0,95.0
Mirai,Drama,5.0,7.0,130.0
Melaleuca,Drama,8.0,24.0,
Ti psyhi tha paradoseis mori? Meros proto,Drama,6.0,191.0,103.0
Kalter Hund,Drama,,,125.0
Mobuko no Koi,Drama,8.7,18.0,122.0
Secret Sins,Drama,,,
A Happy Family,Drama,,,120.0
Baab,Drama,6.8,32.0,97.0
I'll Be Gone in June,Drama,7.1,38.0,125.0
Drax,Drama,,,97.0
Om Shanti Shanti Shantihi,Drama,5.8,167.0,130.0
Loafers,Drama,6.8,14.0,87.0
Tai,Drama,5.8,44.0,101.0
Eva,Drama,6.0,8.0,98.0
Blowin' Smoke,Drama,,,100.0
Road to Everywhere,Drama,,,96.0
Piring,Drama,3.9,8.0,70.0
Marie Madeleine,Drama,7.0,23.0,104.0
Dummy,Drama,2.6,111.0,78.0
She Who Must Not Be Named,Drama,7.5,11.0,116.0
My 7 Grandmas,Drama,8.6,15.0,
"Femení, singular",Drama,7.7,6.0,
Iki Destan Bir Vatan,Drama,,,150.0
Hu die lou: Jing hun,Drama,4.8,15.0,
Nevermind,Drama,5.8,10.0,141.0
"Tomorrow, You Pretty Ghost",Drama,6.6,25.0,
The Station,Drama,6.2,28.0,112.0
"Angels, They Are Amongst Us",Drama,,,129.0
World War Bigfoot,Drama,6.3,8.0,72.0
Corredora,Drama,7.0,76.0,96.0
The American Coyote,Drama,7.9,14.0,
Annihilator Unleashed,Drama,3.9,2200.0,119.0
Paradeisa,Drama,,,79.0
Intrusive Thoughts,Drama,3.6,48.0,84.0
Tell Me What You Feel,Drama,5.7,37.0,104.0
The Divine Tragedy,Drama,6.6,30.0,101.0
El tren fluvial,Drama,6.4,42.0,75.0
Tutor Emanuelle,Drama,4.3,12.0,
May Contain: My Life,Drama,,,78.0
Lihim ni Fiona,Drama,8.2,7.0,50.0
Dora,Drama,5.5,14.0,137.0
The Last Sunday of High School,Drama,8.1,10.0,65.0
The Anniversary,Drama,,,88.0
The Wedding Entertainer (The Tale of Moishe Badhan),Drama,3.7,130.0,103.0
Vaazhai 2,Drama,5.9,8.0,
Homebody,Drama,,,
Sem vyorst do rassveta,Drama,5.6,127.0,102.0
Nawab Cafe,Drama,5.0,68.0,137.0
Bo me zhi wo de qing chun zhu le gui,Drama,5.2,12.0,99.0
Kak perezhit brak,Drama,,,80.0
Georgia Peach,Drama,6.4,80.0,89.0
La frappe,Drama,6.2,24.0,105.0
El Set Lamma (Veto),Drama,,,
Somnia,Drama,,,95.0
Gigolo,Drama,7.9,15.0,
Vesna,Drama,6.1,20.0,93.0
Isänpäivä,Drama,6.9,56.0,
Demon's Hug Me in My Sleep,Drama,7.2,22.0,77.0
Khan Tumhara,Drama,,,135.0
Uchronia,Drama,7.5,23.0,97.0
Ahlan Singapore,Drama,4.9,24.0,96.0
Summer of '76,Drama,,,
Piccolo miracolo,Drama,6.6,27.0,103.0
267,Drama,5.4,69.0,119.0
Oiii Police,Drama,,,
Mastini Pathshala 2,Drama,9.3,13.0,113.0
La casaca de Dios,Drama,6.5,84.0,95.0
Billy the Kid: Blood and Legend,Drama,,,
Les filles du ciel,Drama,6.8,42.0,96.0
Dark Distortion,Drama,4.7,50.0,94.0
Isabel,Drama,6.4,60.0,85.0
Si wang du ju,Drama,6.3,36.0,100.0
Saishuu Gakushou Hibike! Euphonium Zenpen,Drama,9.0,19.0,120.0
Don Quijote Barcelonassa,Drama,6.3,19.0,117.0
Hum Angrezon Ke Zamane Ke Jailor Hai,Drama,5.2,7.0,120.0
Kokadeuta Nati Aru Hati 2,Drama,8.1,106.0,160.0
Aval,Drama,6.8,17.0,93.0
Love at What Co$t,Drama,5.1,33.0,68.0
4th & 44,Drama,3.4,19.0,71.0
Ma fille tu seras libre,Drama,6.5,31.0,89.0
Bärenjagen,Drama,,,94.0
Cougar in a Cage,Drama,,,97.0
Amma Naaku aa Abbayi Kaavaali,Drama,9.4,1900.0,142.0
Antartica - Quasi una fiaba,Drama,6.9,40.0,93.0
Let Them Come,Drama,8.9,73.0,
Angels Near Death,Drama,,,72.0
Shurale,Drama,4.5,85.0,90.0
Koodothram,Drama,7.1,35.0,137.0
Gajanana Cricketers,Drama,7.9,7.0,155.0
Love Punch!,Drama,6.5,38.0,102.0
Dooradarshini,Drama,5.0,2100.0,125.0
Kidilam Paru,Drama,6.7,6.0,
Sold to Death,Drama,5.1,54.0,92.0
Dear Radhi,Drama,4.8,316.0,130.0
Amal,Drama,,,94.0
Love Trap,Drama,7.8,7.0,
Resurrection: A Biohazard Story,Drama,7.5,98.0,74.0
Murder in Music City,Drama,5.8,58.0,87.0
The Return of Omotara Johnson,Drama,,,
Shaka Oh Shaka,Drama,9.1,14.0,123.0
Beau Ideal,Drama,7.8,10.0,109.0
I Can't Say No to Myself,Drama,,,99.0
Hidden Fixation,Drama,4.7,49.0,53.0
Life on Mercury,Drama,,,
Lost in the Moment,Drama,7.8,14.0,93.0
Me Robo Al Patron Y El Negocio Tambien,Drama,9.1,19.0,86.0
The Power of Positive Murder,Drama,,,
"Tuhan, Benarkah Kau Mendengarku?",Drama,6.2,11.0,113.0
Rajni Ki Baraat,Drama,7.6,22.0,124.0
Lali,Drama,6.2,38.0,115.0
River,Drama,,,
Perfektie,Drama,7.8,109.0,
Give Me Something Good,Drama,8.2,10.0,40.0
Christmas on the North Pole Express,Drama,,,78.0
The Man with the Plan,Drama,,,105.0
Angad,Drama,,,127.0
The Rendezvous: Vendetta,Drama,,,
Laurita Garza,Drama,,,95.0
Lechindi Mahila Lokam,Drama,4.2,127.0,111.0
Mirror,Drama,,,93.0
Siddha,Drama,,,133.0
Abar Hawa Bodol,Drama,6.4,47.0,139.0
Noxturne,Drama,,,
The Nerd's AI Fake Tamed the College Crushes,Drama,,,
Bikini Lawyer,Drama,,,
Son Of,Drama,6.7,1200.0,120.0
Legends of the Lost Ark,Drama,7.7,14.0,105.0
Ephemera,Drama,6.8,19.0,83.0
Las Locas del Obelisco,Drama,8.8,14.0,120.0
Before Dallas,Drama,9.4,39.0,101.0
A Table for Two,Drama,6.4,76.0,98.0
Heer Sara,Drama,6.2,16.0,99.0
Here I'm Alive,Drama,9.1,11.0,
Not a Hero,Drama,6.1,13.0,97.0
Baga,Drama,,,
The Perfect Victim,Drama,8.7,23.0,94.0
Bikini Office Girl,Drama,,,
Against Nature,Drama,,,88.0
La Bolla Delle Acque Matte,Drama,9.4,25.0,108.0
Monica,Drama,,,124.0
People & Things,Drama,,,
Mustafa Mustafa,Drama,3.8,753.0,118.0
I Understand Your Displeasure,Drama,7.6,84.0,93.0
Kajja: Karma Returns,Drama,,,137.0
"My Husband, My Wound",Drama,6.4,12.0,92.0
Armony,Drama,7.4,15.0,104.0
Hekla,Drama,8.6,25.0,89.0
Behind the screens,Drama,6.4,18.0,96.0
I Spy with My Little Eye,Drama,,,93.0
Titip Bunda di Surga-Mu,Drama,6.1,10.0,112.0
Geçmisin Kokusu,Drama,5.5,17.0,107.0
Kattriket,Drama,8.1,68.0,116.0
I Want More,Drama,5.3,101.0,114.0
A Cause for Alarm,Drama,8.9,60.0,84.0
How I Became His Virgin Muse,Drama,6.2,15.0,
Gemma Galgani,Drama,6.7,31.0,93.0
Trijya: Radius,Drama,7.0,108.0,91.0
Egregious,Drama,7.9,17.0,115.0
Bad Girl Office,Drama,6.9,33.0,
The Green Lamp,Drama,,,100.0
Comète,Drama,5.5,12.0,97.0
Layak Nalayakk,Drama,7.7,16.0,169.0
Maju (Jejak Pahit Si Kembang Gula),Drama,,,98.0
Beyish 2: Apama kat,Drama,7.4,40.0,100.0
Kwik Stop,Drama,8.6,26.0,60.0
Shikhandi,Drama,,,137.0
White Prince,Drama,,,77.0
The Origin of the World,Drama,6.2,30.0,
The House on Lidderman Street,Drama,,,80.0
The Lion at My Back,Drama,8.1,25.0,106.0
Bienvenue en Islande,Drama,8.8,8.0,109.0
One Fateful Night with the Jerk CEO,Drama,,,
Thit-thee Khu,Drama,7.0,17.0,98.0
The Listeners,Drama,,,
Erinnerungen eines Waldes,Drama,,,91.0
Güvercin Terbiyecisi,Drama,5.7,54.0,87.0
Kheyter,Drama,4.5,34.0,82.0
Do Not Grow Weary,Drama,4.6,19.0,
Yeh Mera Ghar,Drama,8.0,6.0,131.0
Summer 2000: The X-Cetra Story,Drama,8.8,6.0,104.0
Odzyskany,Drama,5.0,6.0,88.0
Upon Her Lips: She Likes Girls,Drama,,,
Macbeth,Drama,,,108.0
Don Chisciotte,Drama,7.4,9.0,112.0
Baaaz in State,Drama,,,169.0
Where Beauty Hides,Drama,,,
A Fading Man,Drama,7.5,58.0,100.0
33 Days,Drama,,,
A História Mais Triste do Mundo,Drama,,,
Oozhi,Drama,,,10.0
Bélyeg,Drama,7.2,27.0,76.0
Wovon sollen wir träumen,Drama,6.3,12.0,108.0
I Don't Speak English,Drama,6.1,22.0,90.0
Stand Up,Drama,6.8,6.0,
Kingston,Drama,,,96.0
Strand 45,Drama,,,92.0
Poon,Drama,,,
Sfarsitul lumii,Drama,7.3,21.0,115.0
Her Song,Drama,8.7,16.0,105.0
Adulthood,Drama,,,106.0
Black Men Don't Cheat 3: Outplayed,Drama,4.4,36.0,
Numbskull Revolution,Drama,,,95.0
Aazhi,Drama,6.8,393.0,109.0
threeASFOUR: FULL CIRCLE,Drama,,,93.0
Contract Marriage,Drama,1.0,6.0,
Acts of the Apostles,Drama,,,
Dream Stall,Drama,8.9,100.0,102.0
The Male Gaze: Wild Youth,Drama,6.8,30.0,98.0
Si wang zhi wo: Gui qian shou,Drama,7.6,22.0,112.0
Numb,Drama,,,102.0
Ang Bangkay,Drama,,,106.0
L'oratore,Drama,8.4,9.0,
Identitti,Drama,,,103.0
Zhi Ai Ni,Drama,,,
"Winnipeg, el barco de la esperanza",Drama,7.3,11.0,78.0
Jersey Boy,Drama,,,
O filho da puta,Drama,,,72.0
Time Warp,Drama,8.3,11.0,112.0
Halcones,Drama,,,145.0
Goodbye Stuart,Drama,,,
Typerät lapset,Drama,,,79.0
58th,Drama,8.1,17.0,
Taming the Beast,Drama,,,130.0
Shubh Mangal Dhamal,Drama,7.0,254.0,135.0
Traces,Drama,8.2,60.0,85.0
Mamochka,Drama,6.5,59.0,96.0
Love Seasons,Drama,8.3,335.0,145.0
Jeffrey Epstein: The Bad Sleep Well,Drama,,,
Next Door,Drama,,,106.0
Khakee(Khaki),Drama,9.1,419.0,177.0
Nenuevaru,Drama,8.3,2000.0,141.0
The Worthless Son-in-Law Is the Final Boss,Drama,7.3,15.0,
We in This Together,Drama,8.1,14.0,
Harudu,Drama,8.4,1300.0,130.0
None of This Is True,Drama,,,
After Hours,Drama,,,
Wurzeln und Flügel,Drama,,,79.0
Ten Thousand Reasons for Revenge,Drama,5.9,45.0,86.0
Jayamundhi Bhayamela Manasaa,Drama,6.9,7.0,133.0
Shatir,Drama,,,125.0
Ego Reach We All,Drama,7.0,10.0,
The Protagonist,Drama,,,79.0
Guarded,Drama,,,93.0
Pretty Girls Kill,Drama,5.1,10.0,
Animals of the Land,Drama,,,
Bear with Me,Drama,,80.0,85.0
Phula,Drama,8.9,20.0,146.0
Small Talk,Drama,,,
La Familia Perfecta,Drama,6.8,24.0,
Juvenile Inspector,Drama,,,
Roditelskiy dom,Drama,5.1,50.0,97.0
Requiem,Drama,,,120.0
Aatti,Drama,,,94.0
Kevin Patel 2 - At Day Care Service,Drama,,,
Solo Fanáticos,Drama,8.4,16.0,77.0
Pal Bhar Ke Liye,Drama,,,
Bolagolam,Drama,,,
Down the Long River,Drama,,,
K2K,Drama,,,
A Pastor's Son,Drama,,,
Time and Tide,Drama,6.0,12.0,96.0
Chiranjeevi,Drama,,,
Tex McKenzie - My horse is the only person I trust,Drama,,,94.0
Cyclone,Drama,6.7,34.0,116.0
The Sanctuary,Drama,9.3,19.0,
Funk,Drama,,,107.0
Saffron Kingdom,Drama,7.6,16.0,84.0
Devochki uchatsya britsya,Drama,,,110.0
Malysh-karatist,Drama,3.6,63.0,101.0
Road to L'Etape Du Tour,Drama,7.7,9.0,107.0
The Man with the Big Hat,Drama,,,85.0
Tod meiner Jugend,Drama,8.3,232.0,90.0
"Five Years, Four Months",Drama,,,
Between Love & Justice,Drama,,,88.0
Mister Sandman,Drama,,,97.0
Phillip Philadelphia,Drama,,,
Shreemati Sindoora,Drama,9.4,1000.0,151.0
Promised Spaces,Drama,7.0,22.0,76.0
National Theatre at Home: The Authenticator,Drama,,,
Kupeluk Kamu Selamanya,Drama,8.8,6.0,104.0
Inherited: The Movie,Drama,,,
Sweet Brother,Drama,,,
My Semba,Drama,6.1,29.0,95.0
The Last Ryde,Drama,9.1,22.0,
The Art of Abuse,Drama,,,
Tanah Runtuh,Drama,8.1,12.0,113.0
God & Beer,Drama,3.9,62.0,73.0
Murabi,Drama,8.8,89.0,
Kirtaner Por Kirtan,Drama,6.5,37.0,139.0
When the Rain Comes,Drama,,,
Pele de Rinoceronte,Drama,,,
Jeena Dil Se,Drama,7.4,1600.0,138.0
Chaser Game W: Suigyo no Majiwari,Drama,7.6,7.0,84.0
Coin,Drama,,,80.0
Pratyabartan: The Homecoming,Drama,8.0,8.0,101.0
Samanta Nobody,Drama,,,100.0
Fette Kumpelz,Drama,,,91.0
Dos días,Drama,8.0,16.0,88.0
Narciso,Drama,6.5,35.0,90.0
Mutt Cat,Drama,,,73.0
Sandy,Drama,,,80.0
Finding the Zone,Drama,,,
A Part of Me,Drama,7.9,16.0,107.0
Upon Her Lips: Kiss Me,Drama,,,83.0
Phonibabu Viral,Drama,,,
Tastamashy ana,Drama,,,
Tides,Drama,,,
One More Game,Drama,6.3,22.0,98.0
Rotten Tree,Drama,,,80.0
Shivaleela,Drama,6.2,113.0,148.0
Coaled Blood,Drama,,,
Shineba Iinoni,Drama,8.9,14.0,95.0
Hear the Yellow,Drama,6.8,19.0,104.0
Hotel Excelsior,Drama,6.7,30.0,75.0
Missouri,Drama,,,45.0
Love Hard,Drama,,,90.0
Guerrilha no Asfalto,Drama,6.4,5.0,77.0
Cinta Lama Babak Kedua,Drama,,,105.0
Love Go Go Go!,Drama,6.7,23.0,112.0
DTLA,Drama,7.6,10.0,104.0
G.O.D.Tech,Drama,,,105.0
Angels of Tokyo Decadence,Drama,5.0,16.0,
Sadali,Drama,7.6,20.0,89.0
Scent of Pho,Drama,6.8,75.0,111.0
He Killed My Sister,Drama,3.8,50.0,71.0
Debate,Drama,,,
A Little Dream of Me,Drama,7.8,123.0,137.0
Nel tepore del ballo,Drama,6.0,28.0,100.0
Cocoa in the Dark,Drama,,,91.0
JC the University,Drama,6.7,34.0,162.0
Petrolheads,Drama,8.8,9.0,
Sitni lopovi,Drama,6.4,18.0,110.0
Earth Song,Drama,6.5,19.0,
Diary,Drama,9.0,33.0,129.0
Members of the Problematic Family,Drama,,,105.0
K sebe nezhno,Drama,5.3,80.0,108.0
A Dirtier Dilemma,Drama,7.7,148.0,103.0
Za lyubov,Drama,,,91.0
Onobiren: A Woman's Story,Drama,9.0,17.0,
Aporia,Drama,,,113.0
Watching Mr. Pearson,Drama,9.0,40.0,82.0
Just Mohabbat,Drama,,,
Echo Point,Drama,,,62.0
Juminten Edan,Drama,,,108.0
Der Schimmelreiter,Drama,7.0,10.0,96.0
The Email,Drama,6.2,24.0,
"Kuko, Drobcek a Ratafak znovu zasahujú",Drama,,,70.0
A Messy Tribute to Motherly Love,Drama,5.5,26.0,85.0
Die Ballade Von Mittwoch Auf Donnerstag,Drama,,,79.0
Demons,Drama,4.4,6.0,105.0
Almost with You,Drama,,,109.0
Toxench Zanv,Drama,8.9,42.0,151.0
Nem Én Vagyok,Drama,7.7,42.0,99.0
Jazz Intimacy,Drama,7.0,12.0,
Variations on a Theme,Drama,7.1,31.0,65.0
Andy,Drama,8.7,6.0,107.0
Thee Puka Chaaram,Drama,,,61.0
Byeeee,Drama,,,88.0
Die kleinen und die großen Lügen,Drama,,,89.0
Dead Deer High,Drama,7.5,19.0,101.0
Bheemseri,Drama,,,120.0
Don't Make Me Bless You,Drama,5.3,43.0,77.0
Todos mis viajes son viajes de regreso,Drama,4.2,5.0,
Gossip,Drama,8.2,6.0,119.0
Krasavitsa,Drama,6.0,127.0,103.0
7 Büyük Günah,Drama,5.4,15.0,
The Blind Girl and an Elephant,Drama,,,80.0
Die Gäste,Drama,6.2,8.0,
Seeing You,Drama,5.3,29.0,90.0
L'écologie des sentiments,Drama,6.3,23.0,84.0
Behind the 8-Ball,Drama,,,97.0
"Mommy, I Don't Want To",Drama,8.5,15.0,90.0
The Heart of Home,Drama,,,57.0
Bardogento,Drama,,,
Whispers of the North,Drama,6.5,6.0,
Opa Papa,Drama,,,104.0
Resilience,Drama,,,107.0
Zumeca,Drama,,,
Maya,Drama,5.6,10.0,137.0
I Seduced My Older Therapist,Drama,7.4,9.0,
Children of a Fatherless Child,Drama,,,131.0
Lokkhi Elo Ghore,Drama,1.3,37.0,58.0
The Other Brother,Drama,5.6,7.0,
Kendada Seragu,Drama,7.1,133.0,118.0
Therachaapa,Drama,7.3,1100.0,151.0
Devagudi,Drama,1.8,2100.0,152.0
Full Figured Flings,Drama,9.3,25.0,
Nesvyataya Valentina,Drama,4.0,45.0,104.0
Bhagubai,Drama,6.8,18.0,120.0
Kassa nevest,Drama,,,88.0
Sharlotte's Web,Drama,7.4,12.0,
Route Algéricaine,Drama,,,108.0
Master,Drama,7.9,7.0,126.0
Deccal 3,Drama,4.9,90.0,95.0
Asphyxia,Drama,,,119.0
Pedda Pitta,Drama,,,
Nick and Ellie,Drama,,,
L'estate che finì due volte,Drama,7.0,6.0,
Breaking Point,Drama,,,68.0
Pferd am Stiel,Drama,7.5,14.0,80.0
Ölü Köpekler Isirmaz,Drama,6.8,33.0,103.0
Cesarean Weekend,Drama,3.4,17.0,93.0
Malati Mangale,Drama,,,158.0
4's a Crowd,Drama,5.8,17.0,71.0
A Treacherous Hustle: THE Falicia Blakely Story,Drama,,,166.0
Aba Blues,Drama,,,
Forêt ivre,Drama,6.5,31.0,102.0
Mudharkanal,Drama,9.5,158.0,120.0
Mor - Siyah,Drama,,49.0,
Ahí donde no estás.,Drama,,,
Flowers of Acacia,Drama,,,87.0
Kabanda,Drama,7.3,19.0,109.0
Littermates,Drama,,,87.0
Everything Is New Again,Drama,,,
6 Degrees,Drama,,,88.0
Sargam (A Gujarati Film),Drama,7.3,9.0,139.0
Liebhaberinnen,Drama,6.3,20.0,98.0
Beautiful Pain,Drama,,,128.0
Türkiye's Pavilion at the Cannes Film Market - Engin Akyürek,Drama,9.2,14.0,240.0
Airport Blvd,Drama,,,
The Detective Who Tempted the Suspect,Drama,,,
Rishton Ki Aakhari Baazi,Drama,,,87.0
Young Female Playwright,Drama,7.5,21.0,
ForeFans,Drama,,,
Hallucinations of War,Drama,6.6,17.0,72.0
Starfish,Drama,,,
Ramyaa,Drama,6.0,22.0,110.0
Seahorse,Drama,7.7,9.0,83.0
Daisy,Drama,,,
The Man with a Hat,Drama,7.7,13.0,125.0
Run Me Wild,Drama,7.5,19.0,86.0
La corta vida de las flores,Drama,,,80.0
We Go Again,Drama,8.2,57.0,
Agony,Drama,,,
Delhi Gate,Drama,6.4,6.0,137.0
Last Supper Café,Drama,,,134.0
Leftover,Drama,,,
Madhuraapuri Sadana,Drama,7.0,5.0,128.0
Just A Girl,Drama,,,
Aghru Che Yaar,Drama,7.0,6.0,135.0
Everything As It Should Be,Drama,6.3,8.0,101.0
The Diary of Manipur,Drama,,,
Kaka sa yawan,Drama,,,90.0
Staubwelt,Drama,,,76.0
Die Poesie des Scheiterns,Drama,,,
The Golden Bullet (2026),Drama,,2026.0,
A-Men to That,Drama,6.8,32.0,84.0
Kissa Court Kachahari Ka,Drama,6.4,24.0,119.0
Cauchemar conseil,Drama,6.1,7.0,148.0
A Little Resistance,Drama,8.4,18.0,106.0
I Loved Lucy,Drama,5.0,6.0,68.0
Heaven Must Wait,Drama,,,164.0
Exit,Drama,,,
Pochi attimi,Drama,,,
Después de Kim,Drama,6.8,18.0,107.0
Wake Up!,Drama,,,135.0
Meltdown,Drama,,,
Samarpit Father's Love,Drama,8.6,14.0,115.0
Wolfgang,Drama,,,98.0
Dukan,Drama,,,94.0
Smile... The Worst is Yet to Come,Drama,8.5,30.0,84.0
Romantic Affairs,Drama,,,
Nagasaki,Drama,,,
Fair Game,Drama,,,110.0
El regresado,Drama,,,100.0
The Motherload,Drama,,,92.0
Crazed Intent,Drama,8.8,56.0,75.0
Skamer,Drama,6.7,125.0,98.0
Qualcosa di Lilla,Drama,7.2,19.0,
The Wonder Bar,Drama,,,
Cricket Sadu,Drama,,,115.0
Dream,Drama,,,78.0
Red Light Teachers,Drama,6.8,20.0,94.0
What Is to Come,Drama,7.2,7.0,82.0
The Millet Diary,Drama,,,147.0
Lagnacha Shot,Drama,7.8,78.0,124.0
In This Moment,Drama,,,
Sumpa Kingdom,Drama,,,
Panyi I Sea You,Drama,7.4,9.0,
Heart 'N' SOUL,Drama,,,
Christmas Owes Me Nothing,Drama,,,122.0
The Old Man,Drama,8.6,7.0,
I Grew an Inch When My Father Died,Drama,6.2,12.0,
Velleppam,Drama,3.0,25.0,127.0
80 udarov v minutu,Drama,,,93.0
All for One,Drama,,,95.0
Garmi,Drama,7.5,11.0,137.0
Guilty Victim,Drama,6.9,12.0,104.0
Never Reject the Queen's Daughter,Drama,,,
The Guests,Drama,,,
Out of Darkness,Drama,,,
Memleket Tamircisi,Drama,,,
The Hostage's Hero,Drama,6.0,9.0,89.0
The Ashes of Love,Drama,,,84.0
Boomtown: The Story of Downtown Frederick,Drama,,,65.0
Paral Ko Aago,Drama,,,133.0
Bhalobashi Hoyni Bola,Drama,,,
Wreckage,Drama,5.5,11.0,73.0
Turgaud,Drama,7.7,6.0,124.0
The White Room,Drama,,,105.0
Heaven & Earth,Drama,6.8,15.0,106.0
Charitha Kamakshi,Drama,6.7,28.0,90.0
Notes for Tomorrow,Drama,6.4,6.0,
I Am Going to Miss You,Drama,5.8,11.0,87.0
Talking to Strangers,Drama,,,
Museum of Dreams,Drama,,,107.0
Zen me ke neng wo jia de zu xian shi ni jia de gui,Drama,,,88.0
Bhidewada,Drama,9.5,300.0,144.0
Special Delivery,Drama,,,
Math Ka Maharaj,Drama,,,
4 or 5 things I want you to know about me (an essay),Drama,,,
Rich Kid,Drama,8.6,1500.0,126.0
Shared Moments,Drama,,,53.0
Operation Aruna Reddy,Drama,2.1,17.0,134.0
Tougher,Drama,8.0,8.0,64.0
Jangan Seperti Bapak,Drama,7.2,13.0,100.0
Homura kagayoe,Drama,,,
The Good Assassin,Drama,9.4,5.0,
N.I.M.: Artificial Intelligence,Drama,4.6,138.0,81.0
Lo Que Nos Van Dejando,Drama,,,86.0
The Formula,Drama,8.8,5.0,90.0
Ivan,Drama,,,
Ngwato,Drama,,,
Light in the Ruins,Drama,8.8,16.0,96.0
Kawan Kasoor,Drama,,,
Street Smart,Drama,,,95.0
Io+Te,Drama,6.0,7.0,86.0
The Ink-Stained Hand and the Missing Thumb,Drama,,,127.0
Never Dance with the Devil,Drama,8.1,15.0,118.0
The Bench,Drama,,,19.0
Ai Thuong Ai Men,Drama,4.1,11.0,112.0
Mother Future Self,Drama,6.7,8.0,90.0
Daiva,Drama,9.4,15.0,
Fragmente dintr-un atelier,Drama,,,50.0
Spectrum,Drama,,,90.0
Broken Ranch,Drama,,,
Muskox: Survival in the Arctic,Drama,,,52.0
Pipes,Drama,,,112.0
The Other Truth,Drama,,,94.0
The Last Admission,Drama,,,78.0
The Weight of Eyes,Drama,6.1,25.0,81.0
Clown & Out,Drama,6.7,13.0,
Vanitas - ein Stillleben,Drama,,,
A Sweetness from Nowhere,Drama,,,90.0
Bisarjan,Drama,,,121.0
Girls Night Out,Drama,,,
Naalppathukalile Pranayam,Drama,3.6,10.0,108.0
Kucing Hitam,Drama,,,
Peeli,Drama,,,104.0
September Afternoon,Drama,,,
Dovolená v Ceském ráji,Drama,,,90.0
The Devil is a Liar,Drama,,,
Dönmek için Eve,Drama,7.7,203.0,
Love and Lemon Trees,Drama,,,160.0
Paris Paris,Drama,,,78.0
Casa Pura,Drama,,,93.0
Song Hy Lam Nguy,Drama,3.6,13.0,113.0
Your Man Will be Mine,Drama,,,75.0
Senior Moments,Drama,,,94.0
Killer Kids,Drama,,,
Virages,Drama,6.5,8.0,89.0
Tanya i kosmonavt,Drama,,,
Love Loyalty & Death,Drama,,,83.0
The Violin Case,Drama,8.0,15.0,
Akad Yang Hilang,Drama,7.5,8.0,85.0
Black Water Gate,Drama,,,56.0
The Old Man and the Parrot,Drama,7.1,13.0,
Rammita Koo Pirati,Drama,,,
Abhitha,Drama,,,
Bhaskarabharanam,Drama,,,
KUL dilemma,Drama,7.9,28.0,110.0
A Gift from Heaven,Drama,5.8,45.0,124.0
The Legend of Udham Singh,Drama,5.8,1000.0,
If I Were Alive,Drama,6.8,21.0,101.0
Golden,Drama,,,
Sand,Drama,,,20.0
Amira Amir,Drama,7.5,18.0,86.0
Krasnyy prizrak 1812,Drama,,,99.0
Sophia Setembro de 1963,Drama,,,84.0
Detrás de la Lluvia,Drama,4.0,7.0,97.0
It's Always the Quiet Ones,Drama,,,80.0
El espejismo,Drama,,,70.0
Destini Wins,Drama,,,46.0
Pesni dzhinnov,Drama,5.7,6.0,93.0
Unchained,Drama,,,106.0
Mallory's Ghost,Drama,7.9,14.0,87.0
Yaarra Antha Paiyan Naanthan Antha Paiyan,Drama,7.9,1000.0,125.0
The Circle of Liars,Drama,8.8,33.0,90.0
Rifle Queen,Drama,,,175.0
Joubone Amoni Kore 2,Drama,7.8,19.0,172.0
Fascination Street,Drama,,,86.0
Nim Shab,Drama,4.9,56.0,100.0
Rowe's Realm of Horror,Drama,,,70.0
Poka nebo smotrit,Drama,7.0,20.0,
Apples & Pears,Drama,,,
Variations on Violence,Drama,6.3,6.0,71.0
Love After Pain,Drama,,,173.0
Love Love: Fractures,Drama,8.7,8.0,
Trials of Matrimony,Drama,,,119.0
When the Sunflowers Withered,Drama,,,109.0
Cercatori d'angeli,Drama,,,103.0
Tyst faller snön,Drama,6.0,15.0,72.0
Quiet Confessions,Drama,,,
Sultan's Heart,Drama,7.1,16.0,
Un amor Inevitable,Drama,,,
Budh Singh,Drama,6.2,10.0,105.0
Tu Nombre En El Papel,Drama,7.8,5.0,102.0
Kaano,Drama,,,105.0
Southside Kev,Drama,7.0,18.0,103.0
Zolotoy dubl,Drama,6.0,75.0,120.0
Just Believe: Chapter One,Drama,,,
Krakatoa,Drama,6.0,29.0,74.0
Naxos,Drama,8.8,5.0,89.0
All Money Aint Good Money,Drama,5.0,5.0,104.0
Remi & Nneoma (A Ruth and Naomi Story),Drama,,,118.0
Nuptials,Drama,4.2,12.0,88.0
White Shadow,Drama,,,98.0
Frágil como cristal,Drama,,,
Sorry Momo,Drama,,,96.0
Kalagamanam,Drama,8.6,1500.0,143.0
The Tunpu,Drama,,,90.0
Angeleno,Drama,,,83.0
Goody,Drama,,,
Par-dessus bord,Drama,8.4,6.0,66.0
AncheSeLiOdio,Drama,7.6,14.0,105.0
After Operation London Cafe,Drama,9.2,27.0,126.0
Last Supper,Drama,,,86.0
Romzsa Tódor,Drama,5.3,15.0,79.0
Between Us,Drama,,,89.0
Loop,Drama,9.3,514.0,111.0
Finale allegro,Drama,,,113.0
Sushi,Drama,,,
Nate and Moriah in Venice,Drama,6.5,11.0,100.0
Ekhane Rajnoitik Alap Joruri,Drama,5.7,14.0,
Segilola: The Villain,Drama,,,117.0
Love and Money,Drama,,,
Sinsin and The Mouse,Drama,6.5,12.0,108.0
Men ya,Drama,5.4,18.0,105.0
About the Mother,Drama,,,82.0
After Love,Drama,,,
Scarred,Drama,,,
360 bitar,Drama,,,59.0
Los Días de Poncho,Drama,,,70.0
Risky Love with My Boyfriend's Dad,Drama,,,
Onye Ije,Drama,,,
Pankh Hote to Udd Jate,Drama,,,130.0
Ambe Hai Meri Maa,Drama,,,
Négy évszak,Drama,,,76.0
Tu Duniya Chhe Mari 2026 Gujarati Pvt,Drama,,,115.0
Micidiale,Drama,,,71.0
Case of blues,Drama,,,
Boomah,Drama,,,120.0
Plight: A Fight for Justice 2025,Drama,,,
Lev Zahav,Drama,,38.0,87.0
Más allá de la montaña,Drama,,,
Chowkidar,Drama,,,145.0
Vo Ladki,Drama,7.2,6.0,
God I Want You,Drama,,,
Heroinbyen,Drama,,,
Sud Shakarambh,Drama,,,115.0
Jabraat,Drama,7.6,9.0,
Khao Kala,Drama,4.5,21.0,96.0
GetAway,Drama,,,87.0
The Truth Hurts Series,Drama,,,90.0
Cell,Drama,,,126.0
The Last Ride: A Philadelphia Story,Drama,,,89.0
Korol i Shut. Navsegda,Drama,5.0,169.0,118.0
Tyulpany,Drama,4.5,49.0,89.0
Varugai Pathivedu,Drama,7.1,7.0,123.0
Khab,Drama,1.7,7.0,
Norok,Drama,,,
Life Dyamage,Drama,5.8,10.0,120.0
Chakranta,Drama,5.2,8.0,
Tangled Illusions,Drama,,,
Zrinski,Drama,,,52.0
Silent Crimes,Drama,,,
Lirika,Drama,7.1,27.0,73.0
Manmelo,Drama,,,121.0
Between Arms,Drama,,,75.0
Yo,Drama,,,81.0
Our Little Secret,Drama,,,
Eto vsyo ona!,Drama,,,
My Life with Shurastey,Drama,,,
Paree: Chapter 1,Drama,7.6,8.0,136.0
Finding Honk,Drama,,,96.0
The Good Shepherd,Drama,,,
Side Effects May Include...,Drama,,,88.0
Love Untamed,Drama,,,95.0
Sachien Loves Shalini,Drama,,,103.0
Something Fishy,Drama,,,57.0
Nine,Drama,,,82.0
Ancestral,Drama,,,86.0
New High Score,Drama,,,
Rencana Besar untuk Mati dengan Tenang,Drama,,,116.0
Spare Queens,Drama,5.4,5.0,92.0
Love Girl,Drama,,,
A Room Called Home,Drama,4.8,22.0,126.0
AMS - Arbeit Muss Sein,Drama,5.8,10.0,
The Nightmare,Drama,,,
Mama No!,Drama,,,98.0
Transcend,Drama,8.2,6.0,72.0
Chyorny dvor v kino,Drama,5.8,36.0,129.0
Ran Shao ba! Ba Ba,Drama,,,
Duplicity,Drama,,,98.0
The Soil,Drama,,,120.0
Hyped UP Bunnies,Drama,,,61.0
Hit Classic,Drama,,,108.0
Ru!s,Drama,,,
Eeshan - The Protector,Drama,,,
Chasing Dust,Drama,,,88.0
Révolté,Drama,8.9,10.0,114.0
Sarkari Damad,Drama,8.4,8.0,170.0
Gilded Lily,Drama,,,73.0
Vidhaata 2026,Drama,6.7,9.0,129.0
GunBlade & Me,Drama,1.5,33.0,92.0
Bo-bo,Drama,,,
Para Que No Se Te Olvide,Drama,,,88.0
Turn 2,Drama,9.2,13.0,
#Kakusan,Drama,,,105.0
Killeidoscope,Drama,,,126.0
Carl Jackson's the Well,Drama,,,
Pucallpa la Europea,Drama,,,105.0
"Cuo Guo le, Yi Han ma",Drama,5.8,14.0,
Four Birds,Drama,,,122.0
Shri Krishna,Drama,9.0,557.0,136.0
But the Main News Tonight,Drama,,,
Yamaguchi-kun wa Warukuna,Drama,,,96.0
"Beautiful, Pam",Drama,,,63.0
No Return,Drama,,,82.0
Exile,Drama,,,
Tirik,Drama,,,91.0
Missy's Voice,Drama,,,
BhakutKut,Drama,7.6,9.0,139.0
1,Drama,,,90.0
Brave Skies,Drama,,,90.0
Mayilaa,Drama,7.0,12.0,97.0
Currents,Drama,,,44.0
Muse,Drama,,,69.0
Spasti bessmertnogo,Drama,8.2,161.0,105.0
Bidadari Surga,Drama,,,80.0
Rusambo,Drama,,,98.0
Laagni No Melo,Drama,6.9,109.0,153.0
Malaki Duwe Numba,Drama,8.1,10.0,120.0
Mehermunda,Drama,8.0,10.0,147.0
Dev Das na Leela,Drama,,,132.0
Serious Crime Innocence,Drama,,,97.0
Heartbreaker the Movie,Drama,,,
Saltwater Gospel,Drama,,,
Forbidden Bonds (Entre el Deseo y el Pecado),Drama,7.0,13.0,
Stur,Drama,5.7,24.0,111.0
Rhapsody Rhapsody,Drama,8.0,10.0,106.0
Ten Will,Drama,,,
Póstumo,Drama,6.7,19.0,
Smoke & Ashes,Drama,6.7,8.0,118.0
Sereng,Drama,,,160.0
Apam!,Drama,,,
Um Coração Incendiário,Drama,,,55.0
Jaisi Karni Waisi Bharni,Drama,,,
Everything You Are (Producer's Cut),Drama,5.5,16.0,103.0
"Hated by Many, Loved by None",Drama,,,121.0
Le jeu de l'homme,Drama,,,70.0
Harvest,Drama,,,
Click Ceremony,Drama,6.8,1000.0,97.0
Panda,Drama,7.1,22.0,146.0
Broken Harmony,Drama,5.8,7.0,121.0
HomeTown Hero,Drama,,,106.0
Picture Boyz,Drama,9.3,125.0,112.0
Said: Black Blow,Drama,6.7,12.0,95.0
Shu Dao San,Drama,,,
Chaurangi,Drama,5.3,121.0,137.0
Cynthia,Drama,,,172.0
Karuthal,Drama,,,112.0
Shattered Silence,Drama,,,
Otets,Drama,5.6,63.0,106.0
Dodmansa,Drama,6.7,208.0,143.0
The Distance We Drift,Drama,,,90.0
The Man Whom the Trees Loved,Drama,,,73.0
Baba,Drama,,,
Deadly cure,Drama,7.9,18.0,75.0
Fiz um foguete imaginando que você vinha,Drama,7.0,24.0,92.0
Orevwa,Drama,,,
Benched,Drama,,,22.0
Sugriva,Drama,8.9,1000.0,96.0
Arthur's Empire,Drama,9.0,31.0,
Timings,Drama,6.9,15.0,100.0
Star Vehicle,Drama,,,82.0
3rd Floor,Drama,,,130.0
A Book of Freedom: The Confessions of Francisco Menéndez,Drama,,,49.0
Camp Night,Drama,,,85.0
Wish You Well,Drama,5.2,18.0,108.0
Burning Rain,Drama,6.9,8.0,90.0
Harmony Streets,Drama,,,85.0
Coma Grey,Drama,,,109.0
O Garoto do Cachecol Vermelho,Drama,,,
The world of Wifer Calendez,Drama,,,90.0
Picture Perfect Marrage,Drama,,,
Uang Passolo,Drama,7.1,18.0,95.0
Corozo,Drama,,,97.0
Button Lips,Drama,,,104.0
The Accused,Drama,,,
Shakkar,Drama,,,97.0
Drei Kameradinnen,Drama,,,93.0
Hal-e Khoob-e Zan,Drama,2.2,11.0,
Porobasi,Drama,,,104.0
Danz3,Drama,,,
Sunny Di Honey,Drama,7.6,7.0,117.0
Mabuhay,Drama,,,88.0
Teman Tegar Maira,Drama,,,97.0
I Need Mine,Drama,,,71.0
Sherr,Drama,,,130.0
Amando a Amanda,Drama,,,
Bharathi Teacher,Drama,8.7,1100.0,139.0
Stepnye bogi,Drama,4.0,26.0,84.0
Queen of the Trap,Drama,,,
A Mother's Daughter - Forgiveness,Drama,,,117.0
Gloria,Drama,6.7,11.0,
Web of Secrets,Drama,,,52.0
Xiao Na,Drama,,,
Looking at Madness,Drama,,,80.0
Alors on Danse,Drama,,,
O Deserto de Luiza,Drama,,,
Tu Reina,Drama,,,108.0
A Song for Eresha,Drama,7.9,13.0,125.0
Runnng Out of Love,Drama,,,
Phases of the Moon,Drama,,,
"Repose en paix, si tu peux",Drama,,,83.0
Ela Foi Ali Guardar o Coração na Geladeira,Drama,,,78.0
Vremena lyubvi,Drama,,,73.0
La Herencia de los Ramírez,Drama,,,
One Last Ride,Drama,,,
Shantara,Drama,,,137.0
Bahangi: The Bamboo Yoke,Drama,8.4,8.0,52.0
Khadak Singh Chauhan,Drama,6.0,7.0,49.0
Oedipus King of AI,Drama,,,65.0
Gemeinsam einsam,Drama,,,56.0
Natwar,Drama,,,75.0
Aadharam,Drama,,,114.0
Kalagahatta,Drama,,,116.0
He Heard My Cry,Drama,9.4,9.0,
Saat Aku Bersuara,Drama,,,85.0
Mruthyudevate,Drama,,,150.0
No Place to Hide,Drama,,,107.0
Antas 2,Drama,,,
"Antara Mama, Cinta dan Surga",Drama,,,110.0
Hunter Among Us,Drama,,,104.0
"Florida, Man",Drama,,,
Grave Aigüe,Drama,,,80.0
Kaji,Drama,,,
90 ML,Drama,,,
Commandovin Love Story,Drama,,,
Saas Mirchi Bahu Achar,Drama,,,122.0
The Execution of Julie Ann Mabry,Drama,6.5,56.0,105.0
Where You At,Drama,,,45.0
Qian jin bu huan,Drama,,,
Get Up Kingshuk,Drama,8.7,7.0,80.0
My Son Let Me Die,Drama,,,
Twisted Love,Drama,,,
Can't Go Over It,Drama,,,76.0
Gropiusstadt Supernova,Drama,6.5,9.0,78.0
Paree - Chapter 2,Drama,,,
Mudanzas Debuti,Drama,,,
Zheni izvan upotreba,Drama,,,
Spectacular by Comparison,Drama,9.2,42.0,93.0
Arena Branca,Drama,,,118.0
Strings Attached,Drama,,,
Commandments of a Female Hustler Volume 2,Drama,,,
A Story About You,Drama,,,90.0
Girlz N the Hood,Drama,,,105.0
Nha Minh Di Thoi,Drama,6.2,13.0,115.0
Prema Kadali,Drama,7.0,6.0,178.0
Pale Night,Drama,,,
Les,Drama,,,
Unbeatable: Road to Tokyo,Drama,,,
Mary,Drama,,,70.0
Sarkari Nyayabele Angadi,Drama,,,
Odium for Ardor,Drama,,,78.0
Garuda,Drama,,,
A Disease Called Family,Drama,,,
Illu,Drama,,,45.0
Enjoy Your Journey,Drama,6.7,14.0,
Zabet,Drama,2.1,13.0,78.0
The Freedom Machine,Drama,,,50.0
Shivam Shaivam: The 1989 File Case,Drama,,,127.0
Il giorno dei traditori,Drama,,,
Gyeourui bit,Drama,,,88.0
Havana Coyotes,Drama,,,
Ensayo para desaparecer,Drama,,,84.0
Tru Game of Love,Drama,7.6,6.0,
Sarah Is Missing,Drama,,,80.0
IWE ALA (An Ojude Oba Story),Drama,,,128.0
The Private Tutor,Drama,,,
Miles Underwater,Drama,,,
Bus: Chuyen Xe Mot Chieu,Drama,,,94.0
Sayap Garuda,Drama,,,
Mitjyu,Drama,,,136.0
Las Lágrimas de Bael,Drama,,,
Temperatura vselennoy,Drama,7.8,5.0,
Alias,Drama,,,
"Sex, Religion & a Mannequin",Drama,,,127.0
Felai FX - Trader Gelap: Apa Mau Takut,Drama,,,88.0
Tanit,Drama,6.8,6.0,
Korat Fight: The Dream,Drama,,,
Manga Maaya,Drama,8.3,1000.0,131.0
Crooked Suits,Drama,7.4,11.0,
Kalam,Drama,,,53.0
Devil in a Sundress,Drama,,,114.0
"Mama, Henry & Us Gospel Singers",Drama,,,79.0
Letters to God,Drama,,,75.0
Marali Manasaagide,Drama,9.0,224.0,146.0
Samam,Drama,,,117.0
Electric Feel,Drama,,,100.0
Halima,Drama,,,
Kanna Muchhe,Drama,,,110.0
The Secret Set Up,Drama,,,70.0
Oublie pas le gruau,Drama,,,75.0
How Blue Was My Sky,Drama,,,80.0
Sender,Drama,,,70.0
The Same Frame,Drama,,,70.0
Yu wen de zi wei,Drama,,,120.0
As I Am,Drama,,,122.0
Quase Inverno,Drama,,,93.0
Annyo Nisarg,Drama,,,65.0
Roller Cokesters,Drama,,,68.0
Viral Krishna,Drama,,,77.0
The Heart of Home,Drama,,,57.0
For Love and Country part 2,Drama,,,80.0
Melodies,Drama,,,90.0
Snuff,Drama,,,62.0
Con Ke Ba Nghe,Drama,7.1,16.0,111.0
The Male Gaze: Wandering Hearts,Drama,,,106.0
Friedrich Nietzsche (:) Der Antichrist,Drama,,,188.0
Tomar Jonno,Drama,,,111.0
Castration Movie Expansion I.,Drama,,,
The Dosage Makes the Poison,Drama,,,
Quy Tu Vuot Giau,Drama,,,118.0
Reel Luv,Drama,,,
Ah Que le Bonheur est Proche!,Drama,,,
My Best Friend's Secret Boyfriend,Drama,,,90.0
The Calf Doll,Drama,7.9,7.0,
Chaos/Order,Drama,,,63.0
"Scratchy, Cage and Tumbleweed",Drama,,,90.0
Family Hug,Drama,,,
Mapas,Drama,,,115.0
Itlu Kanmani,Drama,,,70.0
Leto budet obshchim,Drama,5.4,6.0,90.0
XY9,Drama,,,65.0
Never Gunna Leave You,Drama,,,57.0
Two Ugly People,Drama,,,100.0
Table for Two,Drama,,,
"Okay, It's Time to Go",Drama,,,111.0
Your Flesh: Three Ways to Love You,Drama,,,83.0
Aegean Love,Drama,8.0,6.0,90.0
Mot Thoi Ta Da Yeu,Drama,3.0,5.0,119.0
The Journey of a Star,Drama,,,94.0
Lovita,Drama,,,136.0
Bir Yazdan Hatiralar,Drama,,,80.0
The Soldier,Drama,,,73.0
Barely There,Drama,,,
Una Directora Extraordinaria,Drama,,,85.0
Zamana,Drama,5.1,4000.0,130.0
Awonon,Drama,,,75.0
Czarna godzina,Drama,,,75.0
Föld és Vas,Drama,,,115.0
Portraits of a Family,Drama,,,84.0
Sweet Escape,Drama,,,
Maya Bonchi,Drama,,,
Pain & Harmony,Drama,,,114.0
Sekundy do nulya,Drama,,,85.0
Bellyache,Drama,,,
The Xenophobes,Drama,,,126.0
Elva: Art of Redemption,Drama,,,132.0
A Secret Lie in Love,Drama,,,
My Share of Sky,Drama,,,
Culpable Invisible,Drama,,,
Chidibaaz,Drama,,,65.0
Reel Too Real,Drama,,,97.0
The Safety Catch,Drama,,,90.0
Let Dan Go,Drama,7.4,13.0,
Linn Wyler,Drama,,,180.0
Tiefschlag,Drama,,,
Pyaar Prema Pei,Drama,,,45.0
Violeta Rauch,Drama,8.1,13.0,65.0
Rondo,Drama,,,
People in a Circle,Drama,,,119.0
A Requiem in Bishkek,Drama,,,77.0
I chto-to eshchyo,Drama,,,91.0
Oraison,Drama,,,90.0
Pukam Pukai,Drama,,,
I'm Desperate,Drama,4.7,7.0,101.0
Sovok,Drama,,,95.0
Sohla: Celebration Under the Grey Sky,Drama,,,105.0
Storie d'ombra e di zucchero,Drama,,,84.0
Donde Duermen los Sueños,Drama,,,76.0
Relevant Evil,Drama,,,
Achappa's Album,Drama,6.6,7.0,121.0
The Grandmaster's Gift,Drama,,,
Dulhan Wahi Jo Piya Man Bhaye 2,Drama,,,
Wired,Drama,,,101.0
Children of God,Drama,,,
King in the Land of the Princess,Drama,,,
Delicieuse et Tragique,Drama,,,110.0
Real Life Chronicles: Forgiveness,Drama,,,56.0
Kisholoyer Golpo,Drama,,,105.0
Man's Game,Drama,9.0,13.0,
Blood Mandate,Drama,,,62.0
Summer's Silence,Drama,,,
Queen City the Hornets Nest,Drama,,,95.0
Ishues,Drama,8.4,9.0,77.0
"Living Twice, Dying Thrice",Drama,3.8,12.0,103.0
Days of Fire,Drama,,,90.0
Dissection of the Dollar,Drama,,,45.0
The Yod Cycle,Drama,,,
Cant Get No,Drama,,,
Asesino Perfecto,Drama,,,114.0
Raylarin Ötesinde,Drama,6.7,35.0,
Auslandsreise,Drama,5.5,13.0,63.0
Colors,Drama,,,
My Little Moon,Drama,7.3,18.0,80.0
Operations,Drama,,,62.0
Una chica en la estación,Drama,,,97.0
Uttara,Drama,,,
No quieras olvidarme,Drama,,,81.0
Raised by the Rain,Drama,,,
Cassowary,Drama,,,86.0
Le Sorelle,Drama,,,83.0
Da Xi Yang,Drama,,,102.0
Chop Breakfast,Drama,,,
O Profeta,Drama,6.5,24.0,94.0
A Storm of Syndicates,Drama,,,
Jivtar Ni Journey,Drama,8.7,10.0,104.0
Sujata,Drama,,,148.0
Il mondo oltre,Drama,,,102.0
Rising Embers,Drama,,,150.0
The Perfect Escape,Drama,,,
Bai wan hong bao,Drama,,,88.0
The show must go on (vas-y pleure),Drama,,,
HOLM,Drama,,,
The Tropic Sun and His Eyes,Drama,8.3,6.0,
Mirmire,Drama,8.0,6.0,95.0
Circus of Life,Drama,7.7,6.0,
The DDDallas Cowboy,Drama,,,60.0
Thanh Am Vuot Dai Duong,Drama,,,117.0
Duja Rabb,Drama,,,
A Spark in the Dark,Drama,,,
Absolute Love,Drama,,,
Darji,Drama,,,127.0
The Tablet,Drama,,,79.0
The Wandering Creature (and Other Tales),Drama,,,
Holnap is van,Drama,,,
She Get It from Her Mama,Drama,,,120.0
Vygotsky,Drama,,,105.0
Black Vault,Drama,,,75.0
butterfly_girl_85,Drama,8.2,13.0,105.0
Jotaro,Drama,,,102.0
Dig a Pony,Drama,,,70.0
Life of Ben Hogan,Drama,,,
Vadal the storm,Drama,,,
Entre 2 Aguas,Drama,,,95.0
Attaboy,Drama,,,
7 Gifts Between Us,Drama,,,101.0
Goodluck Charm,Drama,7.7,113.0,127.0
Angel Flight,Drama,7.1,7.0,138.0
Good Earth,Drama,6.6,5.0,
Qué más puedes hacerme,Drama,,,89.0
Trauma,Drama,,,
Las Vegas Non Esiste,Drama,,,92.0
Grass Ain't Greener,Drama,,,
Stand by Me,Drama,,,90.0
Ballad to the Winds,Drama,,,116.0
Ichata Love Ammabadunu Konabadunu,Drama,8.8,1000.0,149.0
Tadaimatteierubasyo,Drama,9.2,13.0,
Snake Milkers and the Miserable lady,Drama,5.3,29.0,
The Promise,Drama,8.9,8.0,
The Mafia Mouse,Drama,8.5,6.0,70.0
Garima,Drama,,,62.0
Bou Niye Juddho,Drama,,,
Pitico: Hermes Ayres Azevedo (1881-1959) - Historiador Da Província,Drama,,,74.0
She Cried in the Rain,Drama,,,
Mr. Village,Drama,,,81.0
Idioot,Drama,,,50.0
Fragile Devotion,Drama,,,63.0
Inner Flower,Drama,,,100.0
Shadows of Fame,Drama,,,
The Unlawful Act: Part 2,Drama,9.0,10.0,
Nangong Cheng,Drama,7.2,10.0,197.0
The Charitable Sisterhood of the Second Trinity Victory Church,Drama,7.4,6.0,86.0
Roll No. 1,Drama,,,160.0
The Last Chapter,Drama,,,
Blue Marks,Drama,,,110.0
Karma,Drama,,,
Hell & Heaven,Drama,,,65.0
Lies in 3,Drama,,,
Humano,Drama,,,90.0
3 Stages of Darkness,Drama,,,70.0
Speakeasy,Drama,,,63.0
Reunion: The Last Supper,Drama,,,94.0
Las Mantis,Drama,,,
La Mamma,Drama,,,
Samaya legkaya lodka v mire,Drama,,,99.0
In Search of My Moehau,Drama,,,87.0
Bitter Like Chocolate,Drama,4.4,13.0,
Per un po',Drama,5.6,7.0,110.0
Habaita!,Drama,,,75.0
Grease to Grace,Drama,,,
The Lastborn,Drama,,,
Under the River,Drama,,,
Eklo Rabari,Drama,,,124.0
Piece of the Wall,Drama,,,72.0
Until the Very Last Page,Drama,,,100.0
Sweater,Drama,,,
Aaru Aanugal,Drama,,,
Wheels of the Heart,Drama,,,140.0
Dhairye Sahase Amrutha,Drama,,,
Little Towns,Drama,,,123.0
Ghost Voices,Drama,,,
O Velho Salazar,Drama,,,60.0
Vandyke,Drama,,,76.0
Linebala,Drama,9.5,469.0,133.0
Unfortunate Fortune,Drama,8.2,16.0,
Ghootevar,Drama,2.6,12.0,
A Quiet Bloom,Drama,,,83.0
Rogue Elephants,Drama,,,
Sankeerthana,Drama,,,
Enemy in My House,Drama,,,104.0
Uphill,Drama,,,
3-Idiots,Drama,,,
Imbu,Drama,,,
Peregovorshchik «Operatsiya Damask»,Drama,,,92.0
Narapisach,Drama,,,
La Ventana,Drama,,,
Thursday Night Is Too Dark,Drama,,,
Robo y Extorsión En Las Carreteras,Drama,,,84.0
A Scandal for Christmas,Drama,,,
Sutorang,Drama,,,
Zadlaagui zahia,Drama,,,111.0
Married to a Jailbird,Drama,,,
Starter,Drama,,,
Vaari,Drama,,,
Friends Indeed,Drama,,,
Staryy oryol,Drama,7.7,11.0,94.0
50nenme no Oretachi no tabi (Our 50-Year Journey),Drama,,,109.0
Slippery Ground,Drama,,,
Wildman,Drama,,,
Abhyanjana,Drama,,,
Pogum Idam dooram illai,Drama,,,
Sundi,Drama,,,120.0
Con La Tierra Encima,Drama,,,65.0
Saas Bina Chain Kaha Re,Drama,,,
Out of Options,Drama,,,96.0
Spiritbox,Drama,,,45.0
Por mais um dia,Drama,,,84.0
Spalla a Spadda,Drama,,,47.0
Ka Kha Ga Gha,Drama,7.6,9.0,111.0
San Xin Liang Yi,Drama,5.0,5.0,
Act Break,Drama,,,92.0
The Deity in the Dark and other Stories (Remastered),Drama,,,66.0
Go Theodore,Drama,,,
My Friend,Drama,,,90.0
Him or me,Drama,,,
Un coeur meurtri,Drama,,,
While They Were Away,Drama,,,62.0
"Licht, kein Licht",Drama,,,83.0
El día que Ewan McGregor me presentó a sus padres,Drama,,,
Our Place to Forget,Drama,,,90.0
Odore! Yakuza,Drama,,,104.0
Herbstfeuer,Drama,,,114.0
Love You Dadu Dadu Ji,Drama,,,
Voice of State,Drama,,,46.0
Iluminada,Drama,,,
Saving the Alpha CEO,Drama,,,
Darrell Smith's Destiny,Drama,,,
Komorebi - Die Glocke im Wald,Drama,,,93.0
Poe's Ghost's,Drama,,,
Lun Dao Wo,Drama,,,
Maharaja Hindustani,Drama,,,
From Shattered to Strong: A Long Way Forward,Drama,,,
An Atomic Relationship,Drama,,,66.0
Dalasien,Drama,,,
For Her Sake,Drama,,,
Rosamaro,Drama,,,
Pahan kiertämä,Drama,,,
Minha Mãe Assassina,Drama,,,
Holy Joe,Drama,,,84.0
F(r)iction,Drama,,,84.0
Agridulce - Bittersweet,Drama,,,98.0
Rah E Guzar,Drama,,,
Adanne,Drama,,,137.0
Yin hun deng 2,Drama,,,78.0
Kuruppinte kuzhimadam,Drama,,,
The Cringy Life of a Replaceable Kid,Drama,,,163.0
Almost,Drama,,,165.0
Kai ge Wan Xiao,Drama,,,
Slide Through Elaines Eyes,Drama,,,
Apples and Oranges 2026,Drama,,,
Outer Heavens,Drama,,,79.0
Insulation,Drama,,,85.0
Radiators Popped as Pipes Rattled,Drama,,,50.0
Maami,Drama,,,47.0
Les Écorchés - Partie 3,Drama,,,113.0
Xi xiang ji,Drama,,,
My name is not Charlie Wang,Drama,,,65.0
O Mez da Grippe,Drama,,,95.0
My Ex Almost Killed Me,Drama,,,
"Love, Baby & Regrets 2026",Drama,,,
Turkey Invites You reception in Cannes-France - Engin Akyürek,Drama,9.0,23.0,180.0
Viale Donne Speciali,Drama,9.2,6.0,111.0
Shanghai Daughter,Drama,5.2,12.0,94.0
L'Eden,Drama,,,
Manav Market,Drama,8.6,534.0,156.0
A Sting of Pain,Drama,,,87.0
Inherited Hatred,Drama,,,
Basmane,Drama,,,
DiyiDadao,Drama,,,
Le premier rôle,Drama,,,86.0
The Thrifty Angel,Drama,,,113.0
Wailing to the Waves,Drama,,,79.0
Sur le sentier,Drama,,,102.0
The Hot Pot,Drama,,,45.0
Erzähl Mir Dein Morgen,Drama,,,90.0
Broken Harmony,Drama,,,120.0
Mudville,Drama,,,87.0
SCAD Acting Showcase 2026,Drama,,,
Data Not Drama,Drama,,,
"Hey, Julia",Drama,,,97.0
Say Her,Drama,,,84.0
Kiss and Be Friends,Drama,7.6,17.0,86.0
Ellas,Drama,,,106.0
Donya,Drama,,,
Zhizn posle smerti,Drama,,,61.0
Sleeping with the Frienemy,Drama,,,88.0
Dark Justice,Drama,,,
Sukhibavaa,Drama,6.8,4300.0,126.0
Not Pure,Drama,,,
Godwin,Drama,,,62.0
Calendar,Drama,,,
Belladonna,Drama,,,
Lower than A Penny,Drama,,,
Shiuli,Drama,8.9,8.0,113.0
A Cowboy Against Thunder,Drama,5.0,15.0,
Misty,Drama,,,60.0
I Swear to God,Drama,,,66.0
Soar,Drama,,16.0,90.0
Señales,Drama,,,
Chuzhoy zvonok,Drama,,,89.0
Hourglass,Drama,,,38.0
Abhivyakti: Finding Their Voice,Drama,,,74.0
Receipts,Drama,,,153.0
Beautiful Pain,Drama,,,128.0
The Legend of Moranak Meada Mother,Drama,,,
Nawar Achiya: Belles de nuit,Drama,,,110.0
La bambina di Chernobyl,Drama,,,90.0
"Life, Continued",Drama,,,59.0
Secretos de Dublín,Drama,,,
The Shape of Invisible Skies,Drama,8.4,9.0,118.0
The Twist,Drama,6.8,7.0,
Double Standards 2,Drama,,,93.0
Texas Rhapsody,Drama,,,77.0
Made in England,Drama,,,70.0
The Blessed Ones,Drama,7.6,5.0,95.0
Brother Unknown,Drama,5.8,29.0,95.0
Poem of a Battleship (Juddhojahajer Kobita),Drama,,,134.0
Chorr,Drama,,,
Otium,Drama,,,79.0
Feral,Drama,,,
Kör Gece,Drama,,,
The Unlawful Act,Drama,8.7,14.0,
Faith in the Silence,Drama,8.0,6.0,
Stepping Off WIth Juvey-D,Drama,,,50.0
Graduation Day,Drama,,,102.0
Pavuram,Drama,,,
"Cristales Rotos: Historias de amor, dolor y muerte",Drama,,,93.0
Other People's Things,Drama,,,69.0
Anthôman,Drama,,,
Diwali Ke Shor Mein,Drama,,,102.0
Dear Family,Drama,,,
Filman,Drama,,,116.0
In Every Moment I Look for You,Drama,,,55.0
Sattendru Maarudhu Vaanilai,Drama,,,135.0
Swipe Right,Drama,,,
Abismos,Drama,,,90.0
L'ikigaï,Drama,,,97.0
Retrieval,Drama,,,96.0
Airminded heads,Drama,,,101.0
Can't Buy Loyalty,Drama,,,123.0
The Trade,Drama,,,99.0
A Long Marathon,Drama,,,124.0
Mobile Ni Side Effect,Drama,,,104.0
Bez oglyadki,Drama,,,
Right on Time,Drama,,,
Daygame,Drama,,,65.0
The Block Crew,Drama,7.9,12.0,
3.0 Kilograms of Happiness,Drama,6.6,16.0,98.0
Quand ils savent,Drama,7.2,8.0,78.0
Não Quero Te Perder,Drama,6.4,6.0,
Damaged,Drama,,,
Chaste,Drama,9.8,6.0,
Life Is a Dream,Drama,,,75.0
A kak pravilno?,Drama,,,88.0
Trans-Fiction (Digital Friends),Drama,,,126.0
Look My Way,Drama,,,62.0
Totschweigen,Drama,8.0,24.0,88.0
L'affaire Abdallah,Drama,7.8,21.0,101.0
Dabish,Drama,7.0,7.0,146.0
Too Much Too Soon,Drama,5.1,9.0,
Year Round Living,Drama,,,
Among Monsters,Drama,,,88.0
A Modest Killing,Drama,,,82.0
The Birds Tell Me All There Is to Know,Drama,,,
Bhutacha Doraemon 2,Drama,,,
Ai de lian xi sheng,Drama,,,93.0
Three Ways of Returning,Drama,,,81.0
Summer's End,Drama,,,
Blog,Drama,,,
Bromance Kadhal,Drama,,,143.0
Raised Elbows,Drama,,,
Bayakegalu Berooridaga,Drama,8.6,21.0,112.0
Stray Kids,Drama,7.2,26.0,
Triloka,Drama,8.7,16.0,100.0
Mama Nada,Drama,,,120.0
Beautiful Pain,Drama,,,128.0
Blagoustroystvo,Drama,,,81.0
Pervaya,Drama,4.5,43.0,97.0
Dua Qubool,Drama,7.5,9.0,
The Wizard's Endearment,Drama,7.8,6.0,95.0
La Mujer de Mi Padre,Drama,,,60.0
May Mara Prasangaya,Drama,,,120.0
Mon,Drama,,,87.0
Neutrals,Drama,,,75.0
Arey Apandra,Drama,,,99.0
Svigt,Drama,,,70.0
The Royal Dilemma,Drama,,,
Murphy Vs Christmas,Drama,7.2,5.0,
The Truth Hurts Series - Broken Dreams,Drama,,,59.0
GRAY (Ramadi),Drama,5.0,14.0,82.0
At the Lovehotel,Drama,6.8,6.0,73.0
The Queen,Drama,,,26.0
Maman déteste ma belle-mère,Drama,,,
Wagon Wheel,Drama,,,
A Land Apart,Drama,,,
Adanne,Drama,,,
Exsilium,Drama,,,
Posledni Mejdan,Drama,,,
Dhoadhi,Drama,,,102.0
Mawu-Sika,Drama,,,
Era,Drama,7.0,5.0,102.0
Dream Machine: AHRIMAN,Drama,,,119.0
These Are My Friends!,Drama,,,
Out,Drama,,,
Captive by My Choice,Drama,,,65.0
The Butterfly Tree,Drama,,,
Retrospection,Drama,,,84.0
Aafaa,Drama,7.6,30.0,132.0
Mafia: A Trace of Millions,Drama,,,
Symphony of Light and Shadow,Drama,,,70.0
Greener Lawn,Drama,,,110.0
It's All About Sam,Drama,,,
Simulacre,Drama,,,136.0
Where the Sun Shines Bright,Drama,,,
Greatest Oath: The Rescue,Drama,,,
The Un-Monolithic Black Man,Drama,,,45.0
Paige Ishq Puware,Drama,,,
If Only the Year Had 364 Days,Drama,,,80.0
Let Them Be Seen,Drama,,,
Lo que intentamos ser.,Drama,,,104.0
Humming,Drama,,,101.0
Utsaber Ratri,Drama,,,74.0
Brave Without Boundaries,Drama,,,102.0
Brand New Love,Drama,,,
No Silêncio,Drama,,,
Neeli Hakki,Drama,6.8,22.0,109.0
Noite Azul,Drama,,,91.0
Dans l'Ombre,Drama,,,49.0
Aparadhi Naanalla,Drama,,,125.0
Le Compre La Muerte a mi Junior,Drama,,,85.0
Kamala Miss,Drama,,,
Per amore tuo,Drama,,,
El Ejemplo,Drama,,,102.0
Diari Hitam: Lembaran Baru Liriell,Drama,,,
The Class: Online,Drama,,,52.0
Do Re Mi Fa So lauft's,Drama,,,106.0
A Vast Algorithm of Humanity: The Movie,Drama,,,129.0
Acorde Final,Drama,,,
Bhuchal-Bhandar,Drama,,,
The Great Patriot,Drama,,,109.0
Unraveled Loyalties,Drama,,,
Two Little Nightmares,Drama,,,
Psycho Daddy,Drama,9.0,14.0,77.0
Six String Sky,Drama,8.3,11.0,85.0
Karanlik Sokaklar,Drama,7.4,9.0,
The Arrogant Bastard,Drama,,,
Echoes: Four Stories of Becoming,Drama,,,
RiffTrax Presents: High Treason,Drama,,,68.0
Unwrapping Fate,Drama,,,64.0
Hi Vari Kasavachi,Drama,,,
Les Saturnides,Drama,,,70.0
Aloha Prestij,Drama,,,
Tierra De Viboras,Drama,,,65.0
A Knife of the Weapon Gleams with Blood,Drama,,,95.0
Illusion of Faith,Drama,,,98.0
Gente de la ruta,Drama,,,67.0
O Pappous Mas,Drama,,,49.0
Necrobusiness,Drama,,,
Century,Drama,,,
Thrown,Drama,,,67.0
Adi,Drama,,,
Paavakoothu,Drama,,,85.0
Handle with Care (Gianni Sacco and Miryam Orozco),Drama,,,
The Legend of Morgana,Drama,,,
Whispers of the River,Drama,8.5,61.0,72.0
Mathe Male Hoyyuthide,Drama,6.6,109.0,120.0
1+1 Offer,Drama,3.1,21.0,104.0
Destiny's Race,Drama,,,85.0
Tu Geeta Hu Kurbaan,Drama,,,
Parijaat,Drama,,,
Free to Fly,Drama,,,60.0
Chamayya S/o Ramachari,Drama,,,105.0
Autumn of the Jinn,Drama,,,75.0
Mystery in Bloom,Drama,,,
Little star,Drama,,,18.0
Dos reinas sin un reino,Drama,,,
Heroes of Edelstein: Grip of Darkness,Drama,,,71.0
The New Dawn,Drama,,,69.0
What About the Boys 2,Drama,,,86.0
"My Momma and Her Clients State That I Am a Tender, Cute, Stylish, and Fashionable Artist!",Drama,,,61.0
Por amor seguiremos,Drama,,,70.0
Loverman,Drama,,,
Beyond the Mast,Drama,,,93.0
Under the Turban,Drama,,,85.0
Deceiving,Drama,,,126.0
Devenir,Drama,,,98.0
Confessional,Drama,,,
Behind the Closed Doors of the Artist Who Died,Drama,,,29.0
"11, rue Denver",Drama,,,75.0
Life Forgotten,Drama,,,
Sob Khobori Bishesh Noy,Drama,,,113.0
Worthy,Drama,,,
They Humiliated the Billionaire's Parents,Drama,,,
IMA,Drama,,,94.0
Alma,Drama,,,70.0
Emporion,Drama,,,
Ramón Vázquez,Drama,,,
Shah Shani,Drama,,,151.0
Beautiful Pain,Drama,,,128.0
Seemingly Curtis Cuspiltch,Drama,,,53.0
A Lifetime of Love,Drama,,,87.0
Grave Robbers,Drama,,,90.0
Charlie Med,Drama,,,
Kirai illu,Drama,,,
Black Genius: Latimer's Light,Drama,,,45.0
Cielos Abiertos,Drama,,,
The 1PunchDanMovie,Drama,,,80.0
Kismoter Keramoti,Drama,,,
Olorisa,Drama,,,135.0
Akshara,Drama,,,
Pok,Drama,,,109.0
ClayFighter,Drama,,,98.0
Following Her,Drama,,,101.0
Alone at Heart,Drama,,,
Yéin,Drama,,,
Adorable Cupida,Drama,,,
The Caged Bird 2,Drama,,,
The River We Cannot Leave,Drama,,,
Venganza Cumplida El Angel de La Muerte,Drama,,,72.0
Hit a Lick: The Book of Mack,Drama,,,51.0
Second Chance (The fight against cancer),Drama,,,
Dancing with the Shadows,Drama,,,99.0
Toki No Oto,Drama,,,117.0
Tsumi no Toge,Drama,,,91.0
La Batalla de los Ángeles,Drama,,,90.0
Middle of Middle East,Drama,,,76.0
Menya pozhiraet sobstvennaya krovat,Drama,,,72.0
Sindoor Ka Sauda,Drama,,,
The Orchestration of Audrey,Drama,,,64.0
How the Lonely Keep,Drama,,,
Sindella,Drama,,,
"Lejos, Aqui",Drama,,,75.0
Company Sports Day,Drama,,,113.0
Everything Grows in Eden,Drama,8.6,11.0,
No Lastname,Drama,1.0,5.0,87.0
Pora Banshi,Drama,,,143.0
Granite Orpheus,Drama,,,
Monochromatic,Drama,,,
Queens of Dope City,Drama,,,72.0
Blind Prince,Drama,,,
Money Talks,Drama,,,
Mile kobiety,Drama,,,
Tanec s medvedem,Drama,,,110.0
"Hello, My Friend",Drama,,,
Domestic Circus,Drama,,,92.0
Give 'Em Hell Honey: The Final Version,Drama,,,61.0
Shivam Shaivam: The 1989 file Case,Drama,,,127.0
Redeem Street,Drama,,,
Beginnings 3,Drama,,,90.0
Voluntarily Bald,Drama,,,60.0
Justicia Por Propio Mano La Heredera Del Honor,Drama,,,62.0
Swachanthamruthyu,Drama,,,
Bitter Revenge,Drama,,,
Untitled Stripper Project,Drama,,,70.0
De l'ambition au péché,Drama,,,
Kshame Irali Thande,Drama,,,106.0
Influenca: Controlling Crowds,Drama,,,82.0
Beluchi,Drama,,,
Beautiful Chaos,Drama,,,
Lemonpeel,Drama,,,
Escape Inútil,Drama,,,72.0
Mak: Salam Dari Syurga,Drama,,,93.0
Still,Drama,,,
Mr Tunez - FURY,Drama,,,103.0
Boxed,Drama,,,78.0
Point of views,Drama,,,53.0
Olorisa,Drama,,,135.0
Unbroken Faith 2,Drama,,,
The Divine Ideal of Killing,Drama,4.4,18.0,133.0
Father's Sin,Drama,,,
Cosas De Mujeres,Drama,,,
Twisted Fruit,Drama,,,
Neeli,Drama,,,
Wu Yu zhi Ren,Drama,,,116.0
Semi-Famous,Drama,,,
Olorisha,Drama,,,135.0
Yazi Mi Tura Mi?,Drama,,,
"With Love, Hazel",Drama,,,
Odun'baku,Drama,,,63.0
Longing to Belong,Drama,,,
Dyol sette kune,Drama,,,73.0
Ullberg: Wind in the Sails,Drama,,,74.0
Jam Pasir Ajaib,Drama,,,112.0
Wrong Generation,Drama,,,
Amrit: Kaliyug ka Samudra Manthan,Drama,,,51.0
Ahsaas (A Love Story),Drama,,,
Kilanko: The Invincible Child,Drama,,,
Mengapa Aku Di Buli,Drama,,,52.0
It's Always Almost Over,Drama,,,105.0
Nisamehe Baba,Drama,,,
Krishnashtami: the book of dry leaves,Drama,,,
Sr.,Drama,,,87.0
The Bloom After,Drama,,,89.0
KUKA Is Money Cash,Drama,,,133.0
Makkala Sainya,Drama,,,
Fredo Kind of Love,Drama,,,
Bipolar 4,Drama,,,
After the Freeze: Final Cut,Drama,,,59.0
Blind Tiez,Drama,,,
Bir Ayrilik Bir Yoksulluk Bir Ölüm,Drama,,,
Dans L'ombre De L'Aigreur,Drama,,,
The Unbelievable Boyfriend,Drama,,,133.0
The End of the Punchline,Drama,,,72.0
No Perfect Man,Drama,,,65.0
Red Cloud: New Day,Drama,,,81.0
Desacato Sónico,Drama,,,
Un Maldito Lío,Drama,,,99.0
Ishkaboner Bibi,Drama,,,102.0
Pathetic Beauty,Drama,,,77.0
My Sanity,Drama,7.4,114.0,114.0
Hamari Betiyan,Drama,8.6,14.0,145.0
The Faded Footprints,Drama,7.4,11.0,78.0
The Story of Heaven and Hell (The Making of a Ballet),Drama,2.9,50.0,
When the Glass Breaks,Drama,,,110.0
Out of Character,Drama,,,70.0
Filthy Dogs,Drama,,,
Urban Addicts,Drama,,,75.0
Mokshya,Drama,,,
Ukuta wa Chuki,Drama,,,
Pustye mesta,Drama,,,148.0
El Hijo Del Centenario,Drama,,,72.0
Sinclair,Drama,,,
The Virus of Restlessness,Drama,,,
Sarvantharyami,Drama,,,
The Sentence,Drama,,,48.0
Elurra,Drama,,,64.0
Parityag Patrak,Drama,,,82.0
The Moments After,Drama,,,
Mamá está acá,Drama,,,84.0
No Me Dejes Solo,Drama,,,70.0
Kreshika,Drama,,,
Gem Class,Drama,,,
Dakshin Bhartiya Bahu,Drama,,,
The Man from Oghuz: Harvest,Drama,,,55.0
Virgin of the Throne,Drama,,,
Olorisa,Drama,,,135.0
Spark,Drama,,,
Krazy Kadhal,Drama,,,103.0
Notebook,Drama,,,
Bl@Bl@ 6 - A Verdade vindo à tona,Drama,,,
In eterno amore,Drama,,,70.0
Maltepe Hikâyesi,Drama,,,
Die Königin des Schicksals,Drama,,,95.0
Bullet Virumandi,Drama,,,100.0
A Taste of the Holiday,Drama,,,
Owner of a Lonely Heart,Drama,,,50.0
Pair o Deez,Drama,,,
Tlhaho Ya Mosadi,Drama,,,
Trigger: The Rebel of Law,Drama,,,
Abandone a mis Padres,Drama,,,71.0
A Metamorfose,Drama,,,78.0
Hacia lo invisible,Drama,,,65.0
Averno Hotel,Drama,,,
Baba: The Love of Ramadan,Drama,,,
Las Salvajes,Drama,,,55.0
African Bodyguard,Drama,,,
RK Deeksha,Drama,,,123.0
Fem-Ship,Drama,,,
Everything Glamouring,Drama,,,77.0
Reminiscence,Drama,,,
Unforgettable love and promises,Drama,,,71.0
Manushtike Dekho,Drama,,,150.0
Father Forgive Me,Drama,,,51.0
Virage imprévu,Drama,,,
Tethersnipe,Drama,,,180.0
Escape the Internet (Part 1),Drama,,,90.0
Pommalaattam,Drama,,,140.0
Corbin,Drama,,,
Caught Up in the Circle of Life,Drama,,,
How Grace Found Me,Drama,,,113.0
Itansan Oorun (Ray of Sunlight),Drama,,,
Basundhara,Drama,8.5,6.0,87.0
Blokadnye sudby,Drama,6.6,9.0,79.0
The Ethansponge Investigation Part 3,Drama,4.6,10.0,88.0
The Little Blue Book,Drama,,,60.0
El río que somos,Drama,,,
La Historia de Jose Pedraza,Drama,,,78.0
Le fils du ministre,Drama,,,
Runway Ka RajKumar,Drama,,,
The Ram of Iron,Drama,,,60.0
Shut Down 2,Drama,,,91.0
Lulamba,Drama,,,
Estopim,Drama,,,90.0
Thin Line,Drama,,,
Maslow'un lhtiyaçlar Hiyerarsisi,Drama,,,
Maama Wange,Drama,,,
Lehin,Drama,,,94.0
Lost Feathers,Drama,,,
Worry no more,Drama,,,60.0
Bound to Die Trying,Drama,,,48.0
L'héritier silencieux,Drama,,,
"Dead Sea, California",Drama,,,90.0
Aimasiko,Drama,,,110.0
Family Mistress,Drama,,,
Lelaki yang Menyimpan Istri,Drama,,,
IL Re Degli Specchi,Drama,,,
The Void of Miss Haven,Drama,,,120.0
Stay Gold,Drama,,,97.0
Aurora.Newsroom.,Drama,,,
The Little Ring,Drama,,,115.0
Lamha,Drama,,,
The Swing Set Spanish,Drama,,,
"I Happy, I Lover.",Drama,,,97.0
Now Again: Part Two,Drama,,,87.0
Hayatin Sirrina Ermis Kisi,Drama,,,
Lockdown,Drama,,,
The Fuel of Youth,Drama,,,52.0
The Son of Kingpin,Drama,,,
Myth 26,Drama,,,
Hong Shan Dian,Drama,,,
A Rough Sea,Drama,,,
Imani Bounka,Drama,,,
Nini,Drama,,,
A Woman,Drama,,,
Back to Us,Drama,,,
Borro,Drama,,,
Dispensary,Drama,,,
E - Love,Drama,,,
El Claro,Drama,,,64.0
True Pretense,Drama,,,
Efir,Drama,,,
Euro Pop Bubble,Drama,,,
Jævla utlending - jeg elsker deg,Drama,,,100.0
The Shadow of Greed: Oba Cut,Drama,,,124.0
Foto di classe,Drama,,,107.0
No Man's City,Drama,,,95.0
Miss Mukherjee's Springtime,Drama,,,191.0
Unmiley,Drama,,,69.0
Void,Drama,,,125.0
Vasudeva,Drama,,,63.0
Moynar Chor,Drama,,,
E-Laka,Drama,,,
Inborn,Drama,,,
"Ti amo, ti voglio bene, grazie",Drama,,,92.0
Akpoola,Drama,,,120.0
Point of Theft,Drama,,,
The Wonderful Counsellor II,Drama,,,
The Misty Cloud,Drama,,,136.0
Dharmadevatha,Drama,,,
Elite Deception,Drama,,,93.0
Shadow Errand,Drama,,,
La surprise du maire,Drama,,,
The Immigrant's Wife,Drama,,,52.0
Helen - Die Entscheidung,Drama,,,84.0
Lehin,Drama,,,94.0
Richest Love,Drama,,,
Divya,Drama,,,123.0
4 by 4,Drama,,,
Abigail's Tale,Drama,,,
Three Lies Deep: The Movie,Drama,,,54.0
The Argument,Drama,,,
After,Drama,,,
On Defiance,Drama,,,78.0
Cause & Effect,Drama,,,
Bu Li Bu Qi,Drama,,,75.0
Almost Kadhal,Drama,,,103.0
Love is Goodness,Drama,,,
Untitled Football Film,Drama,,,
Dans le viseur du diable,Drama,,,
AM/FM,Drama,,,61.0
Urukundo Niki?,Drama,,,
Bu Qi Er Yu De Wo Men,Drama,,,
Ravi the secret Chef,Drama,,,
A Sin of Silence,Drama,,,
Slaraffenland,Drama,,,90.0
Spare: a Copy with a Human Mind,Drama,,,128.0
Tanto il Finale lo Conosciamo,Drama,,2026.0,48.0
Xiao Dong Tian,Drama,,,
The Billionaires Second Chance Love,Drama,,,
Koti Jeupe,Drama,,,
They Bloom at Dawn,Drama,,,
Jeevandan - The Revival,Drama,,,93.0
Isät meidän,Drama,,,80.0
Un mari toxique,Drama,,,
Undefeated,Drama,,,
Chengeto,Drama,,,65.0
State Vs. Robinson,Drama,,,52.0
Oba Eleto,Drama,,,
Interns with Benefits,Drama,,,
"Game on: 4,000 crore Empire",Drama,,,
Ndozivepi,Drama,,,99.0
Now Again: Part One,Drama,,,55.0
The Day You Found Us,Drama,,,
Corriedale: The Omnibus Edition,Drama,8.6,14.0,85.0
Ember Terakhir,Drama,,,45.0
Waiting for Sarah,Drama,,,156.0
Çocuklugun Ölümü,Drama,,,
The Last Chinese Canadian on Earth,Drama,,,75.0
Climacteric Woman,Drama,,,93.0
Sparkles,Drama,,,
Behind These Walls,Drama,,,
Waisi Wali Auratein,Drama,,,
Demo Tape,Drama,,,
Identity: Temptation,Drama,,,50.0
Triple Deception,Drama,,,46.0
Ajustando Cuentas,Drama,,,78.0
Kyamwilu,Drama,,,
Follow Me to Forever,Drama,,,
The Solitary Spectator,Drama,,,139.0
Catherine,Drama,,,
We finally killed everyone we loved,Drama,,,
Make Tonight Beautiful,Drama,,,53.0
E,Drama,,,81.0
Sublime Gracia,Drama,,,118.0
"Sometime the Wolf, or, the Meanness of the Blue at Dawn",Drama,,,
Chentian,Drama,,,
Saangi,Drama,,,
Serial Fates,Drama,,,50.0
Confined,Drama,,,
The Shine of Darkness,Drama,,,
Fareli Ev,Drama,,,
The Shut Up Fairy,Drama,,,124.0
Öyle Degil,Drama,,,
The Space Theatre: A Picnic Indoors,Drama,,,
Recuerdos Perdidos,Drama,,,
The One Time Story,Drama,,,
Family First,Drama,,,
El Destino lo hizo,Drama,,,107.0
Yang Bertahan,Drama,,,49.0
It's nice to get lost (Fajnie sie zgubic),Drama,,,
Anonymous Destroyers,Drama,,,82.0
Alag Namar,Drama,,,85.0
Armada Drive,Drama,,,86.0
Yang Bertahan,Drama,,,49.0
Toofan ek Nasha,Drama,,,109.0
Garden City,Drama,,,
Concrete Choices,Drama,,,
Dr. Ramu,Drama,,,
Kaalinka Chapter 1,Drama,,,
Tsar Mother,Drama,,,69.0
Repurcussions,Drama,,,91.0
Three Bridges,Drama,,,135.0
Rebecca Horn - Die Seele Der Dinge,Drama,,,90.0
Mar,Drama,,,10.0
Broken Ends,Drama,,,55.0
L'amour n'existe pas,Drama,,,
Sans Toote Par Saath Na Chhoote,Drama,,,131.0
Dharau,Drama,,,
Breaking Through,Drama,,,90.0
Barrio De Acero,Drama,,,60.0
Bad Shuffle,Drama,,,
Devir,Drama,,,
Ponto Cego,Drama,,,
Kairaba,Drama,,,
Pieces to Puzzles,Drama,,,63.0
Trans-Plast-Otany,Drama,,,
O Thandri Katha,Drama,,,140.0
Memories Away,Drama,,,81.0
Mekheelecheen Bulchut,Drama,,,
Ngone Mwaitu,Drama,,,
Kyk My in My Oë,Drama,,,67.0
Tiga Mutiara,Drama,,,57.0
Agent 072 Plan C Det väsentliga,Drama,,,64.0
Brothers and Cousins,Drama,,,
Di Lemon! Di Musical: The True Story of the Man Who Introduced Vanilla to Hollywood,Drama,,,86.0
La Venganza,Drama,,,74.0
Public Enemy,Drama,,,123.0
Bad Market,Drama,,,
Lao Zhou Ye Jing Qing,Drama,,,65.0
Unleashed V8 Revelations,Drama,,,140.0
Raices De Odio,Drama,,,73.0
Ghost of Ueno,Drama,,,
Ganggang,Drama,,,89.0
Hand of God,Drama,,,106.0
Rumah Tanpa Cahaya,Drama,,,102.0
Status: Rejected,Drama,,,90.0
Stella,Drama,,,87.0
Hideaway: The Dossiers,Drama,,,132.0
The Last Convert,Drama,,,62.0
Wang hong lao ba,Drama,,,122.0
Time Stream: A Time Travel Adventure Through Seven Ages of Britain,Drama,,,
